index,competition_name,competition_link,competition_tabindex,discipline_link,Event number,Event,Category,Minimum,Start Time,Total Entries,Total Participants,results_link
0,גביע ארזי הלבנון,comp.asp?compID=454,25,https://loglig.com:2053/LeagueTable/AthleticsDisciplines/9453,1,50m Backstroke,Women 10-99,00:00.00,06/10/2023 10:00:00,15,15,/LeagueTable/AthleticsDisciplineResults/41426?isModal=True
1,גביע ארזי הלבנון,comp.asp?compID=454,25,https://loglig.com:2053/LeagueTable/AthleticsDisciplines/9453,2,50m Backstroke,Men 10-99,00:00.00,06/10/2023 10:04:00,29,29,/LeagueTable/AthleticsDisciplineResults/41422?isModal=True
2,גביע ארזי הלבנון,comp.asp?compID=454,25,https://loglig.com:2053/LeagueTable/AthleticsDisciplines/9453,3,100m Freestyle,Women 12-99,00:00.00,06/10/2023 10:12:00,16,16,/LeagueTable/AthleticsDisciplineResults/41436?isModal=True
3,גביע ארזי הלבנון,comp.asp?compID=454,25,https://loglig.com:2053/LeagueTable/AthleticsDisciplines/9453,4,100m Freestyle,Men 12-99,00:00.00,06/10/2023 10:18:00,30,30,/LeagueTable/AthleticsDisciplineResults/41431?isModal=True
4,גביע ארזי הלבנון,comp.asp?compID=454,25,https://loglig.com:2053/LeagueTable/AthleticsDisciplines/9453,5,50m Butterfly,Women 10-99,00:00.00,06/10/2023 10:30:00,16,16,/LeagueTable/AthleticsDisciplineResults/41429?isModal=True
5,גביע ארזי הלבנון,comp.asp?compID=454,25,https://loglig.com:2053/LeagueTable/AthleticsDisciplines/9453,6,50m Butterfly,Men 10-99,00:00.00,06/10/2023 10:34:00,31,31,/LeagueTable/AthleticsDisciplineResults/41425?isModal=True
6,גביע ארזי הלבנון,comp.asp?compID=454,25,https://loglig.com:2053/LeagueTable/AthleticsDisciplines/9453,7,100m Breaststroke,Women 12-99,00:00.00,06/10/2023 10:42:00,5,5,/LeagueTable/AthleticsDisciplineResults/41437?isModal=True
7,גביע ארזי הלבנון,comp.asp?compID=454,25,https://loglig.com:2053/LeagueTable/AthleticsDisciplines/9453,8,100m Breaststroke,Men 12-99,00:00.00,06/10/2023 10:45:00,13,13,/LeagueTable/AthleticsDisciplineResults/41432?isModal=True
8,גביע ארזי הלבנון,comp.asp?compID=454,25,https://loglig.com:2053/LeagueTable/AthleticsDisciplines/9453,9,100m Backstroke,Women 12-99,00:00.00,06/10/2023 10:51:00,5,5,/LeagueTable/AthleticsDisciplineResults/41435?isModal=True
9,גביע ארזי הלבנון,comp.asp?compID=454,25,https://loglig.com:2053/LeagueTable/AthleticsDisciplines/9453,10,100m Backstroke,Men 12-99,00:00.00,06/10/2023 10:54:00,6,6,/LeagueTable/AthleticsDisciplineResults/41430?isModal=True
10,גביע ארזי הלבנון,comp.asp?compID=454,25,https://loglig.com:2053/LeagueTable/AthleticsDisciplines/9453,11,50m Breaststroke,Women 10-99,00:00.00,06/10/2023 10:57:00,15,15,/LeagueTable/AthleticsDisciplineResults/41428?isModal=True
11,גביע ארזי הלבנון,comp.asp?compID=454,25,https://loglig.com:2053/LeagueTable/AthleticsDisciplines/9453,12,50m Breaststroke,Men 10-99,00:00.00,06/10/2023 11:01:00,33,31,/LeagueTable/AthleticsDisciplineResults/41424?isModal=True
12,גביע ארזי הלבנון,comp.asp?compID=454,25,https://loglig.com:2053/LeagueTable/AthleticsDisciplines/9453,13,100m Butterfly,Women 12-99,00:00.00,06/10/2023 11:11:00,2,2,/LeagueTable/AthleticsDisciplineResults/41439?isModal=True
13,גביע ארזי הלבנון,comp.asp?compID=454,25,https://loglig.com:2053/LeagueTable/AthleticsDisciplines/9453,14,100m Butterfly,Men 12-99,00:00.00,06/10/2023 11:14:00,7,7,/LeagueTable/AthleticsDisciplineResults/41434?isModal=True
14,גביע ארזי הלבנון,comp.asp?compID=454,25,https://loglig.com:2053/LeagueTable/AthleticsDisciplines/9453,15,50m Freestyle,Women 10-99,00:00.00,06/10/2023 11:17:00,28,28,/LeagueTable/AthleticsDisciplineResults/41427?isModal=True
15,גביע ארזי הלבנון,comp.asp?compID=454,25,https://loglig.com:2053/LeagueTable/AthleticsDisciplines/9453,16,50m Freestyle,Men 10-99,00:00.00,06/10/2023 11:23:00,44,44,/LeagueTable/AthleticsDisciplineResults/41423?isModal=True
16,גביע ארזי הלבנון,comp.asp?compID=454,25,https://loglig.com:2053/LeagueTable/AthleticsDisciplines/9453,17,100m Individual Medley,Women 12-99,00:00.00,06/10/2023 11:32:00,13,13,/LeagueTable/AthleticsDisciplineResults/41438?isModal=True
17,גביע ארזי הלבנון,comp.asp?compID=454,25,https://loglig.com:2053/LeagueTable/AthleticsDisciplines/9453,18,100m Individual Medley,Men 12-99,00:00.00,06/10/2023 11:38:00,26,25,/LeagueTable/AthleticsDisciplineResults/41433?isModal=True
18,תחרות אזורית צפון קרית ביאליק 1,comp.asp?compID=456,26,https://loglig.com:2053/LeagueTable/AthleticsDisciplines/9455,1,50m Freestyle,Women 10-99,00:00.00,13/10/2023 14:15:00,10,0,/LeagueTable/AthleticsDisciplineResults/41463?isModal=True
19,תחרות אזורית צפון קרית ביאליק 1,comp.asp?compID=456,26,https://loglig.com:2053/LeagueTable/AthleticsDisciplines/9455,2,50m Freestyle,Men 10-99,00:00.00,,19,0,/LeagueTable/AthleticsDisciplineResults/41467?isModal=True
20,תחרות אזורית צפון קרית ביאליק 1,comp.asp?compID=456,26,https://loglig.com:2053/LeagueTable/AthleticsDisciplines/9455,3,50m Backstroke,Women 10-99,00:00.00,,3,0,/LeagueTable/AthleticsDisciplineResults/41462?isModal=True
21,תחרות אזורית צפון קרית ביאליק 1,comp.asp?compID=456,26,https://loglig.com:2053/LeagueTable/AthleticsDisciplines/9455,4,50m Backstroke,Men 10-99,00:00.00,,6,0,/LeagueTable/AthleticsDisciplineResults/41466?isModal=True
22,תחרות אזורית צפון קרית ביאליק 1,comp.asp?compID=456,26,https://loglig.com:2053/LeagueTable/AthleticsDisciplines/9455,5,100m Individual Medley,Women 10-99,00:00.00,,3,0,/LeagueTable/AthleticsDisciplineResults/41460?isModal=True
23,תחרות אזורית צפון קרית ביאליק 1,comp.asp?compID=456,26,https://loglig.com:2053/LeagueTable/AthleticsDisciplines/9455,6,100m Individual Medley,Men 10-99,00:00.00,,8,0,/LeagueTable/AthleticsDisciplineResults/41464?isModal=True
24,תחרות אזורית צפון קרית ביאליק 1,comp.asp?compID=456,26,https://loglig.com:2053/LeagueTable/AthleticsDisciplines/9455,7,200m Breaststroke,Women 10-99,00:00.00,,4,0,/LeagueTable/AthleticsDisciplineResults/41461?isModal=True
25,תחרות אזורית צפון קרית ביאליק 1,comp.asp?compID=456,26,https://loglig.com:2053/LeagueTable/AthleticsDisciplines/9455,8,200m Breaststroke,Men 10-99,00:00.00,,3,0,/LeagueTable/AthleticsDisciplineResults/41465?isModal=True
26,"תחרות ע""ש גל רודובסקי",comp.asp?compID=460,27,https://loglig.com:2053/LeagueTable/AthleticsDisciplines/9513,1,50m Freestyle,Girls 10-11,00:00.00,13/10/2023 13:30:00,45,0,/LeagueTable/AthleticsDisciplineResults/41585?isModal=True
27,"תחרות ע""ש גל רודובסקי",comp.asp?compID=460,27,https://loglig.com:2053/LeagueTable/AthleticsDisciplines/9513,2,50m Freestyle,Boys 10-12,00:00.00,,97,0,/LeagueTable/AthleticsDisciplineResults/41595?isModal=True
28,"תחרות ע""ש גל רודובסקי",comp.asp?compID=460,27,https://loglig.com:2053/LeagueTable/AthleticsDisciplines/9513,3,50m Freestyle,Girls 12-13,00:00.00,,69,0,/LeagueTable/AthleticsDisciplineResults/41590?isModal=True
29,"תחרות ע""ש גל רודובסקי",comp.asp?compID=460,27,https://loglig.com:2053/LeagueTable/AthleticsDisciplines/9513,4,50m Freestyle,Boys 13-14,00:00.00,,88,0,/LeagueTable/AthleticsDisciplineResults/41600?isModal=True
30,"תחרות ע""ש גל רודובסקי",comp.asp?compID=460,27,https://loglig.com:2053/LeagueTable/AthleticsDisciplines/9513,5,50m Breaststroke,Girls 10-11,00:00.00,,29,0,/LeagueTable/AthleticsDisciplineResults/41586?isModal=True
31,"תחרות ע""ש גל רודובסקי",comp.asp?compID=460,27,https://loglig.com:2053/LeagueTable/AthleticsDisciplines/9513,6,50m Breaststroke,Boys 10-12,00:00.00,,49,0,/LeagueTable/AthleticsDisciplineResults/41596?isModal=True
32,"תחרות ע""ש גל רודובסקי",comp.asp?compID=460,27,https://loglig.com:2053/LeagueTable/AthleticsDisciplines/9513,7,50m Breaststroke,Girls 12-13,00:00.00,,39,0,/LeagueTable/AthleticsDisciplineResults/41591?isModal=True
33,"תחרות ע""ש גל רודובסקי",comp.asp?compID=460,27,https://loglig.com:2053/LeagueTable/AthleticsDisciplines/9513,8,50m Breaststroke,Boys 13-14,00:00.00,,29,0,/LeagueTable/AthleticsDisciplineResults/41601?isModal=True
34,"תחרות ע""ש גל רודובסקי",comp.asp?compID=460,27,https://loglig.com:2053/LeagueTable/AthleticsDisciplines/9513,9,50m Backstroke,Girls 10-11,00:00.00,,33,0,/LeagueTable/AthleticsDisciplineResults/41584?isModal=True
35,"תחרות ע""ש גל רודובסקי",comp.asp?compID=460,27,https://loglig.com:2053/LeagueTable/AthleticsDisciplines/9513,10,50m Backstroke,Boys 10-12,00:00.00,,56,0,/LeagueTable/AthleticsDisciplineResults/41594?isModal=True
36,"תחרות ע""ש גל רודובסקי",comp.asp?compID=460,27,https://loglig.com:2053/LeagueTable/AthleticsDisciplines/9513,11,50m Backstroke,Girls 12-13,00:00.00,,47,0,/LeagueTable/AthleticsDisciplineResults/41589?isModal=True
37,"תחרות ע""ש גל רודובסקי",comp.asp?compID=460,27,https://loglig.com:2053/LeagueTable/AthleticsDisciplines/9513,12,50m Backstroke,Boys 13-14,00:00.00,,51,0,/LeagueTable/AthleticsDisciplineResults/41599?isModal=True
38,"תחרות ע""ש גל רודובסקי",comp.asp?compID=460,27,https://loglig.com:2053/LeagueTable/AthleticsDisciplines/9513,13,50m Butterfly,Girls 10-11,00:00.00,,20,0,/LeagueTable/AthleticsDisciplineResults/41587?isModal=True
39,"תחרות ע""ש גל רודובסקי",comp.asp?compID=460,27,https://loglig.com:2053/LeagueTable/AthleticsDisciplines/9513,14,50m Butterfly,Boys 10-12,00:00.00,,44,0,/LeagueTable/AthleticsDisciplineResults/41597?isModal=True
40,"תחרות ע""ש גל רודובסקי",comp.asp?compID=460,27,https://loglig.com:2053/LeagueTable/AthleticsDisciplines/9513,15,50m Butterfly,Girls 12-13,00:00.00,,38,0,/LeagueTable/AthleticsDisciplineResults/41592?isModal=True
41,"תחרות ע""ש גל רודובסקי",comp.asp?compID=460,27,https://loglig.com:2053/LeagueTable/AthleticsDisciplines/9513,16,50m Butterfly,Boys 13-14,00:00.00,,50,0,/LeagueTable/AthleticsDisciplineResults/41602?isModal=True
42,"תחרות ע""ש גל רודובסקי",comp.asp?compID=460,27,https://loglig.com:2053/LeagueTable/AthleticsDisciplines/9513,17,100m Individual Medley,Girls 10-11,00:00.00,,22,0,/LeagueTable/AthleticsDisciplineResults/41583?isModal=True
43,"תחרות ע""ש גל רודובסקי",comp.asp?compID=460,27,https://loglig.com:2053/LeagueTable/AthleticsDisciplines/9513,18,100m Individual Medley,Boys 10-12,00:00.00,,47,0,/LeagueTable/AthleticsDisciplineResults/41593?isModal=True
44,"תחרות ע""ש גל רודובסקי",comp.asp?compID=460,27,https://loglig.com:2053/LeagueTable/AthleticsDisciplines/9513,19,100m Individual Medley,Girls 12-13,00:00.00,,56,0,/LeagueTable/AthleticsDisciplineResults/41588?isModal=True
45,"תחרות ע""ש גל רודובסקי",comp.asp?compID=460,27,https://loglig.com:2053/LeagueTable/AthleticsDisciplines/9513,20,100m Individual Medley,Boys 13-14,00:00.00,,77,0,/LeagueTable/AthleticsDisciplineResults/41598?isModal=True
46,"תחרות ע""ש גל רודובסקי",comp.asp?compID=460,27,https://loglig.com:2053/LeagueTable/AthleticsDisciplines/9513,21,4X50m Medley Relay,Girls 10-13,00:00.00,,64,0,/LeagueTable/AthleticsDisciplineResults/41603?isModal=True
47,"תחרות ע""ש גל רודובסקי",comp.asp?compID=460,27,https://loglig.com:2053/LeagueTable/AthleticsDisciplines/9513,22,4X50m Medley Relay,Boys 10-14,00:00.00,,92,0,/LeagueTable/AthleticsDisciplineResults/41604?isModal=True
48,"תחרות ע""ש גל רודובסקי",comp.asp?compID=460,27,https://loglig.com:2053/LeagueTable/AthleticsDisciplines/9513,23,100m Butterfly,Girls 14-15,00:00.00,14/10/2023 09:00:00,16,0,/LeagueTable/AthleticsDisciplineResults/41607?isModal=True
49,"תחרות ע""ש גל רודובסקי",comp.asp?compID=460,27,https://loglig.com:2053/LeagueTable/AthleticsDisciplines/9513,24,100m Butterfly,Boys 15-16,00:00.00,,29,0,/LeagueTable/AthleticsDisciplineResults/41612?isModal=True
50,"תחרות ע""ש גל רודובסקי",comp.asp?compID=460,27,https://loglig.com:2053/LeagueTable/AthleticsDisciplines/9513,25,100m Butterfly,Women 16-99,00:00.00,,14,0,/LeagueTable/AthleticsDisciplineResults/41622?isModal=True
51,"תחרות ע""ש גל רודובסקי",comp.asp?compID=460,27,https://loglig.com:2053/LeagueTable/AthleticsDisciplines/9513,26,100m Butterfly,,00:00.00,,28,0,/LeagueTable/AthleticsDisciplineResults/41617?isModal=True
52,"תחרות ע""ש גל רודובסקי",comp.asp?compID=460,27,https://loglig.com:2053/LeagueTable/AthleticsDisciplines/9513,27,50m Backstroke,Girls 14-15,00:00.00,,21,0,/LeagueTable/AthleticsDisciplineResults/41608?isModal=True
53,"תחרות ע""ש גל רודובסקי",comp.asp?compID=460,27,https://loglig.com:2053/LeagueTable/AthleticsDisciplines/9513,28,50m Backstroke,Boys 15-16,00:00.00,,28,0,/LeagueTable/AthleticsDisciplineResults/41613?isModal=True
54,"תחרות ע""ש גל רודובסקי",comp.asp?compID=460,27,https://loglig.com:2053/LeagueTable/AthleticsDisciplines/9513,29,50m Backstroke,Women 16-99,00:00.00,,17,0,/LeagueTable/AthleticsDisciplineResults/41623?isModal=True
55,"תחרות ע""ש גל רודובסקי",comp.asp?compID=460,27,https://loglig.com:2053/LeagueTable/AthleticsDisciplines/9513,30,50m Backstroke,,00:00.00,,20,0,/LeagueTable/AthleticsDisciplineResults/41618?isModal=True
56,"תחרות ע""ש גל רודובסקי",comp.asp?compID=460,27,https://loglig.com:2053/LeagueTable/AthleticsDisciplines/9513,31,100m Breaststroke,Girls 14-15,00:00.00,,22,0,/LeagueTable/AthleticsDisciplineResults/41605?isModal=True
57,"תחרות ע""ש גל רודובסקי",comp.asp?compID=460,27,https://loglig.com:2053/LeagueTable/AthleticsDisciplines/9513,32,100m Breaststroke,Boys 15-16,00:00.00,,26,0,/LeagueTable/AthleticsDisciplineResults/41610?isModal=True
58,"תחרות ע""ש גל רודובסקי",comp.asp?compID=460,27,https://loglig.com:2053/LeagueTable/AthleticsDisciplines/9513,33,100m Breaststroke,Women 16-99,00:00.00,,14,0,/LeagueTable/AthleticsDisciplineResults/41620?isModal=True
59,"תחרות ע""ש גל רודובסקי",comp.asp?compID=460,27,https://loglig.com:2053/LeagueTable/AthleticsDisciplines/9513,34,100m Breaststroke,,00:00.00,,16,0,/LeagueTable/AthleticsDisciplineResults/41615?isModal=True
60,"תחרות ע""ש גל רודובסקי",comp.asp?compID=460,27,https://loglig.com:2053/LeagueTable/AthleticsDisciplines/9513,35,50m Freestyle,Girls 14-15,00:00.00,,39,0,/LeagueTable/AthleticsDisciplineResults/41609?isModal=True
61,"תחרות ע""ש גל רודובסקי",comp.asp?compID=460,27,https://loglig.com:2053/LeagueTable/AthleticsDisciplines/9513,36,50m Freestyle,Boys 15-16,00:00.00,,60,0,/LeagueTable/AthleticsDisciplineResults/41614?isModal=True
62,"תחרות ע""ש גל רודובסקי",comp.asp?compID=460,27,https://loglig.com:2053/LeagueTable/AthleticsDisciplines/9513,37,50m Freestyle,Women 16-99,00:00.00,,34,0,/LeagueTable/AthleticsDisciplineResults/41624?isModal=True
63,"תחרות ע""ש גל רודובסקי",comp.asp?compID=460,27,https://loglig.com:2053/LeagueTable/AthleticsDisciplines/9513,38,50m Freestyle,,00:00.00,,38,0,/LeagueTable/AthleticsDisciplineResults/41619?isModal=True
64,"תחרות ע""ש גל רודובסקי",comp.asp?compID=460,27,https://loglig.com:2053/LeagueTable/AthleticsDisciplines/9513,39,100m Individual Medley,Girls 14-15,00:00.00,,40,0,/LeagueTable/AthleticsDisciplineResults/41606?isModal=True
65,"תחרות ע""ש גל רודובסקי",comp.asp?compID=460,27,https://loglig.com:2053/LeagueTable/AthleticsDisciplines/9513,40,100m Individual Medley,Boys 15-16,00:00.00,,45,0,/LeagueTable/AthleticsDisciplineResults/41611?isModal=True
66,"תחרות ע""ש גל רודובסקי",comp.asp?compID=460,27,https://loglig.com:2053/LeagueTable/AthleticsDisciplines/9513,41,100m Individual Medley,Women 16-99,00:00.00,,20,0,/LeagueTable/AthleticsDisciplineResults/41621?isModal=True
67,"תחרות ע""ש גל רודובסקי",comp.asp?compID=460,27,https://loglig.com:2053/LeagueTable/AthleticsDisciplines/9513,42,100m Individual Medley,,00:00.00,,41,0,/LeagueTable/AthleticsDisciplineResults/41616?isModal=True
68,"תחרות ע""ש גל רודובסקי",comp.asp?compID=460,27,https://loglig.com:2053/LeagueTable/AthleticsDisciplines/9513,43,4X50m Freestyle Relay,Women 14-99,00:00.00,,46,0,/LeagueTable/AthleticsDisciplineResults/41626?isModal=True
69,"תחרות ע""ש גל רודובסקי",comp.asp?compID=460,27,https://loglig.com:2053/LeagueTable/AthleticsDisciplines/9513,44,4X50m Freestyle Relay,Men 15-99,00:00.00,,60,0,/LeagueTable/AthleticsDisciplineResults/41625?isModal=True
70,"תחרות ע""ש גל רודובסקי",comp.asp?compID=460,27,https://loglig.com:2053/LeagueTable/AthleticsDisciplines/9513,45,50m Butterfly,Girls 14-15,00:00.00,14/10/2023 13:30:00,21,0,/LeagueTable/AthleticsDisciplineResults/41630?isModal=True
71,"תחרות ע""ש גל רודובסקי",comp.asp?compID=460,27,https://loglig.com:2053/LeagueTable/AthleticsDisciplines/9513,46,50m Butterfly,Boys 15-16,00:00.00,,28,0,/LeagueTable/AthleticsDisciplineResults/41634?isModal=True
72,"תחרות ע""ש גל רודובסקי",comp.asp?compID=460,27,https://loglig.com:2053/LeagueTable/AthleticsDisciplines/9513,47,50m Butterfly,Women 16-99,00:00.00,,24,0,/LeagueTable/AthleticsDisciplineResults/41642?isModal=True
73,"תחרות ע""ש גל רודובסקי",comp.asp?compID=460,27,https://loglig.com:2053/LeagueTable/AthleticsDisciplines/9513,48,50m Butterfly,,00:00.00,,35,0,/LeagueTable/AthleticsDisciplineResults/41638?isModal=True
74,"תחרות ע""ש גל רודובסקי",comp.asp?compID=460,27,https://loglig.com:2053/LeagueTable/AthleticsDisciplines/9513,49,100m Backstroke,Girls 14-15,00:00.00,,16,0,/LeagueTable/AthleticsDisciplineResults/41627?isModal=True
75,"תחרות ע""ש גל רודובסקי",comp.asp?compID=460,27,https://loglig.com:2053/LeagueTable/AthleticsDisciplines/9513,50,100m Backstroke,Boys 15-16,00:00.00,,20,0,/LeagueTable/AthleticsDisciplineResults/41631?isModal=True
76,"תחרות ע""ש גל רודובסקי",comp.asp?compID=460,27,https://loglig.com:2053/LeagueTable/AthleticsDisciplines/9513,51,100m Backstroke,Women 16-99,00:00.00,,12,0,/LeagueTable/AthleticsDisciplineResults/41639?isModal=True
77,"תחרות ע""ש גל רודובסקי",comp.asp?compID=460,27,https://loglig.com:2053/LeagueTable/AthleticsDisciplines/9513,52,100m Backstroke,,00:00.00,,17,0,/LeagueTable/AthleticsDisciplineResults/41635?isModal=True
78,"תחרות ע""ש גל רודובסקי",comp.asp?compID=460,27,https://loglig.com:2053/LeagueTable/AthleticsDisciplines/9513,53,50m Breaststroke,Girls 14-15,00:00.00,,13,0,/LeagueTable/AthleticsDisciplineResults/41629?isModal=True
79,"תחרות ע""ש גל רודובסקי",comp.asp?compID=460,27,https://loglig.com:2053/LeagueTable/AthleticsDisciplines/9513,54,50m Breaststroke,Boys 15-16,00:00.00,,14,0,/LeagueTable/AthleticsDisciplineResults/41633?isModal=True
80,"תחרות ע""ש גל רודובסקי",comp.asp?compID=460,27,https://loglig.com:2053/LeagueTable/AthleticsDisciplines/9513,55,50m Breaststroke,Women 16-99,00:00.00,,17,0,/LeagueTable/AthleticsDisciplineResults/41641?isModal=True
81,"תחרות ע""ש גל רודובסקי",comp.asp?compID=460,27,https://loglig.com:2053/LeagueTable/AthleticsDisciplines/9513,56,50m Breaststroke,,00:00.00,,19,0,/LeagueTable/AthleticsDisciplineResults/41637?isModal=True
82,"תחרות ע""ש גל רודובסקי",comp.asp?compID=460,27,https://loglig.com:2053/LeagueTable/AthleticsDisciplines/9513,57,100m Freestyle,Girls 14-15,00:00.00,,34,0,/LeagueTable/AthleticsDisciplineResults/41628?isModal=True
83,"תחרות ע""ש גל רודובסקי",comp.asp?compID=460,27,https://loglig.com:2053/LeagueTable/AthleticsDisciplines/9513,58,100m Freestyle,Boys 15-16,00:00.00,,40,0,/LeagueTable/AthleticsDisciplineResults/41632?isModal=True
84,"תחרות ע""ש גל רודובסקי",comp.asp?compID=460,27,https://loglig.com:2053/LeagueTable/AthleticsDisciplines/9513,59,100m Freestyle,Women 16-99,00:00.00,,32,0,/LeagueTable/AthleticsDisciplineResults/41640?isModal=True
85,"תחרות ע""ש גל רודובסקי",comp.asp?compID=460,27,https://loglig.com:2053/LeagueTable/AthleticsDisciplines/9513,60,100m Freestyle,,00:00.00,,33,0,/LeagueTable/AthleticsDisciplineResults/41636?isModal=True
86,"תחרות ע""ש גל רודובסקי",comp.asp?compID=460,27,https://loglig.com:2053/LeagueTable/AthleticsDisciplines/9513,61,4X50m Medley Relay,Mix 14-99,00:00.00,,50,0,/LeagueTable/AthleticsDisciplineResults/41643?isModal=True
87,תחרות אזורית שוהם 1,comp.asp?compID=455,28,https://loglig.com:2053/LeagueTable/AthleticsDisciplines/9454,1,50m Freestyle,Women 10-99,00:00.00,20/10/2023 13:35:00,6,0,/LeagueTable/AthleticsDisciplineResults/41458?isModal=True
88,תחרות אזורית שוהם 1,comp.asp?compID=455,28,https://loglig.com:2053/LeagueTable/AthleticsDisciplines/9454,2,50m Freestyle,Men 10-99,00:00.00,,6,0,/LeagueTable/AthleticsDisciplineResults/41448?isModal=True
89,תחרות אזורית שוהם 1,comp.asp?compID=455,28,https://loglig.com:2053/LeagueTable/AthleticsDisciplines/9454,3,50m Breaststroke,Women 10-99,00:00.00,,2,0,/LeagueTable/AthleticsDisciplineResults/41459?isModal=True
90,תחרות אזורית שוהם 1,comp.asp?compID=455,28,https://loglig.com:2053/LeagueTable/AthleticsDisciplines/9454,4,50m Breaststroke,Men 10-99,00:00.00,,1,0,/LeagueTable/AthleticsDisciplineResults/41449?isModal=True
91,תחרות אזורית שוהם 1,comp.asp?compID=455,28,https://loglig.com:2053/LeagueTable/AthleticsDisciplines/9454,5,200m Freestyle,Women 10-99,03:10.00,,8,0,/LeagueTable/AthleticsDisciplineResults/41455?isModal=True
92,תחרות אזורית שוהם 1,comp.asp?compID=455,28,https://loglig.com:2053/LeagueTable/AthleticsDisciplines/9454,6,200m Freestyle,Men 10-99,03:10.00,,12,0,/LeagueTable/AthleticsDisciplineResults/41445?isModal=True
93,תחרות אזורית שוהם 1,comp.asp?compID=455,28,https://loglig.com:2053/LeagueTable/AthleticsDisciplines/9454,7,100m Freestyle,Women 10-99,00:00.00,,8,0,/LeagueTable/AthleticsDisciplineResults/41451?isModal=True
94,תחרות אזורית שוהם 1,comp.asp?compID=455,28,https://loglig.com:2053/LeagueTable/AthleticsDisciplines/9454,8,100m Freestyle,Men 10-99,00:00.00,,7,0,/LeagueTable/AthleticsDisciplineResults/41441?isModal=True
95,תחרות אזורית שוהם 1,comp.asp?compID=455,28,https://loglig.com:2053/LeagueTable/AthleticsDisciplines/9454,9,100m Butterfly,Women 10-99,00:00.00,,3,0,/LeagueTable/AthleticsDisciplineResults/41453?isModal=True
96,תחרות אזורית שוהם 1,comp.asp?compID=455,28,https://loglig.com:2053/LeagueTable/AthleticsDisciplines/9454,10,100m Butterfly,Men 10-99,00:00.00,,8,0,/LeagueTable/AthleticsDisciplineResults/41443?isModal=True
97,תחרות אזורית שוהם 1,comp.asp?compID=455,28,https://loglig.com:2053/LeagueTable/AthleticsDisciplines/9454,11,100m Breaststroke,Women 10-99,00:00.00,,6,0,/LeagueTable/AthleticsDisciplineResults/41452?isModal=True
98,תחרות אזורית שוהם 1,comp.asp?compID=455,28,https://loglig.com:2053/LeagueTable/AthleticsDisciplines/9454,12,100m Breaststroke,Men 10-99,00:00.00,,8,0,/LeagueTable/AthleticsDisciplineResults/41442?isModal=True
99,תחרות אזורית שוהם 1,comp.asp?compID=455,28,https://loglig.com:2053/LeagueTable/AthleticsDisciplines/9454,13,100m Backstroke,Women 10-99,00:00.00,,7,0,/LeagueTable/AthleticsDisciplineResults/41450?isModal=True
100,תחרות אזורית שוהם 1,comp.asp?compID=455,28,https://loglig.com:2053/LeagueTable/AthleticsDisciplines/9454,14,100m Backstroke,Men 10-99,00:00.00,,8,0,/LeagueTable/AthleticsDisciplineResults/41440?isModal=True
101,תחרות אזורית שוהם 1,comp.asp?compID=455,28,https://loglig.com:2053/LeagueTable/AthleticsDisciplines/9454,15,200m Backstroke,Women 10-99,03:20.00,,2,0,/LeagueTable/AthleticsDisciplineResults/41454?isModal=True
102,תחרות אזורית שוהם 1,comp.asp?compID=455,28,https://loglig.com:2053/LeagueTable/AthleticsDisciplines/9454,16,200m Backstroke,Men 10-99,03:20.00,,4,0,/LeagueTable/AthleticsDisciplineResults/41444?isModal=True
103,תחרות אזורית שוהם 1,comp.asp?compID=455,28,https://loglig.com:2053/LeagueTable/AthleticsDisciplines/9454,17,200m Individual Medley,Women 10-99,03:20.00,,6,0,/LeagueTable/AthleticsDisciplineResults/41456?isModal=True
104,תחרות אזורית שוהם 1,comp.asp?compID=455,28,https://loglig.com:2053/LeagueTable/AthleticsDisciplines/9454,18,200m Individual Medley,Men 10-99,03:20.00,,10,0,/LeagueTable/AthleticsDisciplineResults/41446?isModal=True
105,ליגה אזורית דרום 1,comp.asp?compID=458,29,https://loglig.com:2053/LeagueTable/AthleticsDisciplines/9463,1,50m Backstroke,Girls 10-11,00:00.00,,1,0,/LeagueTable/AthleticsDisciplineResults/41664?isModal=True
106,ליגה אזורית דרום 1,comp.asp?compID=458,29,https://loglig.com:2053/LeagueTable/AthleticsDisciplines/9463,2,50m Backstroke,Boys 10-11,00:00.00,,9,0,/LeagueTable/AthleticsDisciplineResults/41667?isModal=True
107,ליגה אזורית דרום 1,comp.asp?compID=458,29,https://loglig.com:2053/LeagueTable/AthleticsDisciplines/9463,3,100m Individual Medley,Girls 12-13,00:00.00,,5,0,/LeagueTable/AthleticsDisciplineResults/41669?isModal=True
108,ליגה אזורית דרום 1,comp.asp?compID=458,29,https://loglig.com:2053/LeagueTable/AthleticsDisciplines/9463,4,100m Individual Medley,Boys 12-14,00:00.00,,17,0,/LeagueTable/AthleticsDisciplineResults/41672?isModal=True
109,ליגה אזורית דרום 1,comp.asp?compID=458,29,https://loglig.com:2053/LeagueTable/AthleticsDisciplines/9463,5,100m Breaststroke,Girls 10-11,00:00.00,,4,0,/LeagueTable/AthleticsDisciplineResults/41663?isModal=True
110,ליגה אזורית דרום 1,comp.asp?compID=458,29,https://loglig.com:2053/LeagueTable/AthleticsDisciplines/9463,6,100m Breaststroke,Boys 10-11,00:00.00,,3,0,/LeagueTable/AthleticsDisciplineResults/41666?isModal=True
111,ליגה אזורית דרום 1,comp.asp?compID=458,29,https://loglig.com:2053/LeagueTable/AthleticsDisciplines/9463,7,50m Freestyle,Girls 12-13,00:00.00,,8,0,/LeagueTable/AthleticsDisciplineResults/41670?isModal=True
112,ליגה אזורית דרום 1,comp.asp?compID=458,29,https://loglig.com:2053/LeagueTable/AthleticsDisciplines/9463,8,50m Freestyle,Boys 12-14,00:00.00,,16,0,/LeagueTable/AthleticsDisciplineResults/41673?isModal=True
113,ליגה אזורית דרום 1,comp.asp?compID=458,29,https://loglig.com:2053/LeagueTable/AthleticsDisciplines/9463,9,100m Freestyle,Girls 10-11,00:00.00,,5,0,/LeagueTable/AthleticsDisciplineResults/41662?isModal=True
114,ליגה אזורית דרום 1,comp.asp?compID=458,29,https://loglig.com:2053/LeagueTable/AthleticsDisciplines/9463,10,100m Freestyle,Boys 10-11,00:00.00,,10,0,/LeagueTable/AthleticsDisciplineResults/41665?isModal=True
115,ליגה אזורית דרום 1,comp.asp?compID=458,29,https://loglig.com:2053/LeagueTable/AthleticsDisciplines/9463,11,100m Backstroke,Girls 12-13,00:00.00,,6,0,/LeagueTable/AthleticsDisciplineResults/41668?isModal=True
116,ליגה אזורית דרום 1,comp.asp?compID=458,29,https://loglig.com:2053/LeagueTable/AthleticsDisciplines/9463,12,100m Backstroke,Boys 12-14,00:00.00,,14,0,/LeagueTable/AthleticsDisciplineResults/41671?isModal=True
117,"ליגה אזורית ימק""א 1",comp.asp?compID=459,30,https://loglig.com:2053/LeagueTable/AthleticsDisciplines/9464,1,50m Freestyle,Women 26-99,00:00.00,20/10/2023 13:30:00,0,0,/LeagueTable/AthleticsDisciplineResults/41555?isModal=True
118,"ליגה אזורית ימק""א 1",comp.asp?compID=459,30,https://loglig.com:2053/LeagueTable/AthleticsDisciplines/9464,2,50m Freestyle,Man 26-99,00:00.00,,0,0,/LeagueTable/AthleticsDisciplineResults/41553?isModal=True
119,"ליגה אזורית ימק""א 1",comp.asp?compID=459,30,https://loglig.com:2053/LeagueTable/AthleticsDisciplines/9464,3,50m Freestyle,,00:00.00,,0,0,/LeagueTable/AthleticsDisciplineResults/41554?isModal=True
120,"ליגה אזורית ימק""א 1",comp.asp?compID=459,30,https://loglig.com:2053/LeagueTable/AthleticsDisciplines/9464,4,50m Freestyle,,00:00.00,,0,0,/LeagueTable/AthleticsDisciplineResults/41556?isModal=True
121,"ליגה אזורית ימק""א 1",comp.asp?compID=459,30,https://loglig.com:2053/LeagueTable/AthleticsDisciplines/9464,5,50m Breaststroke,Women 10-99,00:00.00,,0,0,/LeagueTable/AthleticsDisciplineResults/41563?isModal=True
122,"ליגה אזורית ימק""א 1",comp.asp?compID=459,30,https://loglig.com:2053/LeagueTable/AthleticsDisciplines/9464,6,50m Breaststroke,Men 10-99,00:00.00,,0,0,/LeagueTable/AthleticsDisciplineResults/41559?isModal=True
123,"ליגה אזורית ימק""א 1",comp.asp?compID=459,30,https://loglig.com:2053/LeagueTable/AthleticsDisciplines/9464,7,50m Backstroke,Women 10-99,00:00.00,,0,0,/LeagueTable/AthleticsDisciplineResults/41562?isModal=True
124,"ליגה אזורית ימק""א 1",comp.asp?compID=459,30,https://loglig.com:2053/LeagueTable/AthleticsDisciplines/9464,8,50m Backstroke,Men 10-99,00:00.00,,0,0,/LeagueTable/AthleticsDisciplineResults/41558?isModal=True
125,"ליגה אזורית ימק""א 1",comp.asp?compID=459,30,https://loglig.com:2053/LeagueTable/AthleticsDisciplines/9464,9,50m Butterfly,Women 10-99,00:00.00,,0,0,/LeagueTable/AthleticsDisciplineResults/41564?isModal=True
126,"ליגה אזורית ימק""א 1",comp.asp?compID=459,30,https://loglig.com:2053/LeagueTable/AthleticsDisciplines/9464,10,50m Butterfly,Men 10-99,00:00.00,,0,0,/LeagueTable/AthleticsDisciplineResults/41560?isModal=True
127,"ליגה אזורית ימק""א 1",comp.asp?compID=459,30,https://loglig.com:2053/LeagueTable/AthleticsDisciplines/9464,11,100m Individual Medley,Women 10-99,00:00.00,,0,0,/LeagueTable/AthleticsDisciplineResults/41561?isModal=True
128,"ליגה אזורית ימק""א 1",comp.asp?compID=459,30,https://loglig.com:2053/LeagueTable/AthleticsDisciplines/9464,12,100m Individual Medley,Men 10-99,00:00.00,,0,0,/LeagueTable/AthleticsDisciplineResults/41557?isModal=True
129,קרב רב מחוז דרום,comp.asp?compID=461,31,https://loglig.com:2053/LeagueTable/AthleticsDisciplines/9521,1,50m Butterfly,Girls 13,00:00.00,04/11/2023 15:00:00,0,0,/LeagueTable/AthleticsDisciplineResults/41702?isModal=True
130,קרב רב מחוז דרום,comp.asp?compID=461,31,https://loglig.com:2053/LeagueTable/AthleticsDisciplines/9521,2,50m Butterfly,Boys 14,00:00.00,,0,0,/LeagueTable/AthleticsDisciplineResults/41707?isModal=True
131,קרב רב מחוז דרום,comp.asp?compID=461,31,https://loglig.com:2053/LeagueTable/AthleticsDisciplines/9521,3,50m Backstroke,Girls 13,00:00.00,,0,0,/LeagueTable/AthleticsDisciplineResults/41699?isModal=True
132,קרב רב מחוז דרום,comp.asp?compID=461,31,https://loglig.com:2053/LeagueTable/AthleticsDisciplines/9521,4,50m Backstroke,Boys 14,00:00.00,,0,0,/LeagueTable/AthleticsDisciplineResults/41704?isModal=True
133,קרב רב מחוז דרום,comp.asp?compID=461,31,https://loglig.com:2053/LeagueTable/AthleticsDisciplines/9521,5,50m Breaststroke,Girls 13,00:00.00,,0,0,/LeagueTable/AthleticsDisciplineResults/41701?isModal=True
134,קרב רב מחוז דרום,comp.asp?compID=461,31,https://loglig.com:2053/LeagueTable/AthleticsDisciplines/9521,6,50m Breaststroke,Boys 14,00:00.00,,0,0,/LeagueTable/AthleticsDisciplineResults/41706?isModal=True
135,קרב רב מחוז דרום,comp.asp?compID=461,31,https://loglig.com:2053/LeagueTable/AthleticsDisciplines/9521,7,50m Freestyle,Girls 13,00:00.00,,0,0,/LeagueTable/AthleticsDisciplineResults/41700?isModal=True
136,קרב רב מחוז דרום,comp.asp?compID=461,31,https://loglig.com:2053/LeagueTable/AthleticsDisciplines/9521,8,50m Freestyle,Boys 14,00:00.00,,0,0,/LeagueTable/AthleticsDisciplineResults/41705?isModal=True
137,קרב רב מחוז דרום,comp.asp?compID=461,31,https://loglig.com:2053/LeagueTable/AthleticsDisciplines/9521,9,100m Individual Medley,Girls 13,00:00.00,,0,0,/LeagueTable/AthleticsDisciplineResults/41698?isModal=True
138,קרב רב מחוז דרום,comp.asp?compID=461,31,https://loglig.com:2053/LeagueTable/AthleticsDisciplines/9521,10,100m Individual Medley,Boys 14,00:00.00,,0,0,/LeagueTable/AthleticsDisciplineResults/41703?isModal=True
139,תחרות אזורית צפון והעמקים 1,comp.asp?compID=457,32,https://loglig.com:2053/LeagueTable/AthleticsDisciplines/9456,1,200m Freestyle,Women 9-99,00:00.00,17/11/2023 09:00:00,1,0,/LeagueTable/AthleticsDisciplineResults/41475?isModal=True
140,תחרות אזורית צפון והעמקים 1,comp.asp?compID=457,32,https://loglig.com:2053/LeagueTable/AthleticsDisciplines/9456,2,200m Freestyle,Men 9-99,00:00.00,,8,0,/LeagueTable/AthleticsDisciplineResults/41471?isModal=True
141,תחרות אזורית צפון והעמקים 1,comp.asp?compID=457,32,https://loglig.com:2053/LeagueTable/AthleticsDisciplines/9456,3,100m Breaststroke,Women 9-99,00:00.00,,5,0,/LeagueTable/AthleticsDisciplineResults/41472?isModal=True
142,תחרות אזורית צפון והעמקים 1,comp.asp?compID=457,32,https://loglig.com:2053/LeagueTable/AthleticsDisciplines/9456,4,100m Breaststroke,Men 9-99,00:00.00,,1,0,/LeagueTable/AthleticsDisciplineResults/41468?isModal=True
143,תחרות אזורית צפון והעמקים 1,comp.asp?compID=457,32,https://loglig.com:2053/LeagueTable/AthleticsDisciplines/9456,5,100m Backstroke,Women 9-99,00:00.00,,4,0,/LeagueTable/AthleticsDisciplineResults/41474?isModal=True
144,תחרות אזורית צפון והעמקים 1,comp.asp?compID=457,32,https://loglig.com:2053/LeagueTable/AthleticsDisciplines/9456,6,100m Backstroke,Men 9-99,00:00.00,,6,0,/LeagueTable/AthleticsDisciplineResults/41470?isModal=True
145,תחרות אזורית צפון והעמקים 1,comp.asp?compID=457,32,https://loglig.com:2053/LeagueTable/AthleticsDisciplines/9456,7,50m Butterfly,Women 9-99,00:00.00,,2,0,/LeagueTable/AthleticsDisciplineResults/41473?isModal=True
146,תחרות אזורית צפון והעמקים 1,comp.asp?compID=457,32,https://loglig.com:2053/LeagueTable/AthleticsDisciplines/9456,8,50m Butterfly,Men 9-99,00:00.00,,3,0,/LeagueTable/AthleticsDisciplineResults/41469?isModal=True
147,"תחרות ""ההזדמנות האחרונה"" 2023",comp.asp?compID=488,35,https://loglig.com:2053/LeagueTable/AthleticsDisciplines/9816,1,400m Freestyle,Women 14-99,05:05.00,22/12/2023 09:00:00,23,23,/LeagueTable/AthleticsDisciplineResults/42946?isModal=True
148,"תחרות ""ההזדמנות האחרונה"" 2023",comp.asp?compID=488,35,https://loglig.com:2053/LeagueTable/AthleticsDisciplines/9816,2,400m Freestyle,Men 14-99,04:45.00,22/12/2023 09:18:00,33,32,/LeagueTable/AthleticsDisciplineResults/42935?isModal=True
149,"תחרות ""ההזדמנות האחרונה"" 2023",comp.asp?compID=488,35,https://loglig.com:2053/LeagueTable/AthleticsDisciplines/9816,3,100m Butterfly,Women 14-99,00:00.00,22/12/2023 09:42:00,51,51,/LeagueTable/AthleticsDisciplineResults/42942?isModal=True
150,"תחרות ""ההזדמנות האחרונה"" 2023",comp.asp?compID=488,35,https://loglig.com:2053/LeagueTable/AthleticsDisciplines/9816,4,100m Butterfly,Men 14-99,00:00.00,22/12/2023 09:57:00,94,92,/LeagueTable/AthleticsDisciplineResults/42931?isModal=True
151,"תחרות ""ההזדמנות האחרונה"" 2023",comp.asp?compID=488,35,https://loglig.com:2053/LeagueTable/AthleticsDisciplines/9816,5,200m Backstroke,Women 14-99,00:00.00,22/12/2023 10:17:00,23,23,/LeagueTable/AthleticsDisciplineResults/42943?isModal=True
152,"תחרות ""ההזדמנות האחרונה"" 2023",comp.asp?compID=488,35,https://loglig.com:2053/LeagueTable/AthleticsDisciplines/9816,6,200m Backstroke,Men 14-99,00:00.00,22/12/2023 10:27:30,61,61,/LeagueTable/AthleticsDisciplineResults/42932?isModal=True
153,"תחרות ""ההזדמנות האחרונה"" 2023",comp.asp?compID=488,35,https://loglig.com:2053/LeagueTable/AthleticsDisciplines/9816,7,100m Breaststroke,Women 14-99,00:00.00,22/12/2023 10:52:00,38,36,/LeagueTable/AthleticsDisciplineResults/42941?isModal=True
154,"תחרות ""ההזדמנות האחרונה"" 2023",comp.asp?compID=488,35,https://loglig.com:2053/LeagueTable/AthleticsDisciplines/9816,8,100m Breaststroke,Men 14-99,00:00.00,22/12/2023 11:02:00,70,66,/LeagueTable/AthleticsDisciplineResults/42930?isModal=True
155,"תחרות ""ההזדמנות האחרונה"" 2023",comp.asp?compID=488,35,https://loglig.com:2053/LeagueTable/AthleticsDisciplines/9816,9,50m Freestyle,Women 14-99,00:00.00,22/12/2023 11:19:30,69,68,/LeagueTable/AthleticsDisciplineResults/42947?isModal=True
156,"תחרות ""ההזדמנות האחרונה"" 2023",comp.asp?compID=488,35,https://loglig.com:2053/LeagueTable/AthleticsDisciplines/9816,10,50m Freestyle,Men 14-99,00:00.00,22/12/2023 11:30:00,187,179,/LeagueTable/AthleticsDisciplineResults/42936?isModal=True
157,"תחרות ""ההזדמנות האחרונה"" 2023",comp.asp?compID=488,35,https://loglig.com:2053/LeagueTable/AthleticsDisciplines/9816,11,200m Breaststroke,Women 14-99,00:00.00,22/12/2023 14:00:00,17,17,/LeagueTable/AthleticsDisciplineResults/42944?isModal=True
158,"תחרות ""ההזדמנות האחרונה"" 2023",comp.asp?compID=488,35,https://loglig.com:2053/LeagueTable/AthleticsDisciplines/9816,12,200m Breaststroke,Men 14-99,00:00.00,22/12/2023 14:07:00,40,39,/LeagueTable/AthleticsDisciplineResults/42933?isModal=True
159,"תחרות ""ההזדמנות האחרונה"" 2023",comp.asp?compID=488,35,https://loglig.com:2053/LeagueTable/AthleticsDisciplines/9816,13,200m Individual Medley,Women 14-99,00:00.00,22/12/2023 14:21:00,33,33,/LeagueTable/AthleticsDisciplineResults/42945?isModal=True
160,"תחרות ""ההזדמנות האחרונה"" 2023",comp.asp?compID=488,35,https://loglig.com:2053/LeagueTable/AthleticsDisciplines/9816,14,200m Individual Medley,Men 14-99,00:00.00,22/12/2023 14:35:00,78,75,/LeagueTable/AthleticsDisciplineResults/42934?isModal=True
161,"תחרות ""ההזדמנות האחרונה"" 2023",comp.asp?compID=488,35,https://loglig.com:2053/LeagueTable/AthleticsDisciplines/9816,15,50m Butterfly,Women 14-99,00:00.00,22/12/2023 15:03:00,37,36,/LeagueTable/AthleticsDisciplineResults/42949?isModal=True
162,"תחרות ""ההזדמנות האחרונה"" 2023",comp.asp?compID=488,35,https://loglig.com:2053/LeagueTable/AthleticsDisciplines/9816,16,50m Butterfly,Men 14-99,00:00.00,22/12/2023 15:09:00,78,76,/LeagueTable/AthleticsDisciplineResults/42938?isModal=True
163,"תחרות ""ההזדמנות האחרונה"" 2023",comp.asp?compID=488,35,https://loglig.com:2053/LeagueTable/AthleticsDisciplines/9816,17,100m Backstroke,Women 14-99,00:00.00,22/12/2023 15:21:00,38,38,/LeagueTable/AthleticsDisciplineResults/42939?isModal=True
164,"תחרות ""ההזדמנות האחרונה"" 2023",comp.asp?compID=488,35,https://loglig.com:2053/LeagueTable/AthleticsDisciplines/9816,18,100m Backstroke,Men 14-99,00:00.00,22/12/2023 15:29:00,81,78,/LeagueTable/AthleticsDisciplineResults/42928?isModal=True
165,"תחרות ""ההזדמנות האחרונה"" 2023",comp.asp?compID=488,35,https://loglig.com:2053/LeagueTable/AthleticsDisciplines/9816,19,50m Breaststroke,Women 14-99,00:00.00,22/12/2023 15:47:00,25,23,/LeagueTable/AthleticsDisciplineResults/42948?isModal=True
166,"תחרות ""ההזדמנות האחרונה"" 2023",comp.asp?compID=488,35,https://loglig.com:2053/LeagueTable/AthleticsDisciplines/9816,20,50m Breaststroke,Men 14-99,00:00.00,22/12/2023 15:51:30,58,55,/LeagueTable/AthleticsDisciplineResults/42937?isModal=True
167,"תחרות ""ההזדמנות האחרונה"" 2023",comp.asp?compID=488,35,https://loglig.com:2053/LeagueTable/AthleticsDisciplines/9816,21,100m Freestyle,Women 14-99,00:00.00,22/12/2023 16:00:30,55,55,/LeagueTable/AthleticsDisciplineResults/42940?isModal=True
168,"תחרות ""ההזדמנות האחרונה"" 2023",comp.asp?compID=488,35,https://loglig.com:2053/LeagueTable/AthleticsDisciplines/9816,22,100m Freestyle,Men 14-99,00:00.00,22/12/2023 16:12:30,144,139,/LeagueTable/AthleticsDisciplineResults/42929?isModal=True
169,"תחרות ""ההזדמנות האחרונה"" 2023",comp.asp?compID=488,35,https://loglig.com:2053/LeagueTable/AthleticsDisciplines/9816,800,4X200m Freestyle Relay,Men 15-99,00:00.00,22/12/2023 12:05:00,4,4,/LeagueTable/AthleticsDisciplineResults/43269?isModal=True
170,"תחרות ""ההזדמנות האחרונה"" 2023",comp.asp?compID=488,35,https://loglig.com:2053/LeagueTable/AthleticsDisciplines/9816,801,50m Backstroke,,00:00.00,22/12/2023 12:05:00,1,1,/LeagueTable/AthleticsDisciplineResults/43270?isModal=True
171,"תחרות ""ההזדמנות האחרונה"" 2023",comp.asp?compID=488,35,https://loglig.com:2053/LeagueTable/AthleticsDisciplines/9816,802,4X100m Freestyle Relay,Men 15-99,00:00.00,22/12/2023 14:00:00,4,4,/LeagueTable/AthleticsDisciplineResults/43271?isModal=True
172,"תחרות ""ההזדמנות האחרונה"" 2023",comp.asp?compID=488,35,https://loglig.com:2053/LeagueTable/AthleticsDisciplines/9816,803,4X100m Medley Relay,Men 15-99,00:00.00,22/12/2023 14:00:00,4,4,/LeagueTable/AthleticsDisciplineResults/43272?isModal=True
173,"תחרות ""ההזדמנות האחרונה"" 2023",comp.asp?compID=488,35,https://loglig.com:2053/LeagueTable/AthleticsDisciplines/9817,1,400m Freestyle,Women 14-99,05:05.00,23/12/2023 09:00:00,33,33,/LeagueTable/AthleticsDisciplineResults/42968?isModal=True
174,"תחרות ""ההזדמנות האחרונה"" 2023",comp.asp?compID=488,35,https://loglig.com:2053/LeagueTable/AthleticsDisciplines/9817,2,400m Freestyle,Men 14-99,04:45.00,23/12/2023 09:24:00,40,38,/LeagueTable/AthleticsDisciplineResults/42957?isModal=True
175,"תחרות ""ההזדמנות האחרונה"" 2023",comp.asp?compID=488,35,https://loglig.com:2053/LeagueTable/AthleticsDisciplines/9817,3,100m Butterfly,Women 14-99,00:00.00,23/12/2023 09:48:00,42,42,/LeagueTable/AthleticsDisciplineResults/42964?isModal=True
176,"תחרות ""ההזדמנות האחרונה"" 2023",comp.asp?compID=488,35,https://loglig.com:2053/LeagueTable/AthleticsDisciplines/9817,4,100m Butterfly,Men 14-99,00:00.00,23/12/2023 10:00:30,78,74,/LeagueTable/AthleticsDisciplineResults/42953?isModal=True
177,"תחרות ""ההזדמנות האחרונה"" 2023",comp.asp?compID=488,35,https://loglig.com:2053/LeagueTable/AthleticsDisciplines/9817,5,200m Backstroke,Women 14-99,00:00.00,23/12/2023 10:16:30,41,41,/LeagueTable/AthleticsDisciplineResults/42965?isModal=True
178,"תחרות ""ההזדמנות האחרונה"" 2023",comp.asp?compID=488,35,https://loglig.com:2053/LeagueTable/AthleticsDisciplines/9817,6,200m Backstroke,Men 14-99,00:00.00,23/12/2023 10:34:00,47,44,/LeagueTable/AthleticsDisciplineResults/42954?isModal=True
179,"תחרות ""ההזדמנות האחרונה"" 2023",comp.asp?compID=488,35,https://loglig.com:2053/LeagueTable/AthleticsDisciplines/9817,7,100m Breaststroke,Women 14-99,00:00.00,23/12/2023 10:51:30,47,45,/LeagueTable/AthleticsDisciplineResults/42963?isModal=True
180,"תחרות ""ההזדמנות האחרונה"" 2023",comp.asp?compID=488,35,https://loglig.com:2053/LeagueTable/AthleticsDisciplines/9817,8,100m Breaststroke,Men 14-99,00:00.00,23/12/2023 11:04:00,66,64,/LeagueTable/AthleticsDisciplineResults/42952?isModal=True
181,"תחרות ""ההזדמנות האחרונה"" 2023",comp.asp?compID=488,35,https://loglig.com:2053/LeagueTable/AthleticsDisciplines/9817,9,50m Freestyle,Women 14-99,00:00.00,23/12/2023 11:18:00,91,86,/LeagueTable/AthleticsDisciplineResults/42969?isModal=True
182,"תחרות ""ההזדמנות האחרונה"" 2023",comp.asp?compID=488,35,https://loglig.com:2053/LeagueTable/AthleticsDisciplines/9817,10,50m Freestyle,Men 14-99,00:00.00,23/12/2023 11:33:00,128,120,/LeagueTable/AthleticsDisciplineResults/42958?isModal=True
183,"תחרות ""ההזדמנות האחרונה"" 2023",comp.asp?compID=488,35,https://loglig.com:2053/LeagueTable/AthleticsDisciplines/9817,11,200m Breaststroke,Women 14-99,00:00.00,23/12/2023 14:05:00,28,26,/LeagueTable/AthleticsDisciplineResults/42966?isModal=True
184,"תחרות ""ההזדמנות האחרונה"" 2023",comp.asp?compID=488,35,https://loglig.com:2053/LeagueTable/AthleticsDisciplines/9817,12,200m Breaststroke,Men 14-99,00:00.00,23/12/2023 14:15:30,40,40,/LeagueTable/AthleticsDisciplineResults/42955?isModal=True
185,"תחרות ""ההזדמנות האחרונה"" 2023",comp.asp?compID=488,35,https://loglig.com:2053/LeagueTable/AthleticsDisciplines/9817,13,200m Individual Medley,Women 14-99,00:00.00,23/12/2023 14:29:30,40,40,/LeagueTable/AthleticsDisciplineResults/42967?isModal=True
186,"תחרות ""ההזדמנות האחרונה"" 2023",comp.asp?compID=488,35,https://loglig.com:2053/LeagueTable/AthleticsDisciplines/9817,14,200m Individual Medley,Men 14-99,00:00.00,23/12/2023 14:47:00,59,55,/LeagueTable/AthleticsDisciplineResults/42956?isModal=True
187,"תחרות ""ההזדמנות האחרונה"" 2023",comp.asp?compID=488,35,https://loglig.com:2053/LeagueTable/AthleticsDisciplines/9817,15,50m Butterfly,Women 14-99,00:00.00,23/12/2023 15:08:00,45,44,/LeagueTable/AthleticsDisciplineResults/42971?isModal=True
188,"תחרות ""ההזדמנות האחרונה"" 2023",comp.asp?compID=488,35,https://loglig.com:2053/LeagueTable/AthleticsDisciplines/9817,16,50m Butterfly,Men 14-99,00:00.00,23/12/2023 15:15:30,60,57,/LeagueTable/AthleticsDisciplineResults/42960?isModal=True
189,"תחרות ""ההזדמנות האחרונה"" 2023",comp.asp?compID=488,35,https://loglig.com:2053/LeagueTable/AthleticsDisciplines/9817,17,100m Backstroke,Women 14-99,00:00.00,23/12/2023 15:24:30,55,54,/LeagueTable/AthleticsDisciplineResults/42961?isModal=True
190,"תחרות ""ההזדמנות האחרונה"" 2023",comp.asp?compID=488,35,https://loglig.com:2053/LeagueTable/AthleticsDisciplines/9817,18,100m Backstroke,Men 14-99,00:00.00,23/12/2023 15:38:00,66,61,/LeagueTable/AthleticsDisciplineResults/42950?isModal=True
191,"תחרות ""ההזדמנות האחרונה"" 2023",comp.asp?compID=488,35,https://loglig.com:2053/LeagueTable/AthleticsDisciplines/9817,19,50m Breaststroke,Women 14-99,00:00.00,23/12/2023 15:52:00,42,41,/LeagueTable/AthleticsDisciplineResults/42970?isModal=True
192,"תחרות ""ההזדמנות האחרונה"" 2023",comp.asp?compID=488,35,https://loglig.com:2053/LeagueTable/AthleticsDisciplines/9817,20,50m Breaststroke,Men 14-99,00:00.00,23/12/2023 15:59:30,60,59,/LeagueTable/AthleticsDisciplineResults/42959?isModal=True
193,"תחרות ""ההזדמנות האחרונה"" 2023",comp.asp?compID=488,35,https://loglig.com:2053/LeagueTable/AthleticsDisciplines/9817,21,100m Freestyle,Women 14-99,00:00.00,23/12/2023 16:08:30,75,72,/LeagueTable/AthleticsDisciplineResults/42962?isModal=True
194,"תחרות ""ההזדמנות האחרונה"" 2023",comp.asp?compID=488,35,https://loglig.com:2053/LeagueTable/AthleticsDisciplines/9817,22,100m Freestyle,Men 14-99,00:00.00,23/12/2023 16:24:30,143,136,/LeagueTable/AthleticsDisciplineResults/42951?isModal=True
195,"תחרות ""ההזדמנות האחרונה"" 2023",comp.asp?compID=488,35,https://loglig.com:2053/LeagueTable/AthleticsDisciplines/9817,800,4X200m Freestyle Relay,Men 14-99,00:00.00,23/12/2023 12:00:00,8,8,/LeagueTable/AthleticsDisciplineResults/43392?isModal=True
196,"תחרות ""ההזדמנות האחרונה"" 2023",comp.asp?compID=488,35,https://loglig.com:2053/LeagueTable/AthleticsDisciplines/9817,801,4X100m Medley Relay,Men 14-99,00:00.00,23/12/2023 12:08:00,4,4,/LeagueTable/AthleticsDisciplineResults/43393?isModal=True
197,"תחרות ""ההזדמנות האחרונה"" 2023",comp.asp?compID=488,35,https://loglig.com:2053/LeagueTable/AthleticsDisciplines/9817,802,4X100m Medley Relay,Women 14-99,00:00.00,23/12/2023 12:14:00,4,4,/LeagueTable/AthleticsDisciplineResults/43394?isModal=True
198,"תחרות ""ההזדמנות האחרונה"" 2023",comp.asp?compID=488,35,https://loglig.com:2053/LeagueTable/AthleticsDisciplines/9817,803,4X100m Freestyle Relay,Men 14-99,00:00.00,23/12/2023 14:00:00,4,4,/LeagueTable/AthleticsDisciplineResults/43395?isModal=True
199,"תחרות ""ההזדמנות האחרונה"" 2023",comp.asp?compID=488,35,https://loglig.com:2053/LeagueTable/AthleticsDisciplines/9817,804,4X50m Freestyle Relay,Men 14-99,00:00.00,23/12/2023 14:05:00,4,4,/LeagueTable/AthleticsDisciplineResults/43396?isModal=True
200,"תחרות ""ההזדמנות האחרונה"" 2023",comp.asp?compID=488,35,https://loglig.com:2053/LeagueTable/AthleticsDisciplines/9817,805,4X50m Freestyle Relay,Mix 14-99,00:00.00,23/12/2023 14:05:00,4,4,/LeagueTable/AthleticsDisciplineResults/43398?isModal=True
201,"תחרות ""ההזדמנות האחרונה"" 2023",comp.asp?compID=488,35,https://loglig.com:2053/LeagueTable/AthleticsDisciplines/9817,806,4X50m Medley Relay,Men 14-99,00:00.00,23/12/2023 16:50:00,5,4,/LeagueTable/AthleticsDisciplineResults/43397?isModal=True
202,"תחרות ""ההזדמנות האחרונה"" 2023",comp.asp?compID=488,35,https://loglig.com:2053/LeagueTable/AthleticsDisciplines/9817,807,100m Individual Medley,Men 14-99,00:00.00,23/12/2023 16:53:00,1,1,/LeagueTable/AthleticsDisciplineResults/43399?isModal=True
203,ליגה צעירים וייסגל - בת ים,comp.asp?compID=1493,37,https://loglig.com:2053/LeagueTable/AthleticsDisciplines/9635,1,800m Freestyle,Girls 13,00:00.00,12/01/2024 08:45:00,4,4,/LeagueTable/AthleticsDisciplineResults/44056?isModal=True
204,ליגה צעירים וייסגל - בת ים,comp.asp?compID=1493,37,https://loglig.com:2053/LeagueTable/AthleticsDisciplines/9635,2,800m Freestyle,Boys 14,00:00.00,12/01/2024 08:57:00,9,9,/LeagueTable/AthleticsDisciplineResults/44057?isModal=True
205,ליגה צעירים וייסגל - בת ים,comp.asp?compID=1493,37,https://loglig.com:2053/LeagueTable/AthleticsDisciplines/9635,3,200m Individual Medley,Girls 10-13,00:00.00,12/01/2024 09:21:00,14,14,/LeagueTable/AthleticsDisciplineResults/44058?isModal=True
206,ליגה צעירים וייסגל - בת ים,comp.asp?compID=1493,37,https://loglig.com:2053/LeagueTable/AthleticsDisciplines/9635,4,200m Individual Medley,Boys 10-14,00:00.00,12/01/2024 09:30:00,42,42,/LeagueTable/AthleticsDisciplineResults/44059?isModal=True
207,ליגה צעירים וייסגל - בת ים,comp.asp?compID=1493,37,https://loglig.com:2053/LeagueTable/AthleticsDisciplines/9635,5,50m Freestyle,Girls 10-13,00:00.00,12/01/2024 09:57:00,40,40,/LeagueTable/AthleticsDisciplineResults/44060?isModal=True
208,ליגה צעירים וייסגל - בת ים,comp.asp?compID=1493,37,https://loglig.com:2053/LeagueTable/AthleticsDisciplines/9635,6,50m Freestyle,boys10-14,00:00.00,12/01/2024 10:09:00,79,79,/LeagueTable/AthleticsDisciplineResults/44061?isModal=True
209,ליגה צעירים וייסגל - בת ים,comp.asp?compID=1493,37,https://loglig.com:2053/LeagueTable/AthleticsDisciplines/9635,7,50m Butterfly,Girls 10-11,00:00.00,12/01/2024 10:33:00,10,10,/LeagueTable/AthleticsDisciplineResults/44062?isModal=True
210,ליגה צעירים וייסגל - בת ים,comp.asp?compID=1493,37,https://loglig.com:2053/LeagueTable/AthleticsDisciplines/9635,8,50m Butterfly,Boys 10-11,00:00.00,12/01/2024 10:37:00,11,11,/LeagueTable/AthleticsDisciplineResults/44063?isModal=True
211,ליגה צעירים וייסגל - בת ים,comp.asp?compID=1493,37,https://loglig.com:2053/LeagueTable/AthleticsDisciplines/9635,9,200m Breaststroke,Girls 10-13,00:00.00,12/01/2024 10:41:00,12,12,/LeagueTable/AthleticsDisciplineResults/44064?isModal=True
212,ליגה צעירים וייסגל - בת ים,comp.asp?compID=1493,37,https://loglig.com:2053/LeagueTable/AthleticsDisciplines/9635,10,200m Breaststroke,Boys 10-14,00:00.00,12/01/2024 10:50:00,25,25,/LeagueTable/AthleticsDisciplineResults/44065?isModal=True
213,ליגה צעירים וייסגל - בת ים,comp.asp?compID=1493,37,https://loglig.com:2053/LeagueTable/AthleticsDisciplines/9635,11,200m Butterfly,Girls 12-13,00:00.00,12/01/2024 11:08:00,3,3,/LeagueTable/AthleticsDisciplineResults/44066?isModal=True
214,ליגה צעירים וייסגל - בת ים,comp.asp?compID=1493,37,https://loglig.com:2053/LeagueTable/AthleticsDisciplines/9635,12,200m Butterfly,,00:00.00,12/01/2024 11:12:00,16,16,/LeagueTable/AthleticsDisciplineResults/44067?isModal=True
215,"אליפות ישראל ל-5 ק""מ בבריכה",comp.asp?compID=486,38,https://loglig.com:2053/LeagueTable/AthleticsDisciplines/9789,1,5K Freestyle,Women 14-99,0:00:00.00,12/01/2024 14:30:00,23,23,/LeagueTable/AthleticsDisciplineResults/42807?isModal=True
216,"אליפות ישראל ל-5 ק""מ בבריכה",comp.asp?compID=486,38,https://loglig.com:2053/LeagueTable/AthleticsDisciplines/9789,2,5K Freestyle,Men 14-99,0:00:00.00,12/01/2024 14:33:00,33,31,/LeagueTable/AthleticsDisciplineResults/42806?isModal=True
217,ליגה לנוער ובוגרים 2,comp.asp?compID=465,39,https://loglig.com:2053/LeagueTable/AthleticsDisciplines/9963,1,200m Individual Medley,Women 14-99,00:00.00,20/01/2024 09:30:00,67,63,/LeagueTable/AthleticsDisciplineResults/44126?isModal=True
218,ליגה לנוער ובוגרים 2,comp.asp?compID=465,39,https://loglig.com:2053/LeagueTable/AthleticsDisciplines/9963,2,200m Individual Medley,Men 15-99,00:00.00,20/01/2024 09:58:00,100,90,/LeagueTable/AthleticsDisciplineResults/44121?isModal=True
219,ליגה לנוער ובוגרים 2,comp.asp?compID=465,39,https://loglig.com:2053/LeagueTable/AthleticsDisciplines/9963,3,100m Backstroke,Women 14-99,00:00.00,20/01/2024 10:38:00,91,86,/LeagueTable/AthleticsDisciplineResults/44122?isModal=True
220,ליגה לנוער ובוגרים 2,comp.asp?compID=465,39,https://loglig.com:2053/LeagueTable/AthleticsDisciplines/9963,4,100m Backstroke,Men 15-99,00:00.00,20/01/2024 10:56:00,89,84,/LeagueTable/AthleticsDisciplineResults/44117?isModal=True
221,ליגה לנוער ובוגרים 2,comp.asp?compID=465,39,https://loglig.com:2053/LeagueTable/AthleticsDisciplines/9963,5,200m Breaststroke,Women 14-99,00:00.00,20/01/2024 11:14:00,41,40,/LeagueTable/AthleticsDisciplineResults/44125?isModal=True
222,ליגה לנוער ובוגרים 2,comp.asp?compID=465,39,https://loglig.com:2053/LeagueTable/AthleticsDisciplines/9963,6,200m Breaststroke,Men 15-99,00:00.00,20/01/2024 11:34:00,56,50,/LeagueTable/AthleticsDisciplineResults/44120?isModal=True
223,ליגה לנוער ובוגרים 2,comp.asp?compID=465,39,https://loglig.com:2053/LeagueTable/AthleticsDisciplines/9963,7,100m Freestyle,Women 14-99,00:00.00,20/01/2024 11:58:00,151,144,/LeagueTable/AthleticsDisciplineResults/44124?isModal=True
224,ליגה לנוער ובוגרים 2,comp.asp?compID=465,39,https://loglig.com:2053/LeagueTable/AthleticsDisciplines/9963,8,100m Freestyle,Men 15-99,00:00.00,20/01/2024 12:28:00,181,169,/LeagueTable/AthleticsDisciplineResults/44119?isModal=True
225,ליגה לנוער ובוגרים 2,comp.asp?compID=465,39,https://loglig.com:2053/LeagueTable/AthleticsDisciplines/9963,9,200m Butterfly,Women 14-99,00:00.00,20/01/2024 13:00:00,29,27,/LeagueTable/AthleticsDisciplineResults/44123?isModal=True
226,ליגה לנוער ובוגרים 2,comp.asp?compID=465,39,https://loglig.com:2053/LeagueTable/AthleticsDisciplines/9963,10,200m Butterfly,Men 15-99,00:00.00,20/01/2024 13:12:00,45,38,/LeagueTable/AthleticsDisciplineResults/44118?isModal=True
227,ליגה לנוער ובוגרים 2,comp.asp?compID=465,39,https://loglig.com:2053/LeagueTable/AthleticsDisciplines/9961,1,200m Individual Medley,Women 14-99,00:00.00,19/01/2024 10:00:00,86,86,/LeagueTable/AthleticsDisciplineResults/44099?isModal=True
228,ליגה לנוער ובוגרים 2,comp.asp?compID=465,39,https://loglig.com:2053/LeagueTable/AthleticsDisciplines/9961,2,200m Individual Medley,Men 15-99,00:00.00,19/01/2024 10:36:00,103,103,/LeagueTable/AthleticsDisciplineResults/44094?isModal=True
229,ליגה לנוער ובוגרים 2,comp.asp?compID=465,39,https://loglig.com:2053/LeagueTable/AthleticsDisciplines/9961,3,100m Backstroke,Women 14-99,00:00.00,19/01/2024 11:20:00,75,74,/LeagueTable/AthleticsDisciplineResults/44095?isModal=True
230,ליגה לנוער ובוגרים 2,comp.asp?compID=465,39,https://loglig.com:2053/LeagueTable/AthleticsDisciplines/9961,4,100m Backstroke,Men 15-99,00:00.00,19/01/2024 11:36:00,106,102,/LeagueTable/AthleticsDisciplineResults/44090?isModal=True
231,ליגה לנוער ובוגרים 2,comp.asp?compID=465,39,https://loglig.com:2053/LeagueTable/AthleticsDisciplines/9961,5,200m Breaststroke,Women 14-99,00:00.00,19/01/2024 11:52:30,32,32,/LeagueTable/AthleticsDisciplineResults/44098?isModal=True
232,ליגה לנוער ובוגרים 2,comp.asp?compID=465,39,https://loglig.com:2053/LeagueTable/AthleticsDisciplines/9961,6,200m Breaststroke,Men 15-99,00:00.00,19/01/2024 12:08:30,38,38,/LeagueTable/AthleticsDisciplineResults/44093?isModal=True
233,ליגה לנוער ובוגרים 2,comp.asp?compID=465,39,https://loglig.com:2053/LeagueTable/AthleticsDisciplines/9961,7,100m Freestyle,Women 14-99,00:00.00,19/01/2024 12:22:30,149,140,/LeagueTable/AthleticsDisciplineResults/44097?isModal=True
234,ליגה לנוער ובוגרים 2,comp.asp?compID=465,39,https://loglig.com:2053/LeagueTable/AthleticsDisciplines/9961,8,100m Freestyle,Men 15-99,00:00.00,19/01/2024 12:45:00,206,204,/LeagueTable/AthleticsDisciplineResults/44092?isModal=True
235,ליגה לנוער ובוגרים 2,comp.asp?compID=465,39,https://loglig.com:2053/LeagueTable/AthleticsDisciplines/9961,9,200m Butterfly,Women 14-99,00:00.00,19/01/2024 13:16:30,22,22,/LeagueTable/AthleticsDisciplineResults/44096?isModal=True
236,ליגה לנוער ובוגרים 2,comp.asp?compID=465,39,https://loglig.com:2053/LeagueTable/AthleticsDisciplines/9961,10,200m Butterfly,Men 15-99,00:00.00,19/01/2024 13:27:00,49,49,/LeagueTable/AthleticsDisciplineResults/44091?isModal=True
237,ליגה צעירים 3 חיפה,comp.asp?compID=1494,40,https://loglig.com:2053/LeagueTable/AthleticsDisciplines/9949,1,50m Freestyle,Girls 10-14,00:00.00,19/01/2024 14:30:00,47,47,/LeagueTable/AthleticsDisciplineResults/43946?isModal=True
238,ליגה צעירים 3 חיפה,comp.asp?compID=1494,40,https://loglig.com:2053/LeagueTable/AthleticsDisciplines/9949,2,50m Freestyle,Boys 10-14,00:00.00,19/01/2024 14:42:00,64,64,/LeagueTable/AthleticsDisciplineResults/43952?isModal=True
239,ליגה צעירים 3 חיפה,comp.asp?compID=1494,40,https://loglig.com:2053/LeagueTable/AthleticsDisciplines/9949,3,400m Freestyle,Girls 10-14,00:00.00,19/01/2024 14:58:00,11,11,/LeagueTable/AthleticsDisciplineResults/43945?isModal=True
240,ליגה צעירים 3 חיפה,comp.asp?compID=1494,40,https://loglig.com:2053/LeagueTable/AthleticsDisciplines/9949,4,400m Freestyle,Boys 10-14,00:00.00,19/01/2024 15:12:00,21,21,/LeagueTable/AthleticsDisciplineResults/43951?isModal=True
241,ליגה צעירים 3 חיפה,comp.asp?compID=1494,40,https://loglig.com:2053/LeagueTable/AthleticsDisciplines/9949,5,100m Freestyle,Girls 10-14,00:00.00,19/01/2024 15:33:00,36,36,/LeagueTable/AthleticsDisciplineResults/43942?isModal=True
242,ליגה צעירים 3 חיפה,comp.asp?compID=1494,40,https://loglig.com:2053/LeagueTable/AthleticsDisciplines/9949,6,100m Freestyle,Boys 10-14,00:00.00,19/01/2024 15:48:00,61,61,/LeagueTable/AthleticsDisciplineResults/43948?isModal=True
243,ליגה צעירים 3 חיפה,comp.asp?compID=1494,40,https://loglig.com:2053/LeagueTable/AthleticsDisciplines/9949,7,200m Breaststroke,Girls 10-14,00:00.00,19/01/2024 16:12:00,10,10,/LeagueTable/AthleticsDisciplineResults/43943?isModal=True
244,ליגה צעירים 3 חיפה,comp.asp?compID=1494,40,https://loglig.com:2053/LeagueTable/AthleticsDisciplines/9949,8,200m Breaststroke,Boys 10-14,00:00.00,19/01/2024 16:22:00,15,15,/LeagueTable/AthleticsDisciplineResults/43949?isModal=True
245,ליגה צעירים 3 חיפה,comp.asp?compID=1494,40,https://loglig.com:2053/LeagueTable/AthleticsDisciplines/9949,9,200m Butterfly,Girls 10-14,00:00.00,19/01/2024 16:32:00,3,3,/LeagueTable/AthleticsDisciplineResults/43944?isModal=True
246,ליגה צעירים 3 חיפה,comp.asp?compID=1494,40,https://loglig.com:2053/LeagueTable/AthleticsDisciplines/9949,10,200m Butterfly,Boys 10-14,00:00.00,19/01/2024 16:36:30,5,5,/LeagueTable/AthleticsDisciplineResults/43950?isModal=True
247,ליגה צעירים 3 חיפה,comp.asp?compID=1494,40,https://loglig.com:2053/LeagueTable/AthleticsDisciplines/9949,11,100m Backstroke,Girls 10-14,00:00.00,19/01/2024 16:41:00,36,36,/LeagueTable/AthleticsDisciplineResults/43941?isModal=True
248,ליגה צעירים 3 חיפה,comp.asp?compID=1494,40,https://loglig.com:2053/LeagueTable/AthleticsDisciplines/9949,12,100m Backstroke,Boys 10-14,00:00.00,19/01/2024 16:51:00,47,47,/LeagueTable/AthleticsDisciplineResults/43947?isModal=True
249,ליגה צפון ועמקים 2,comp.asp?compID=1495,41,https://loglig.com:2053/LeagueTable/AthleticsDisciplines/9933,1,50m Freestyle,Women 9-99,00:00.00,26/01/2024 09:00:00,50,50,/LeagueTable/AthleticsDisciplineResults/43868?isModal=True
250,ליגה צפון ועמקים 2,comp.asp?compID=1495,41,https://loglig.com:2053/LeagueTable/AthleticsDisciplines/9933,2,50m Freestyle,Men 9-99,00:00.00,26/01/2024 09:14:00,80,80,/LeagueTable/AthleticsDisciplineResults/43864?isModal=True
251,ליגה צפון ועמקים 2,comp.asp?compID=1495,41,https://loglig.com:2053/LeagueTable/AthleticsDisciplines/9933,3,100m Backstroke,Women 9-99,00:00.00,26/01/2024 09:34:00,25,25,/LeagueTable/AthleticsDisciplineResults/43865?isModal=True
252,ליגה צפון ועמקים 2,comp.asp?compID=1495,41,https://loglig.com:2053/LeagueTable/AthleticsDisciplines/9933,4,100m Backstroke,Men 9-99,00:00.00,26/01/2024 09:46:00,36,36,/LeagueTable/AthleticsDisciplineResults/43861?isModal=True
253,ליגה צפון ועמקים 2,comp.asp?compID=1495,41,https://loglig.com:2053/LeagueTable/AthleticsDisciplines/9933,5,100m Breaststroke,Women 9-99,00:00.00,26/01/2024 10:01:00,30,30,/LeagueTable/AthleticsDisciplineResults/43866?isModal=True
254,ליגה צפון ועמקים 2,comp.asp?compID=1495,41,https://loglig.com:2053/LeagueTable/AthleticsDisciplines/9933,6,100m Breaststroke,Men 9-99,00:00.00,26/01/2024 10:13:00,34,34,/LeagueTable/AthleticsDisciplineResults/43862?isModal=True
255,ליגה צפון ועמקים 2,comp.asp?compID=1495,41,https://loglig.com:2053/LeagueTable/AthleticsDisciplines/9933,7,100m Individual Medley,Women 9-99,00:00.00,26/01/2024 10:28:00,31,31,/LeagueTable/AthleticsDisciplineResults/43867?isModal=True
256,ליגה צפון ועמקים 2,comp.asp?compID=1495,41,https://loglig.com:2053/LeagueTable/AthleticsDisciplines/9933,8,100m Individual Medley,Men 9-99,00:00.00,26/01/2024 10:40:00,45,45,/LeagueTable/AthleticsDisciplineResults/43863?isModal=True
257,ליגה צפון והעמקים 2,comp.asp?compID=1489,42,https://loglig.com:2053/LeagueTable/AthleticsDisciplines/9933,1,50m Freestyle,Women 9-99,00:00.00,26/01/2024 09:00:00,50,50,/LeagueTable/AthleticsDisciplineResults/43868?isModal=True
258,ליגה צפון והעמקים 2,comp.asp?compID=1489,42,https://loglig.com:2053/LeagueTable/AthleticsDisciplines/9933,2,50m Freestyle,Men 9-99,00:00.00,26/01/2024 09:14:00,80,80,/LeagueTable/AthleticsDisciplineResults/43864?isModal=True
259,ליגה צפון והעמקים 2,comp.asp?compID=1489,42,https://loglig.com:2053/LeagueTable/AthleticsDisciplines/9933,3,100m Backstroke,Women 9-99,00:00.00,26/01/2024 09:34:00,25,25,/LeagueTable/AthleticsDisciplineResults/43865?isModal=True
260,ליגה צפון והעמקים 2,comp.asp?compID=1489,42,https://loglig.com:2053/LeagueTable/AthleticsDisciplines/9933,4,100m Backstroke,Men 9-99,00:00.00,26/01/2024 09:46:00,36,36,/LeagueTable/AthleticsDisciplineResults/43861?isModal=True
261,ליגה צפון והעמקים 2,comp.asp?compID=1489,42,https://loglig.com:2053/LeagueTable/AthleticsDisciplines/9933,5,100m Breaststroke,Women 9-99,00:00.00,26/01/2024 10:01:00,30,30,/LeagueTable/AthleticsDisciplineResults/43866?isModal=True
262,ליגה צפון והעמקים 2,comp.asp?compID=1489,42,https://loglig.com:2053/LeagueTable/AthleticsDisciplines/9933,6,100m Breaststroke,Men 9-99,00:00.00,26/01/2024 10:13:00,34,34,/LeagueTable/AthleticsDisciplineResults/43862?isModal=True
263,ליגה צפון והעמקים 2,comp.asp?compID=1489,42,https://loglig.com:2053/LeagueTable/AthleticsDisciplines/9933,7,100m Individual Medley,Women 9-99,00:00.00,26/01/2024 10:28:00,31,31,/LeagueTable/AthleticsDisciplineResults/43867?isModal=True
264,ליגה צפון והעמקים 2,comp.asp?compID=1489,42,https://loglig.com:2053/LeagueTable/AthleticsDisciplines/9933,8,100m Individual Medley,Men 9-99,00:00.00,26/01/2024 10:40:00,45,45,/LeagueTable/AthleticsDisciplineResults/43863?isModal=True
265,מוקדמות אליפות צעירים חלק א',comp.asp?compID=466,43,https://loglig.com:2053/LeagueTable/AthleticsDisciplines/10031,1,200m Individual Medley,Girls 12,03:20.00,02/02/2024 09:45:00,10,10,/LeagueTable/AthleticsDisciplineResults/44489?isModal=True
266,מוקדמות אליפות צעירים חלק א',comp.asp?compID=466,43,https://loglig.com:2053/LeagueTable/AthleticsDisciplines/10031,2,200m Individual Medley,Boys 12,03:15.00,02/02/2024 09:49:00,16,16,/LeagueTable/AthleticsDisciplineResults/44513?isModal=True
267,מוקדמות אליפות צעירים חלק א',comp.asp?compID=466,43,https://loglig.com:2053/LeagueTable/AthleticsDisciplines/10031,3,200m Individual Medley,Girls 13,03:15.00,02/02/2024 09:57:00,19,19,/LeagueTable/AthleticsDisciplineResults/44501?isModal=True
268,מוקדמות אליפות צעירים חלק א',comp.asp?compID=466,43,https://loglig.com:2053/LeagueTable/AthleticsDisciplines/10031,4,200m Individual Medley,Boys 13,03:05.00,02/02/2024 10:05:00,22,22,/LeagueTable/AthleticsDisciplineResults/44525?isModal=True
269,מוקדמות אליפות צעירים חלק א',comp.asp?compID=466,43,https://loglig.com:2053/LeagueTable/AthleticsDisciplines/10031,5,200m Individual Medley,Boys 14,02:55.00,02/02/2024 10:15:30,33,33,/LeagueTable/AthleticsDisciplineResults/44537?isModal=True
270,מוקדמות אליפות צעירים חלק א',comp.asp?compID=466,43,https://loglig.com:2053/LeagueTable/AthleticsDisciplines/10031,7,50m Freestyle,Girls 12,00:37.50,02/02/2024 10:29:30,41,39,/LeagueTable/AthleticsDisciplineResults/44543?isModal=True
271,מוקדמות אליפות צעירים חלק א',comp.asp?compID=466,43,https://loglig.com:2053/LeagueTable/AthleticsDisciplines/10031,8,50m Freestyle,Boys 12,00:35.50,02/02/2024 10:39:30,42,37,/LeagueTable/AthleticsDisciplineResults/44545?isModal=True
272,מוקדמות אליפות צעירים חלק א',comp.asp?compID=466,43,https://loglig.com:2053/LeagueTable/AthleticsDisciplines/10031,9,50m Freestyle,Girls 13,00:35.50,02/02/2024 10:49:30,28,26,/LeagueTable/AthleticsDisciplineResults/44544?isModal=True
273,מוקדמות אליפות צעירים חלק א',comp.asp?compID=466,43,https://loglig.com:2053/LeagueTable/AthleticsDisciplines/10031,10,50m Freestyle,Boys 13,00:34.00,02/02/2024 10:54:00,45,44,/LeagueTable/AthleticsDisciplineResults/44546?isModal=True
274,מוקדמות אליפות צעירים חלק א',comp.asp?compID=466,43,https://loglig.com:2053/LeagueTable/AthleticsDisciplines/10031,12,50m Freestyle,Boys 14,00:33.00,02/02/2024 11:01:30,49,46,/LeagueTable/AthleticsDisciplineResults/44547?isModal=True
275,מוקדמות אליפות צעירים חלק א',comp.asp?compID=466,43,https://loglig.com:2053/LeagueTable/AthleticsDisciplines/10031,13,400m Freestyle,Girls 12,06:00.00,02/02/2024 11:09:00,11,10,/LeagueTable/AthleticsDisciplineResults/44491?isModal=True
276,מוקדמות אליפות צעירים חלק א',comp.asp?compID=466,43,https://loglig.com:2053/LeagueTable/AthleticsDisciplines/10031,14,400m Freestyle,Boys 12,05:50.00,02/02/2024 11:23:00,12,12,/LeagueTable/AthleticsDisciplineResults/44515?isModal=True
277,מוקדמות אליפות צעירים חלק א',comp.asp?compID=466,43,https://loglig.com:2053/LeagueTable/AthleticsDisciplines/10031,15,400m Freestyle,Girls 13,05:45.00,02/02/2024 11:36:00,16,15,/LeagueTable/AthleticsDisciplineResults/44503?isModal=True
278,מוקדמות אליפות צעירים חלק א',comp.asp?compID=466,43,https://loglig.com:2053/LeagueTable/AthleticsDisciplines/10031,16,400m Freestyle,Boys 13,05:35.00,02/02/2024 11:49:00,21,21,/LeagueTable/AthleticsDisciplineResults/44527?isModal=True
279,מוקדמות אליפות צעירים חלק א',comp.asp?compID=466,43,https://loglig.com:2053/LeagueTable/AthleticsDisciplines/10031,18,400m Freestyle,Boys 14,05:15.00,02/02/2024 12:08:30,26,26,/LeagueTable/AthleticsDisciplineResults/44539?isModal=True
280,מוקדמות אליפות צעירים חלק א',comp.asp?compID=466,43,https://loglig.com:2053/LeagueTable/AthleticsDisciplines/10031,19,4X100m Freestyle Relay Mix,Mix 12,00:00.00,02/02/2024 12:26:30,101,76,/LeagueTable/AthleticsDisciplineResults/44548?isModal=True
281,מוקדמות אליפות צעירים חלק א',comp.asp?compID=466,43,https://loglig.com:2053/LeagueTable/AthleticsDisciplines/10031,20,4X100m Freestyle Relay Mix,Mix 13-14,00:00.00,02/02/2024 12:40:30,117,88,/LeagueTable/AthleticsDisciplineResults/44550?isModal=True
282,מוקדמות אליפות צעירים חלק א',comp.asp?compID=466,43,https://loglig.com:2053/LeagueTable/AthleticsDisciplines/10031,21,100m Freestyle,Girls 12,01:25.00,02/02/2024 12:58:30,48,44,/LeagueTable/AthleticsDisciplineResults/44482?isModal=True
283,מוקדמות אליפות צעירים חלק א',comp.asp?compID=466,43,https://loglig.com:2053/LeagueTable/AthleticsDisciplines/10031,22,100m Freestyle,Boys 12,01:20.00,02/02/2024 14:45:00,46,44,/LeagueTable/AthleticsDisciplineResults/44506?isModal=True
284,מוקדמות אליפות צעירים חלק א',comp.asp?compID=466,43,https://loglig.com:2053/LeagueTable/AthleticsDisciplines/10031,23,100m Freestyle,Girls 13,01:22.00,02/02/2024 14:57:30,38,34,/LeagueTable/AthleticsDisciplineResults/44494?isModal=True
285,מוקדמות אליפות צעירים חלק א',comp.asp?compID=466,43,https://loglig.com:2053/LeagueTable/AthleticsDisciplines/10031,24,100m Freestyle,Boys 13,01:17.00,02/02/2024 15:07:30,53,53,/LeagueTable/AthleticsDisciplineResults/44518?isModal=True
286,מוקדמות אליפות צעירים חלק א',comp.asp?compID=466,43,https://loglig.com:2053/LeagueTable/AthleticsDisciplines/10031,26,100m Freestyle,Boys 14,01:14.00,02/02/2024 15:22:30,46,45,/LeagueTable/AthleticsDisciplineResults/44530?isModal=True
287,מוקדמות אליפות צעירים חלק א',comp.asp?compID=466,43,https://loglig.com:2053/LeagueTable/AthleticsDisciplines/10031,27,200m Butterfly,Girls 12,03:40.00,02/02/2024 15:35:00,5,4,/LeagueTable/AthleticsDisciplineResults/44490?isModal=True
288,מוקדמות אליפות צעירים חלק א',comp.asp?compID=466,43,https://loglig.com:2053/LeagueTable/AthleticsDisciplines/10031,28,200m Butterfly,Boys 12,03:45.00,02/02/2024 15:40:00,11,11,/LeagueTable/AthleticsDisciplineResults/44514?isModal=True
289,מוקדמות אליפות צעירים חלק א',comp.asp?compID=466,43,https://loglig.com:2053/LeagueTable/AthleticsDisciplines/10031,29,200m Butterfly,Girls 13,03:20.00,02/02/2024 15:49:00,7,7,/LeagueTable/AthleticsDisciplineResults/44502?isModal=True
290,מוקדמות אליפות צעירים חלק א',comp.asp?compID=466,43,https://loglig.com:2053/LeagueTable/AthleticsDisciplines/10031,30,200m Butterfly,Boys 13,03:30.00,02/02/2024 15:53:00,13,13,/LeagueTable/AthleticsDisciplineResults/44526?isModal=True
291,מוקדמות אליפות צעירים חלק א',comp.asp?compID=466,43,https://loglig.com:2053/LeagueTable/AthleticsDisciplines/10031,32,200m Butterfly,Boys 14,03:10.00,02/02/2024 16:02:00,18,18,/LeagueTable/AthleticsDisciplineResults/44538?isModal=True
292,מוקדמות אליפות צעירים חלק א',comp.asp?compID=466,43,https://loglig.com:2053/LeagueTable/AthleticsDisciplines/10031,33,100m Breaststroke,Girls 12,01:50.00,02/02/2024 16:11:00,33,33,/LeagueTable/AthleticsDisciplineResults/44483?isModal=True
293,מוקדמות אליפות צעירים חלק א',comp.asp?compID=466,43,https://loglig.com:2053/LeagueTable/AthleticsDisciplines/10031,34,100m Breaststroke,Boys 12,01:45.00,02/02/2024 16:21:00,32,30,/LeagueTable/AthleticsDisciplineResults/44507?isModal=True
294,מוקדמות אליפות צעירים חלק א',comp.asp?compID=466,43,https://loglig.com:2053/LeagueTable/AthleticsDisciplines/10031,35,100m Breaststroke,Girls 13,01:45.00,02/02/2024 16:31:00,26,23,/LeagueTable/AthleticsDisciplineResults/44495?isModal=True
295,מוקדמות אליפות צעירים חלק א',comp.asp?compID=466,43,https://loglig.com:2053/LeagueTable/AthleticsDisciplines/10031,36,100m Breaststroke,Boys 13,01:40.00,02/02/2024 16:38:30,32,30,/LeagueTable/AthleticsDisciplineResults/44519?isModal=True
296,מוקדמות אליפות צעירים חלק א',comp.asp?compID=466,43,https://loglig.com:2053/LeagueTable/AthleticsDisciplines/10031,38,100m Breaststroke,Boys 14,01:35.00,02/02/2024 16:46:00,30,28,/LeagueTable/AthleticsDisciplineResults/44531?isModal=True
297,מוקדמות אליפות צעירים חלק א',comp.asp?compID=466,43,https://loglig.com:2053/LeagueTable/AthleticsDisciplines/10031,39,800m Freestyle,Girls 13,11:40.00,02/02/2024 16:53:30,8,7,/LeagueTable/AthleticsDisciplineResults/44541?isModal=True
298,מוקדמות אליפות צעירים חלק א',comp.asp?compID=466,43,https://loglig.com:2053/LeagueTable/AthleticsDisciplines/10031,40,800m Freestyle,Boys 14,10:45.00,02/02/2024 17:05:30,18,18,/LeagueTable/AthleticsDisciplineResults/44542?isModal=True
299,מוקדמות אליפות צעירים חלק א',comp.asp?compID=466,43,https://loglig.com:2053/LeagueTable/AthleticsDisciplines/10031,41,4X50m Medley Relay Mix,Mix 12,00:00.00,02/02/2024 17:29:30,103,72,/LeagueTable/AthleticsDisciplineResults/44549?isModal=True
300,מוקדמות אליפות צעירים חלק א',comp.asp?compID=466,43,https://loglig.com:2053/LeagueTable/AthleticsDisciplines/10031,42,4X50m Medley Relay Mix,Mix 13-14,00:00.00,02/02/2024 17:39:30,109,80,/LeagueTable/AthleticsDisciplineResults/44551?isModal=True
301,מוקדמות אליפות צעירים חלק א',comp.asp?compID=466,43,https://loglig.com:2053/LeagueTable/AthleticsDisciplines/10031,43,400m Individual Medley,Girls 12,06:40.00,10/02/2024 09:30:00,3,3,/LeagueTable/AthleticsDisciplineResults/44492?isModal=True
302,מוקדמות אליפות צעירים חלק א',comp.asp?compID=466,43,https://loglig.com:2053/LeagueTable/AthleticsDisciplines/10031,44,400m Individual Medley,Boys 12,06:30.00,10/02/2024 09:37:00,7,7,/LeagueTable/AthleticsDisciplineResults/44516?isModal=True
303,מוקדמות אליפות צעירים חלק א',comp.asp?compID=466,43,https://loglig.com:2053/LeagueTable/AthleticsDisciplines/10031,45,400m Individual Medley,Girls 13,06:20.00,10/02/2024 09:44:00,7,7,/LeagueTable/AthleticsDisciplineResults/44504?isModal=True
304,מוקדמות אליפות צעירים חלק א',comp.asp?compID=466,43,https://loglig.com:2053/LeagueTable/AthleticsDisciplines/10031,46,400m Individual Medley,Boys 13,06:10.00,10/02/2024 09:51:00,8,8,/LeagueTable/AthleticsDisciplineResults/44528?isModal=True
305,מוקדמות אליפות צעירים חלק א',comp.asp?compID=466,43,https://loglig.com:2053/LeagueTable/AthleticsDisciplines/10031,48,400m Individual Medley,Boys 14,05:50.00,10/02/2024 09:58:00,16,14,/LeagueTable/AthleticsDisciplineResults/44540?isModal=True
306,מוקדמות אליפות צעירים חלק א',comp.asp?compID=466,43,https://loglig.com:2053/LeagueTable/AthleticsDisciplines/10031,49,200m Breaststroke,Girls 12,03:40.00,10/02/2024 10:12:00,10,10,/LeagueTable/AthleticsDisciplineResults/44488?isModal=True
307,מוקדמות אליפות צעירים חלק א',comp.asp?compID=466,43,https://loglig.com:2053/LeagueTable/AthleticsDisciplines/10031,50,200m Breaststroke,Boys 12,03:35.00,10/02/2024 10:17:00,17,14,/LeagueTable/AthleticsDisciplineResults/44512?isModal=True
308,מוקדמות אליפות צעירים חלק א',comp.asp?compID=466,43,https://loglig.com:2053/LeagueTable/AthleticsDisciplines/10031,51,200m Breaststroke,Girls 13,03:30.00,10/02/2024 10:26:00,18,15,/LeagueTable/AthleticsDisciplineResults/44500?isModal=True
309,מוקדמות אליפות צעירים חלק א',comp.asp?compID=466,43,https://loglig.com:2053/LeagueTable/AthleticsDisciplines/10031,52,200m Breaststroke,Boys 13,03:25.00,10/02/2024 10:35:00,18,15,/LeagueTable/AthleticsDisciplineResults/44524?isModal=True
310,מוקדמות אליפות צעירים חלק א',comp.asp?compID=466,43,https://loglig.com:2053/LeagueTable/AthleticsDisciplines/10031,54,200m Breaststroke,Boys 14,03:15.00,10/02/2024 10:44:00,24,21,/LeagueTable/AthleticsDisciplineResults/44536?isModal=True
311,מוקדמות אליפות צעירים חלק א',comp.asp?compID=466,43,https://loglig.com:2053/LeagueTable/AthleticsDisciplines/10031,55,100m Backstroke,Girls 12,01:40.00,10/02/2024 10:57:30,22,21,/LeagueTable/AthleticsDisciplineResults/44481?isModal=True
312,מוקדמות אליפות צעירים חלק א',comp.asp?compID=466,43,https://loglig.com:2053/LeagueTable/AthleticsDisciplines/10031,56,100m Backstroke,Boys 12,01:35.00,10/02/2024 11:05:00,40,39,/LeagueTable/AthleticsDisciplineResults/44505?isModal=True
313,מוקדמות אליפות צעירים חלק א',comp.asp?compID=466,43,https://loglig.com:2053/LeagueTable/AthleticsDisciplines/10031,57,100m Backstroke,Girls 13,01:35.00,10/02/2024 11:15:00,30,27,/LeagueTable/AthleticsDisciplineResults/44493?isModal=True
314,מוקדמות אליפות צעירים חלק א',comp.asp?compID=466,43,https://loglig.com:2053/LeagueTable/AthleticsDisciplines/10031,58,100m Backstroke,Boys 13,01:30.00,10/02/2024 11:22:30,37,37,/LeagueTable/AthleticsDisciplineResults/44517?isModal=True
315,מוקדמות אליפות צעירים חלק א',comp.asp?compID=466,43,https://loglig.com:2053/LeagueTable/AthleticsDisciplines/10031,60,100m Backstroke,Boys 14,01:25.00,10/02/2024 11:32:30,41,35,/LeagueTable/AthleticsDisciplineResults/44529?isModal=True
316,מוקדמות אליפות צעירים חלק א',comp.asp?compID=466,43,https://loglig.com:2053/LeagueTable/AthleticsDisciplines/10031,61,4X50m Freestyle Relay,Girls 12-13,00:00.00,10/02/2024 11:45:00,94,76,/LeagueTable/AthleticsDisciplineResults/44552?isModal=True
317,מוקדמות אליפות צעירים חלק א',comp.asp?compID=466,43,https://loglig.com:2053/LeagueTable/AthleticsDisciplines/10031,62,4X50m Freestyle Relay,Boys 12,00:00.00,10/02/2024 11:55:00,76,68,/LeagueTable/AthleticsDisciplineResults/44554?isModal=True
318,מוקדמות אליפות צעירים חלק א',comp.asp?compID=466,43,https://loglig.com:2053/LeagueTable/AthleticsDisciplines/10031,64,4X50m Freestyle Relay,,00:00.00,10/02/2024 12:05:00,140,112,/LeagueTable/AthleticsDisciplineResults/44556?isModal=True
319,מוקדמות אליפות צעירים חלק א',comp.asp?compID=466,43,https://loglig.com:2053/LeagueTable/AthleticsDisciplines/10031,65,100m Butterfly,Girls 12,01:45.00,10/02/2024 14:15:00,15,13,/LeagueTable/AthleticsDisciplineResults/44485?isModal=True
320,מוקדמות אליפות צעירים חלק א',comp.asp?compID=466,43,https://loglig.com:2053/LeagueTable/AthleticsDisciplines/10031,66,100m Butterfly,Boys 12,01:40.00,10/02/2024 14:20:00,14,14,/LeagueTable/AthleticsDisciplineResults/44509?isModal=True
321,מוקדמות אליפות צעירים חלק א',comp.asp?compID=466,43,https://loglig.com:2053/LeagueTable/AthleticsDisciplines/10031,67,100m Butterfly,Girls 13,01:40.00,10/02/2024 14:25:30,19,19,/LeagueTable/AthleticsDisciplineResults/44497?isModal=True
322,מוקדמות אליפות צעירים חלק א',comp.asp?compID=466,43,https://loglig.com:2053/LeagueTable/AthleticsDisciplines/10031,68,100m Butterfly,Boys 13,01:35.00,10/02/2024 14:30:30,22,22,/LeagueTable/AthleticsDisciplineResults/44521?isModal=True
323,מוקדמות אליפות צעירים חלק א',comp.asp?compID=466,43,https://loglig.com:2053/LeagueTable/AthleticsDisciplines/10031,70,100m Butterfly,Boys 14,01:30.00,10/02/2024 14:38:00,25,24,/LeagueTable/AthleticsDisciplineResults/44533?isModal=True
324,מוקדמות אליפות צעירים חלק א',comp.asp?compID=466,43,https://loglig.com:2053/LeagueTable/AthleticsDisciplines/10031,71,200m Freestyle,Girls 12,03:00.00,10/02/2024 14:45:30,13,10,/LeagueTable/AthleticsDisciplineResults/44487?isModal=True
325,מוקדמות אליפות צעירים חלק א',comp.asp?compID=466,43,https://loglig.com:2053/LeagueTable/AthleticsDisciplines/10031,72,200m Freestyle,Boys 12,02:55.00,10/02/2024 14:53:30,22,21,/LeagueTable/AthleticsDisciplineResults/44511?isModal=True
326,מוקדמות אליפות צעירים חלק א',comp.asp?compID=466,43,https://loglig.com:2053/LeagueTable/AthleticsDisciplines/10031,73,200m Freestyle,Girls 13,02:50.00,10/02/2024 15:05:30,27,22,/LeagueTable/AthleticsDisciplineResults/44499?isModal=True
327,מוקדמות אליפות צעירים חלק א',comp.asp?compID=466,43,https://loglig.com:2053/LeagueTable/AthleticsDisciplines/10031,74,200m Freestyle,Boys 13,02:45.00,10/02/2024 15:17:30,18,16,/LeagueTable/AthleticsDisciplineResults/44523?isModal=True
328,מוקדמות אליפות צעירים חלק א',comp.asp?compID=466,43,https://loglig.com:2053/LeagueTable/AthleticsDisciplines/10031,76,200m Freestyle,Boys 14,02:35.00,10/02/2024 15:24:30,19,16,/LeagueTable/AthleticsDisciplineResults/44535?isModal=True
329,מוקדמות אליפות צעירים חלק א',comp.asp?compID=466,43,https://loglig.com:2053/LeagueTable/AthleticsDisciplines/10031,77,200m Backstroke,Girls 12,03:20.00,10/02/2024 15:31:30,10,9,/LeagueTable/AthleticsDisciplineResults/44486?isModal=True
330,מוקדמות אליפות צעירים חלק א',comp.asp?compID=466,43,https://loglig.com:2053/LeagueTable/AthleticsDisciplines/10031,78,200m Backstroke,Boys 12,03:15.00,10/02/2024 15:35:30,20,18,/LeagueTable/AthleticsDisciplineResults/44510?isModal=True
331,מוקדמות אליפות צעירים חלק א',comp.asp?compID=466,43,https://loglig.com:2053/LeagueTable/AthleticsDisciplines/10031,79,200m Backstroke,Girls 13,03:10.00,10/02/2024 15:43:30,20,20,/LeagueTable/AthleticsDisciplineResults/44498?isModal=True
332,מוקדמות אליפות צעירים חלק א',comp.asp?compID=466,43,https://loglig.com:2053/LeagueTable/AthleticsDisciplines/10031,80,200m Backstroke,Boys 13,03:10.00,10/02/2024 15:51:30,26,25,/LeagueTable/AthleticsDisciplineResults/44522?isModal=True
333,מוקדמות אליפות צעירים חלק א',comp.asp?compID=466,43,https://loglig.com:2053/LeagueTable/AthleticsDisciplines/10031,82,200m Backstroke,Boys 14,03:00.00,10/02/2024 16:03:30,27,26,/LeagueTable/AthleticsDisciplineResults/44534?isModal=True
334,מוקדמות אליפות צעירים חלק א',comp.asp?compID=466,43,https://loglig.com:2053/LeagueTable/AthleticsDisciplines/10031,83,100m Individual Medley,Girls 12,01:40.00,10/02/2024 16:15:30,32,30,/LeagueTable/AthleticsDisciplineResults/44484?isModal=True
335,מוקדמות אליפות צעירים חלק א',comp.asp?compID=466,43,https://loglig.com:2053/LeagueTable/AthleticsDisciplines/10031,84,100m Individual Medley,Boys 12,01:35.00,10/02/2024 16:25:30,25,24,/LeagueTable/AthleticsDisciplineResults/44508?isModal=True
336,מוקדמות אליפות צעירים חלק א',comp.asp?compID=466,43,https://loglig.com:2053/LeagueTable/AthleticsDisciplines/10031,85,100m Individual Medley,Girls 13,01:40.00,10/02/2024 16:33:00,18,18,/LeagueTable/AthleticsDisciplineResults/44496?isModal=True
337,מוקדמות אליפות צעירים חלק א',comp.asp?compID=466,43,https://loglig.com:2053/LeagueTable/AthleticsDisciplines/10031,86,100m Individual Medley,Boys 13,01:30.00,10/02/2024 16:38:00,48,46,/LeagueTable/AthleticsDisciplineResults/44520?isModal=True
338,מוקדמות אליפות צעירים חלק א',comp.asp?compID=466,43,https://loglig.com:2053/LeagueTable/AthleticsDisciplines/10031,88,100m Individual Medley,Boys 14,01:25.00,10/02/2024 16:50:30,36,31,/LeagueTable/AthleticsDisciplineResults/44532?isModal=True
339,מוקדמות אליפות צעירים חלק א',comp.asp?compID=466,43,https://loglig.com:2053/LeagueTable/AthleticsDisciplines/10031,89,4X50m Medley Relay,Girls 12-13,00:00.00,10/02/2024 17:00:30,92,76,/LeagueTable/AthleticsDisciplineResults/44553?isModal=True
340,מוקדמות אליפות צעירים חלק א',comp.asp?compID=466,43,https://loglig.com:2053/LeagueTable/AthleticsDisciplines/10031,90,4X50m Medley Relay,Boys 12,00:00.00,10/02/2024 17:10:30,77,68,/LeagueTable/AthleticsDisciplineResults/44555?isModal=True
341,מוקדמות אליפות צעירים חלק א',comp.asp?compID=466,43,https://loglig.com:2053/LeagueTable/AthleticsDisciplines/10031,92,4X50m Medley Relay,,00:00.00,10/02/2024 17:20:30,132,108,/LeagueTable/AthleticsDisciplineResults/44557?isModal=True
342,מוקדמות אליפות צעירים חלק א',comp.asp?compID=466,43,https://loglig.com:2053/LeagueTable/AthleticsDisciplines/10030,1,200m Individual Medley,Girls 12,03:20.00,03/02/2024 09:30:00,13,13,/LeagueTable/AthleticsDisciplineResults/44412?isModal=True
343,מוקדמות אליפות צעירים חלק א',comp.asp?compID=466,43,https://loglig.com:2053/LeagueTable/AthleticsDisciplines/10030,2,200m Individual Medley,Boys 12,03:15.00,03/02/2024 09:38:00,29,29,/LeagueTable/AthleticsDisciplineResults/44436?isModal=True
344,מוקדמות אליפות צעירים חלק א',comp.asp?compID=466,43,https://loglig.com:2053/LeagueTable/AthleticsDisciplines/10030,3,200m Individual Medley,Girls 13,30:15.00,03/02/2024 09:50:00,30,30,/LeagueTable/AthleticsDisciplineResults/44424?isModal=True
345,מוקדמות אליפות צעירים חלק א',comp.asp?compID=466,43,https://loglig.com:2053/LeagueTable/AthleticsDisciplines/10030,4,200m Individual Medley,Boys 13,03:05.00,03/02/2024 10:02:00,27,27,/LeagueTable/AthleticsDisciplineResults/44448?isModal=True
346,מוקדמות אליפות צעירים חלק א',comp.asp?compID=466,43,https://loglig.com:2053/LeagueTable/AthleticsDisciplines/10030,6,200m Individual Medley,Boys 14,02:55.00,03/02/2024 10:12:30,27,27,/LeagueTable/AthleticsDisciplineResults/44460?isModal=True
347,מוקדמות אליפות צעירים חלק א',comp.asp?compID=466,43,https://loglig.com:2053/LeagueTable/AthleticsDisciplines/10030,7,50m Freestyle,Girls 12,00:37.50,03/02/2024 10:23:00,29,29,/LeagueTable/AthleticsDisciplineResults/44466?isModal=True
348,מוקדמות אליפות צעירים חלק א',comp.asp?compID=466,43,https://loglig.com:2053/LeagueTable/AthleticsDisciplines/10030,8,50m Freestyle,Boys 12,00:53.50,03/02/2024 10:29:00,45,44,/LeagueTable/AthleticsDisciplineResults/44468?isModal=True
349,מוקדמות אליפות צעירים חלק א',comp.asp?compID=466,43,https://loglig.com:2053/LeagueTable/AthleticsDisciplines/10030,9,50m Freestyle,Girls 13,00:35.50,03/02/2024 10:39:00,33,33,/LeagueTable/AthleticsDisciplineResults/44467?isModal=True
350,מוקדמות אליפות צעירים חלק א',comp.asp?compID=466,43,https://loglig.com:2053/LeagueTable/AthleticsDisciplines/10030,10,50m Freestyle,Boys 13,00:34.00,03/02/2024 10:45:00,47,44,/LeagueTable/AthleticsDisciplineResults/44469?isModal=True
351,מוקדמות אליפות צעירים חלק א',comp.asp?compID=466,43,https://loglig.com:2053/LeagueTable/AthleticsDisciplines/10030,12,50m Freestyle,Boys 14,00:33.00,03/02/2024 10:52:30,46,44,/LeagueTable/AthleticsDisciplineResults/44470?isModal=True
352,מוקדמות אליפות צעירים חלק א',comp.asp?compID=466,43,https://loglig.com:2053/LeagueTable/AthleticsDisciplines/10030,13,400m Freestyle,Girls 12,06:00.00,03/02/2024 11:00:00,15,15,/LeagueTable/AthleticsDisciplineResults/44414?isModal=True
353,מוקדמות אליפות צעירים חלק א',comp.asp?compID=466,43,https://loglig.com:2053/LeagueTable/AthleticsDisciplines/10030,14,400m Freestyle,Boys 12,05:50.00,03/02/2024 11:14:00,18,18,/LeagueTable/AthleticsDisciplineResults/44438?isModal=True
354,מוקדמות אליפות צעירים חלק א',comp.asp?compID=466,43,https://loglig.com:2053/LeagueTable/AthleticsDisciplines/10030,15,400m Freestyle,Girls 13,05:45.00,03/02/2024 11:27:00,12,12,/LeagueTable/AthleticsDisciplineResults/44426?isModal=True
355,מוקדמות אליפות צעירים חלק א',comp.asp?compID=466,43,https://loglig.com:2053/LeagueTable/AthleticsDisciplines/10030,16,400m Freestyle,Boys 13,05:35.00,03/02/2024 11:40:00,17,17,/LeagueTable/AthleticsDisciplineResults/44450?isModal=True
356,מוקדמות אליפות צעירים חלק א',comp.asp?compID=466,43,https://loglig.com:2053/LeagueTable/AthleticsDisciplines/10030,18,400m Freestyle,Boys 14,05:15.00,03/02/2024 11:53:00,19,19,/LeagueTable/AthleticsDisciplineResults/44462?isModal=True
357,מוקדמות אליפות צעירים חלק א',comp.asp?compID=466,43,https://loglig.com:2053/LeagueTable/AthleticsDisciplines/10030,19,4X100m Freestyle Relay Mix,Mix 12,00:00.00,03/02/2024 12:05:00,74,60,/LeagueTable/AthleticsDisciplineResults/44471?isModal=True
358,מוקדמות אליפות צעירים חלק א',comp.asp?compID=466,43,https://loglig.com:2053/LeagueTable/AthleticsDisciplines/10030,20,4X100m Freestyle Relay Mix,Mix 13-14,00:00.00,03/02/2024 12:19:00,117,92,/LeagueTable/AthleticsDisciplineResults/44473?isModal=True
359,מוקדמות אליפות צעירים חלק א',comp.asp?compID=466,43,https://loglig.com:2053/LeagueTable/AthleticsDisciplines/10030,21,100m Freestyle,Girls 12,01:25.00,03/02/2024 12:37:00,30,29,/LeagueTable/AthleticsDisciplineResults/44405?isModal=True
360,מוקדמות אליפות צעירים חלק א',comp.asp?compID=466,43,https://loglig.com:2053/LeagueTable/AthleticsDisciplines/10030,22,100m Freestyle,Boys 12,01:20.00,03/02/2024 14:52:30,45,43,/LeagueTable/AthleticsDisciplineResults/44429?isModal=True
361,מוקדמות אליפות צעירים חלק א',comp.asp?compID=466,43,https://loglig.com:2053/LeagueTable/AthleticsDisciplines/10030,23,100m Freestyle,Girls 13,01:22.00,03/02/2024 15:05:00,40,37,/LeagueTable/AthleticsDisciplineResults/44417?isModal=True
362,מוקדמות אליפות צעירים חלק א',comp.asp?compID=466,43,https://loglig.com:2053/LeagueTable/AthleticsDisciplines/10030,24,100m Freestyle,Boys 13,01:17.00,03/02/2024 15:15:00,45,43,/LeagueTable/AthleticsDisciplineResults/44441?isModal=True
363,מוקדמות אליפות צעירים חלק א',comp.asp?compID=466,43,https://loglig.com:2053/LeagueTable/AthleticsDisciplines/10030,26,100m Freestyle,Boys 14,01:14.00,03/02/2024 15:27:30,50,47,/LeagueTable/AthleticsDisciplineResults/44453?isModal=True
364,מוקדמות אליפות צעירים חלק א',comp.asp?compID=466,43,https://loglig.com:2053/LeagueTable/AthleticsDisciplines/10030,27,200m Butterfly,Girls 12,03:40.00,03/02/2024 15:40:00,8,8,/LeagueTable/AthleticsDisciplineResults/44413?isModal=True
365,מוקדמות אליפות צעירים חלק א',comp.asp?compID=466,43,https://loglig.com:2053/LeagueTable/AthleticsDisciplines/10030,28,200m Butterfly,Boys 12,03:45.00,03/02/2024 15:45:00,20,20,/LeagueTable/AthleticsDisciplineResults/44437?isModal=True
366,מוקדמות אליפות צעירים חלק א',comp.asp?compID=466,43,https://loglig.com:2053/LeagueTable/AthleticsDisciplines/10030,29,200m Butterfly,Girls 13,03:20.00,03/02/2024 15:54:00,8,8,/LeagueTable/AthleticsDisciplineResults/44425?isModal=True
367,מוקדמות אליפות צעירים חלק א',comp.asp?compID=466,43,https://loglig.com:2053/LeagueTable/AthleticsDisciplines/10030,30,200m Butterfly,Boys 13,03:30.00,03/02/2024 15:58:30,14,14,/LeagueTable/AthleticsDisciplineResults/44449?isModal=True
368,מוקדמות אליפות צעירים חלק א',comp.asp?compID=466,43,https://loglig.com:2053/LeagueTable/AthleticsDisciplines/10030,32,200m Butterfly,Boys 14,03:10.00,03/02/2024 16:07:30,14,14,/LeagueTable/AthleticsDisciplineResults/44461?isModal=True
369,מוקדמות אליפות צעירים חלק א',comp.asp?compID=466,43,https://loglig.com:2053/LeagueTable/AthleticsDisciplines/10030,33,100m Breaststroke,Girls 12,01:50.00,03/02/2024 16:16:30,30,29,/LeagueTable/AthleticsDisciplineResults/44406?isModal=True
370,מוקדמות אליפות צעירים חלק א',comp.asp?compID=466,43,https://loglig.com:2053/LeagueTable/AthleticsDisciplines/10030,34,100m Breaststroke,Boys 12,01:45.00,03/02/2024 16:24:00,36,36,/LeagueTable/AthleticsDisciplineResults/44430?isModal=True
371,מוקדמות אליפות צעירים חלק א',comp.asp?compID=466,43,https://loglig.com:2053/LeagueTable/AthleticsDisciplines/10030,35,100m Breaststroke,Girls 13,01:45.00,03/02/2024 16:34:00,24,24,/LeagueTable/AthleticsDisciplineResults/44418?isModal=True
372,מוקדמות אליפות צעירים חלק א',comp.asp?compID=466,43,https://loglig.com:2053/LeagueTable/AthleticsDisciplines/10030,36,100m Breaststroke,Boys 13,01:40.00,03/02/2024 16:41:30,36,34,/LeagueTable/AthleticsDisciplineResults/44442?isModal=True
373,מוקדמות אליפות צעירים חלק א',comp.asp?compID=466,43,https://loglig.com:2053/LeagueTable/AthleticsDisciplines/10030,38,100m Breaststroke,Boys 14,01:35.00,03/02/2024 16:51:30,32,32,/LeagueTable/AthleticsDisciplineResults/44454?isModal=True
374,מוקדמות אליפות צעירים חלק א',comp.asp?compID=466,43,https://loglig.com:2053/LeagueTable/AthleticsDisciplines/10030,39,800m Freestyle,Girls 13,11:40.00,03/02/2024 17:01:30,10,10,/LeagueTable/AthleticsDisciplineResults/44464?isModal=True
375,מוקדמות אליפות צעירים חלק א',comp.asp?compID=466,43,https://loglig.com:2053/LeagueTable/AthleticsDisciplines/10030,40,800m Freestyle,Boys 14,10:45.00,03/02/2024 17:13:30,10,10,/LeagueTable/AthleticsDisciplineResults/44465?isModal=True
376,מוקדמות אליפות צעירים חלק א',comp.asp?compID=466,43,https://loglig.com:2053/LeagueTable/AthleticsDisciplines/10030,41,4X50m Medley Relay Mix,Mix 12,00:00.00,03/02/2024 17:25:30,91,72,/LeagueTable/AthleticsDisciplineResults/44472?isModal=True
377,מוקדמות אליפות צעירים חלק א',comp.asp?compID=466,43,https://loglig.com:2053/LeagueTable/AthleticsDisciplines/10030,42,4X50m Medley Relay Mix,Mix 13-14,00:00.00,03/02/2024 17:35:30,123,92,/LeagueTable/AthleticsDisciplineResults/44474?isModal=True
378,מוקדמות אליפות צעירים חלק א',comp.asp?compID=466,43,https://loglig.com:2053/LeagueTable/AthleticsDisciplines/10030,43,400m Individual Medley,Girls 12,06:40.00,09/02/2024 09:45:00,9,7,/LeagueTable/AthleticsDisciplineResults/44415?isModal=True
379,מוקדמות אליפות צעירים חלק א',comp.asp?compID=466,43,https://loglig.com:2053/LeagueTable/AthleticsDisciplines/10030,44,400m Individual Medley,Boys 12,06:30.00,09/02/2024 09:53:00,14,14,/LeagueTable/AthleticsDisciplineResults/44439?isModal=True
380,מוקדמות אליפות צעירים חלק א',comp.asp?compID=466,43,https://loglig.com:2053/LeagueTable/AthleticsDisciplines/10030,45,400m Individual Medley,Girls 13,06:20.00,09/02/2024 10:08:00,10,10,/LeagueTable/AthleticsDisciplineResults/44427?isModal=True
381,מוקדמות אליפות צעירים חלק א',comp.asp?compID=466,43,https://loglig.com:2053/LeagueTable/AthleticsDisciplines/10030,46,400m Individual Medley,Boys 13,06:10.00,09/02/2024 10:16:00,11,11,/LeagueTable/AthleticsDisciplineResults/44451?isModal=True
382,מוקדמות אליפות צעירים חלק א',comp.asp?compID=466,43,https://loglig.com:2053/LeagueTable/AthleticsDisciplines/10030,48,400m Individual Medley,Boys 14,05:50.00,09/02/2024 10:32:00,9,9,/LeagueTable/AthleticsDisciplineResults/44463?isModal=True
383,מוקדמות אליפות צעירים חלק א',comp.asp?compID=466,43,https://loglig.com:2053/LeagueTable/AthleticsDisciplines/10030,49,200m Breaststroke,Girls 12,03:40.00,09/02/2024 10:38:30,15,13,/LeagueTable/AthleticsDisciplineResults/44411?isModal=True
384,מוקדמות אליפות צעירים חלק א',comp.asp?compID=466,43,https://loglig.com:2053/LeagueTable/AthleticsDisciplines/10030,50,200m Breaststroke,Boys 12,03:35.00,09/02/2024 10:48:30,15,15,/LeagueTable/AthleticsDisciplineResults/44435?isModal=True
385,מוקדמות אליפות צעירים חלק א',comp.asp?compID=466,43,https://loglig.com:2053/LeagueTable/AthleticsDisciplines/10030,51,200m Breaststroke,Girls 13,03:30.00,09/02/2024 10:57:30,13,13,/LeagueTable/AthleticsDisciplineResults/44423?isModal=True
386,מוקדמות אליפות צעירים חלק א',comp.asp?compID=466,43,https://loglig.com:2053/LeagueTable/AthleticsDisciplines/10030,52,200m Breaststroke,Boys 13,03:25.00,09/02/2024 11:06:30,19,19,/LeagueTable/AthleticsDisciplineResults/44447?isModal=True
387,מוקדמות אליפות צעירים חלק א',comp.asp?compID=466,43,https://loglig.com:2053/LeagueTable/AthleticsDisciplines/10030,54,200m Breaststroke,Boys 14,03:15.00,09/02/2024 11:15:30,22,22,/LeagueTable/AthleticsDisciplineResults/44459?isModal=True
388,מוקדמות אליפות צעירים חלק א',comp.asp?compID=466,43,https://loglig.com:2053/LeagueTable/AthleticsDisciplines/10030,55,100m Backstroke,Girls 12,01:40.00,09/02/2024 11:28:00,38,35,/LeagueTable/AthleticsDisciplineResults/44404?isModal=True
389,מוקדמות אליפות צעירים חלק א',comp.asp?compID=466,43,https://loglig.com:2053/LeagueTable/AthleticsDisciplines/10030,56,100m Backstroke,Boys 12,01:35.00,09/02/2024 11:38:00,49,47,/LeagueTable/AthleticsDisciplineResults/44428?isModal=True
390,מוקדמות אליפות צעירים חלק א',comp.asp?compID=466,43,https://loglig.com:2053/LeagueTable/AthleticsDisciplines/10030,57,100m Backstroke,Girls 13,01:35.00,09/02/2024 11:50:30,32,32,/LeagueTable/AthleticsDisciplineResults/44416?isModal=True
391,מוקדמות אליפות צעירים חלק א',comp.asp?compID=466,43,https://loglig.com:2053/LeagueTable/AthleticsDisciplines/10030,58,100m Backstroke,Boys 13,01:30.00,09/02/2024 12:00:30,43,41,/LeagueTable/AthleticsDisciplineResults/44440?isModal=True
392,מוקדמות אליפות צעירים חלק א',comp.asp?compID=466,43,https://loglig.com:2053/LeagueTable/AthleticsDisciplines/10030,60,100m Backstroke,Boys 14,01:25.00,09/02/2024 12:13:00,43,41,/LeagueTable/AthleticsDisciplineResults/44452?isModal=True
393,מוקדמות אליפות צעירים חלק א',comp.asp?compID=466,43,https://loglig.com:2053/LeagueTable/AthleticsDisciplines/10030,61,4X50m Freestyle Relay,Girls 12-13,00:00.00,09/02/2024 12:25:30,112,92,/LeagueTable/AthleticsDisciplineResults/44475?isModal=True
394,מוקדמות אליפות צעירים חלק א',comp.asp?compID=466,43,https://loglig.com:2053/LeagueTable/AthleticsDisciplines/10030,62,4X50m Freestyle Relay,Boys 12,00:00.00,09/02/2024 12:40:30,65,52,/LeagueTable/AthleticsDisciplineResults/44477?isModal=True
395,מוקדמות אליפות צעירים חלק א',comp.asp?compID=466,43,https://loglig.com:2053/LeagueTable/AthleticsDisciplines/10030,64,4X50m Freestyle Relay,,00:00.00,09/02/2024 12:50:30,135,112,/LeagueTable/AthleticsDisciplineResults/44479?isModal=True
396,מוקדמות אליפות צעירים חלק א',comp.asp?compID=466,43,https://loglig.com:2053/LeagueTable/AthleticsDisciplines/10030,65,100m Butterfly,Girls 12,01:45.00,09/02/2024 13:05:30,14,13,/LeagueTable/AthleticsDisciplineResults/44408?isModal=True
397,מוקדמות אליפות צעירים חלק א',comp.asp?compID=466,43,https://loglig.com:2053/LeagueTable/AthleticsDisciplines/10030,66,100m Butterfly,Boys 12,01:40.00,09/02/2024 15:05:00,27,25,/LeagueTable/AthleticsDisciplineResults/44432?isModal=True
398,מוקדמות אליפות צעירים חלק א',comp.asp?compID=466,43,https://loglig.com:2053/LeagueTable/AthleticsDisciplines/10030,67,100m Butterfly,Girls 13,01:40.00,09/02/2024 15:12:30,22,21,/LeagueTable/AthleticsDisciplineResults/44420?isModal=True
399,מוקדמות אליפות צעירים חלק א',comp.asp?compID=466,43,https://loglig.com:2053/LeagueTable/AthleticsDisciplines/10030,68,100m Butterfly,Boys 13,01:35.00,09/02/2024 15:19:00,22,22,/LeagueTable/AthleticsDisciplineResults/44444?isModal=True
400,מוקדמות אליפות צעירים חלק א',comp.asp?compID=466,43,https://loglig.com:2053/LeagueTable/AthleticsDisciplines/10030,70,100m Butterfly,Boys 14,01:30.00,09/02/2024 15:27:00,34,31,/LeagueTable/AthleticsDisciplineResults/44456?isModal=True
401,מוקדמות אליפות צעירים חלק א',comp.asp?compID=466,43,https://loglig.com:2053/LeagueTable/AthleticsDisciplines/10030,71,200m Freestyle,Girls 12,03:00.00,09/02/2024 15:37:00,20,20,/LeagueTable/AthleticsDisciplineResults/44410?isModal=True
402,מוקדמות אליפות צעירים חלק א',comp.asp?compID=466,43,https://loglig.com:2053/LeagueTable/AthleticsDisciplines/10030,72,200m Freestyle,Boys 12,02:55.00,09/02/2024 15:44:00,29,28,/LeagueTable/AthleticsDisciplineResults/44434?isModal=True
403,מוקדמות אליפות צעירים חלק א',comp.asp?compID=466,43,https://loglig.com:2053/LeagueTable/AthleticsDisciplines/10030,73,200m Freestyle,Girls 13,02:50.00,09/02/2024 15:56:00,23,23,/LeagueTable/AthleticsDisciplineResults/44422?isModal=True
404,מוקדמות אליפות צעירים חלק א',comp.asp?compID=466,43,https://loglig.com:2053/LeagueTable/AthleticsDisciplines/10030,74,200m Freestyle,Boys 13,02:45.00,09/02/2024 16:06:00,29,28,/LeagueTable/AthleticsDisciplineResults/44446?isModal=True
405,מוקדמות אליפות צעירים חלק א',comp.asp?compID=466,43,https://loglig.com:2053/LeagueTable/AthleticsDisciplines/10030,76,200m Freestyle,Boys 14,02:35.00,09/02/2024 16:17:00,27,23,/LeagueTable/AthleticsDisciplineResults/44458?isModal=True
406,מוקדמות אליפות צעירים חלק א',comp.asp?compID=466,43,https://loglig.com:2053/LeagueTable/AthleticsDisciplines/10030,77,200m Backstroke,Girls 12,03:20.00,09/02/2024 16:27:00,18,18,/LeagueTable/AthleticsDisciplineResults/44409?isModal=True
407,מוקדמות אליפות צעירים חלק א',comp.asp?compID=466,43,https://loglig.com:2053/LeagueTable/AthleticsDisciplines/10030,78,200m Backstroke,Boys 12,03:15.00,09/02/2024 16:36:00,30,30,/LeagueTable/AthleticsDisciplineResults/44433?isModal=True
408,מוקדמות אליפות צעירים חלק א',comp.asp?compID=466,43,https://loglig.com:2053/LeagueTable/AthleticsDisciplines/10030,79,200m Backstroke,Girls 13,03:10.00,09/02/2024 16:50:00,17,17,/LeagueTable/AthleticsDisciplineResults/44421?isModal=True
409,מוקדמות אליפות צעירים חלק א',comp.asp?compID=466,43,https://loglig.com:2053/LeagueTable/AthleticsDisciplines/10030,80,200m Backstroke,Boys 13,03:10.00,09/02/2024 16:58:00,23,22,/LeagueTable/AthleticsDisciplineResults/44445?isModal=True
410,מוקדמות אליפות צעירים חלק א',comp.asp?compID=466,43,https://loglig.com:2053/LeagueTable/AthleticsDisciplines/10030,82,200m Backstroke,Boys 14,03:00.00,09/02/2024 17:10:00,25,24,/LeagueTable/AthleticsDisciplineResults/44457?isModal=True
411,מוקדמות אליפות צעירים חלק א',comp.asp?compID=466,43,https://loglig.com:2053/LeagueTable/AthleticsDisciplines/10030,83,100m Individual Medley,Girls 12,01:40.00,09/02/2024 17:22:00,29,28,/LeagueTable/AthleticsDisciplineResults/44407?isModal=True
412,מוקדמות אליפות צעירים חלק א',comp.asp?compID=466,43,https://loglig.com:2053/LeagueTable/AthleticsDisciplines/10030,84,100m Individual Medley,Boys 12,01:35.00,09/02/2024 17:29:00,41,39,/LeagueTable/AthleticsDisciplineResults/44431?isModal=True
413,מוקדמות אליפות צעירים חלק א',comp.asp?compID=466,43,https://loglig.com:2053/LeagueTable/AthleticsDisciplines/10030,85,100m Individual Medley,Girls 13,01:40.00,09/02/2024 17:42:00,32,31,/LeagueTable/AthleticsDisciplineResults/44419?isModal=True
414,מוקדמות אליפות צעירים חלק א',comp.asp?compID=466,43,https://loglig.com:2053/LeagueTable/AthleticsDisciplines/10030,86,100m Individual Medley,Boys 13,01:30.00,09/02/2024 17:52:00,36,35,/LeagueTable/AthleticsDisciplineResults/44443?isModal=True
415,מוקדמות אליפות צעירים חלק א',comp.asp?compID=466,43,https://loglig.com:2053/LeagueTable/AthleticsDisciplines/10030,88,100m Individual Medley,Boys 14,01:25.00,09/02/2024 18:02:00,42,39,/LeagueTable/AthleticsDisciplineResults/44455?isModal=True
416,מוקדמות אליפות צעירים חלק א',comp.asp?compID=466,43,https://loglig.com:2053/LeagueTable/AthleticsDisciplines/10030,89,4X50m Medley Relay,Girls 12-13,00:00.00,09/02/2024 18:14:00,109,84,/LeagueTable/AthleticsDisciplineResults/44476?isModal=True
417,מוקדמות אליפות צעירים חלק א',comp.asp?compID=466,43,https://loglig.com:2053/LeagueTable/AthleticsDisciplines/10030,90,4X50m Medley Relay,Boys 12,00:00.00,09/02/2024 18:29:00,66,52,/LeagueTable/AthleticsDisciplineResults/44478?isModal=True
418,מוקדמות אליפות צעירים חלק א',comp.asp?compID=466,43,https://loglig.com:2053/LeagueTable/AthleticsDisciplines/10030,92,4X50m Medley Relay,,00:00.00,09/02/2024 18:39:00,139,108,/LeagueTable/AthleticsDisciplineResults/44480?isModal=True
419,מוקדמות אליפות צעירים חלק ב',comp.asp?compID=467,44,https://loglig.com:2053/LeagueTable/AthleticsDisciplines/10031,1,200m Individual Medley,Girls 12,03:20.00,02/02/2024 09:45:00,10,10,/LeagueTable/AthleticsDisciplineResults/44489?isModal=True
420,מוקדמות אליפות צעירים חלק ב',comp.asp?compID=467,44,https://loglig.com:2053/LeagueTable/AthleticsDisciplines/10031,2,200m Individual Medley,Boys 12,03:15.00,02/02/2024 09:49:00,16,16,/LeagueTable/AthleticsDisciplineResults/44513?isModal=True
421,מוקדמות אליפות צעירים חלק ב',comp.asp?compID=467,44,https://loglig.com:2053/LeagueTable/AthleticsDisciplines/10031,3,200m Individual Medley,Girls 13,03:15.00,02/02/2024 09:57:00,19,19,/LeagueTable/AthleticsDisciplineResults/44501?isModal=True
422,מוקדמות אליפות צעירים חלק ב',comp.asp?compID=467,44,https://loglig.com:2053/LeagueTable/AthleticsDisciplines/10031,4,200m Individual Medley,Boys 13,03:05.00,02/02/2024 10:05:00,22,22,/LeagueTable/AthleticsDisciplineResults/44525?isModal=True
423,מוקדמות אליפות צעירים חלק ב',comp.asp?compID=467,44,https://loglig.com:2053/LeagueTable/AthleticsDisciplines/10031,5,200m Individual Medley,Boys 14,02:55.00,02/02/2024 10:15:30,33,33,/LeagueTable/AthleticsDisciplineResults/44537?isModal=True
424,מוקדמות אליפות צעירים חלק ב',comp.asp?compID=467,44,https://loglig.com:2053/LeagueTable/AthleticsDisciplines/10031,7,50m Freestyle,Girls 12,00:37.50,02/02/2024 10:29:30,41,39,/LeagueTable/AthleticsDisciplineResults/44543?isModal=True
425,מוקדמות אליפות צעירים חלק ב',comp.asp?compID=467,44,https://loglig.com:2053/LeagueTable/AthleticsDisciplines/10031,8,50m Freestyle,Boys 12,00:35.50,02/02/2024 10:39:30,42,37,/LeagueTable/AthleticsDisciplineResults/44545?isModal=True
426,מוקדמות אליפות צעירים חלק ב',comp.asp?compID=467,44,https://loglig.com:2053/LeagueTable/AthleticsDisciplines/10031,9,50m Freestyle,Girls 13,00:35.50,02/02/2024 10:49:30,28,26,/LeagueTable/AthleticsDisciplineResults/44544?isModal=True
427,מוקדמות אליפות צעירים חלק ב',comp.asp?compID=467,44,https://loglig.com:2053/LeagueTable/AthleticsDisciplines/10031,10,50m Freestyle,Boys 13,00:34.00,02/02/2024 10:54:00,45,44,/LeagueTable/AthleticsDisciplineResults/44546?isModal=True
428,מוקדמות אליפות צעירים חלק ב',comp.asp?compID=467,44,https://loglig.com:2053/LeagueTable/AthleticsDisciplines/10031,12,50m Freestyle,Boys 14,00:33.00,02/02/2024 11:01:30,49,46,/LeagueTable/AthleticsDisciplineResults/44547?isModal=True
429,מוקדמות אליפות צעירים חלק ב',comp.asp?compID=467,44,https://loglig.com:2053/LeagueTable/AthleticsDisciplines/10031,13,400m Freestyle,Girls 12,06:00.00,02/02/2024 11:09:00,11,10,/LeagueTable/AthleticsDisciplineResults/44491?isModal=True
430,מוקדמות אליפות צעירים חלק ב',comp.asp?compID=467,44,https://loglig.com:2053/LeagueTable/AthleticsDisciplines/10031,14,400m Freestyle,Boys 12,05:50.00,02/02/2024 11:23:00,12,12,/LeagueTable/AthleticsDisciplineResults/44515?isModal=True
431,מוקדמות אליפות צעירים חלק ב',comp.asp?compID=467,44,https://loglig.com:2053/LeagueTable/AthleticsDisciplines/10031,15,400m Freestyle,Girls 13,05:45.00,02/02/2024 11:36:00,16,15,/LeagueTable/AthleticsDisciplineResults/44503?isModal=True
432,מוקדמות אליפות צעירים חלק ב',comp.asp?compID=467,44,https://loglig.com:2053/LeagueTable/AthleticsDisciplines/10031,16,400m Freestyle,Boys 13,05:35.00,02/02/2024 11:49:00,21,21,/LeagueTable/AthleticsDisciplineResults/44527?isModal=True
433,מוקדמות אליפות צעירים חלק ב',comp.asp?compID=467,44,https://loglig.com:2053/LeagueTable/AthleticsDisciplines/10031,18,400m Freestyle,Boys 14,05:15.00,02/02/2024 12:08:30,26,26,/LeagueTable/AthleticsDisciplineResults/44539?isModal=True
434,מוקדמות אליפות צעירים חלק ב',comp.asp?compID=467,44,https://loglig.com:2053/LeagueTable/AthleticsDisciplines/10031,19,4X100m Freestyle Relay Mix,Mix 12,00:00.00,02/02/2024 12:26:30,101,76,/LeagueTable/AthleticsDisciplineResults/44548?isModal=True
435,מוקדמות אליפות צעירים חלק ב',comp.asp?compID=467,44,https://loglig.com:2053/LeagueTable/AthleticsDisciplines/10031,20,4X100m Freestyle Relay Mix,Mix 13-14,00:00.00,02/02/2024 12:40:30,117,88,/LeagueTable/AthleticsDisciplineResults/44550?isModal=True
436,מוקדמות אליפות צעירים חלק ב',comp.asp?compID=467,44,https://loglig.com:2053/LeagueTable/AthleticsDisciplines/10031,21,100m Freestyle,Girls 12,01:25.00,02/02/2024 12:58:30,48,44,/LeagueTable/AthleticsDisciplineResults/44482?isModal=True
437,מוקדמות אליפות צעירים חלק ב',comp.asp?compID=467,44,https://loglig.com:2053/LeagueTable/AthleticsDisciplines/10031,22,100m Freestyle,Boys 12,01:20.00,02/02/2024 14:45:00,46,44,/LeagueTable/AthleticsDisciplineResults/44506?isModal=True
438,מוקדמות אליפות צעירים חלק ב',comp.asp?compID=467,44,https://loglig.com:2053/LeagueTable/AthleticsDisciplines/10031,23,100m Freestyle,Girls 13,01:22.00,02/02/2024 14:57:30,38,34,/LeagueTable/AthleticsDisciplineResults/44494?isModal=True
439,מוקדמות אליפות צעירים חלק ב',comp.asp?compID=467,44,https://loglig.com:2053/LeagueTable/AthleticsDisciplines/10031,24,100m Freestyle,Boys 13,01:17.00,02/02/2024 15:07:30,53,53,/LeagueTable/AthleticsDisciplineResults/44518?isModal=True
440,מוקדמות אליפות צעירים חלק ב',comp.asp?compID=467,44,https://loglig.com:2053/LeagueTable/AthleticsDisciplines/10031,26,100m Freestyle,Boys 14,01:14.00,02/02/2024 15:22:30,46,45,/LeagueTable/AthleticsDisciplineResults/44530?isModal=True
441,מוקדמות אליפות צעירים חלק ב',comp.asp?compID=467,44,https://loglig.com:2053/LeagueTable/AthleticsDisciplines/10031,27,200m Butterfly,Girls 12,03:40.00,02/02/2024 15:35:00,5,4,/LeagueTable/AthleticsDisciplineResults/44490?isModal=True
442,מוקדמות אליפות צעירים חלק ב',comp.asp?compID=467,44,https://loglig.com:2053/LeagueTable/AthleticsDisciplines/10031,28,200m Butterfly,Boys 12,03:45.00,02/02/2024 15:40:00,11,11,/LeagueTable/AthleticsDisciplineResults/44514?isModal=True
443,מוקדמות אליפות צעירים חלק ב',comp.asp?compID=467,44,https://loglig.com:2053/LeagueTable/AthleticsDisciplines/10031,29,200m Butterfly,Girls 13,03:20.00,02/02/2024 15:49:00,7,7,/LeagueTable/AthleticsDisciplineResults/44502?isModal=True
444,מוקדמות אליפות צעירים חלק ב',comp.asp?compID=467,44,https://loglig.com:2053/LeagueTable/AthleticsDisciplines/10031,30,200m Butterfly,Boys 13,03:30.00,02/02/2024 15:53:00,13,13,/LeagueTable/AthleticsDisciplineResults/44526?isModal=True
445,מוקדמות אליפות צעירים חלק ב',comp.asp?compID=467,44,https://loglig.com:2053/LeagueTable/AthleticsDisciplines/10031,32,200m Butterfly,Boys 14,03:10.00,02/02/2024 16:02:00,18,18,/LeagueTable/AthleticsDisciplineResults/44538?isModal=True
446,מוקדמות אליפות צעירים חלק ב',comp.asp?compID=467,44,https://loglig.com:2053/LeagueTable/AthleticsDisciplines/10031,33,100m Breaststroke,Girls 12,01:50.00,02/02/2024 16:11:00,33,33,/LeagueTable/AthleticsDisciplineResults/44483?isModal=True
447,מוקדמות אליפות צעירים חלק ב',comp.asp?compID=467,44,https://loglig.com:2053/LeagueTable/AthleticsDisciplines/10031,34,100m Breaststroke,Boys 12,01:45.00,02/02/2024 16:21:00,32,30,/LeagueTable/AthleticsDisciplineResults/44507?isModal=True
448,מוקדמות אליפות צעירים חלק ב',comp.asp?compID=467,44,https://loglig.com:2053/LeagueTable/AthleticsDisciplines/10031,35,100m Breaststroke,Girls 13,01:45.00,02/02/2024 16:31:00,26,23,/LeagueTable/AthleticsDisciplineResults/44495?isModal=True
449,מוקדמות אליפות צעירים חלק ב',comp.asp?compID=467,44,https://loglig.com:2053/LeagueTable/AthleticsDisciplines/10031,36,100m Breaststroke,Boys 13,01:40.00,02/02/2024 16:38:30,32,30,/LeagueTable/AthleticsDisciplineResults/44519?isModal=True
450,מוקדמות אליפות צעירים חלק ב',comp.asp?compID=467,44,https://loglig.com:2053/LeagueTable/AthleticsDisciplines/10031,38,100m Breaststroke,Boys 14,01:35.00,02/02/2024 16:46:00,30,28,/LeagueTable/AthleticsDisciplineResults/44531?isModal=True
451,מוקדמות אליפות צעירים חלק ב',comp.asp?compID=467,44,https://loglig.com:2053/LeagueTable/AthleticsDisciplines/10031,39,800m Freestyle,Girls 13,11:40.00,02/02/2024 16:53:30,8,7,/LeagueTable/AthleticsDisciplineResults/44541?isModal=True
452,מוקדמות אליפות צעירים חלק ב',comp.asp?compID=467,44,https://loglig.com:2053/LeagueTable/AthleticsDisciplines/10031,40,800m Freestyle,Boys 14,10:45.00,02/02/2024 17:05:30,18,18,/LeagueTable/AthleticsDisciplineResults/44542?isModal=True
453,מוקדמות אליפות צעירים חלק ב',comp.asp?compID=467,44,https://loglig.com:2053/LeagueTable/AthleticsDisciplines/10031,41,4X50m Medley Relay Mix,Mix 12,00:00.00,02/02/2024 17:29:30,103,72,/LeagueTable/AthleticsDisciplineResults/44549?isModal=True
454,מוקדמות אליפות צעירים חלק ב',comp.asp?compID=467,44,https://loglig.com:2053/LeagueTable/AthleticsDisciplines/10031,42,4X50m Medley Relay Mix,Mix 13-14,00:00.00,02/02/2024 17:39:30,109,80,/LeagueTable/AthleticsDisciplineResults/44551?isModal=True
455,מוקדמות אליפות צעירים חלק ב',comp.asp?compID=467,44,https://loglig.com:2053/LeagueTable/AthleticsDisciplines/10031,43,400m Individual Medley,Girls 12,06:40.00,10/02/2024 09:30:00,3,3,/LeagueTable/AthleticsDisciplineResults/44492?isModal=True
456,מוקדמות אליפות צעירים חלק ב',comp.asp?compID=467,44,https://loglig.com:2053/LeagueTable/AthleticsDisciplines/10031,44,400m Individual Medley,Boys 12,06:30.00,10/02/2024 09:37:00,7,7,/LeagueTable/AthleticsDisciplineResults/44516?isModal=True
457,מוקדמות אליפות צעירים חלק ב',comp.asp?compID=467,44,https://loglig.com:2053/LeagueTable/AthleticsDisciplines/10031,45,400m Individual Medley,Girls 13,06:20.00,10/02/2024 09:44:00,7,7,/LeagueTable/AthleticsDisciplineResults/44504?isModal=True
458,מוקדמות אליפות צעירים חלק ב',comp.asp?compID=467,44,https://loglig.com:2053/LeagueTable/AthleticsDisciplines/10031,46,400m Individual Medley,Boys 13,06:10.00,10/02/2024 09:51:00,8,8,/LeagueTable/AthleticsDisciplineResults/44528?isModal=True
459,מוקדמות אליפות צעירים חלק ב',comp.asp?compID=467,44,https://loglig.com:2053/LeagueTable/AthleticsDisciplines/10031,48,400m Individual Medley,Boys 14,05:50.00,10/02/2024 09:58:00,16,14,/LeagueTable/AthleticsDisciplineResults/44540?isModal=True
460,מוקדמות אליפות צעירים חלק ב',comp.asp?compID=467,44,https://loglig.com:2053/LeagueTable/AthleticsDisciplines/10031,49,200m Breaststroke,Girls 12,03:40.00,10/02/2024 10:12:00,10,10,/LeagueTable/AthleticsDisciplineResults/44488?isModal=True
461,מוקדמות אליפות צעירים חלק ב',comp.asp?compID=467,44,https://loglig.com:2053/LeagueTable/AthleticsDisciplines/10031,50,200m Breaststroke,Boys 12,03:35.00,10/02/2024 10:17:00,17,14,/LeagueTable/AthleticsDisciplineResults/44512?isModal=True
462,מוקדמות אליפות צעירים חלק ב',comp.asp?compID=467,44,https://loglig.com:2053/LeagueTable/AthleticsDisciplines/10031,51,200m Breaststroke,Girls 13,03:30.00,10/02/2024 10:26:00,18,15,/LeagueTable/AthleticsDisciplineResults/44500?isModal=True
463,מוקדמות אליפות צעירים חלק ב',comp.asp?compID=467,44,https://loglig.com:2053/LeagueTable/AthleticsDisciplines/10031,52,200m Breaststroke,Boys 13,03:25.00,10/02/2024 10:35:00,18,15,/LeagueTable/AthleticsDisciplineResults/44524?isModal=True
464,מוקדמות אליפות צעירים חלק ב',comp.asp?compID=467,44,https://loglig.com:2053/LeagueTable/AthleticsDisciplines/10031,54,200m Breaststroke,Boys 14,03:15.00,10/02/2024 10:44:00,24,21,/LeagueTable/AthleticsDisciplineResults/44536?isModal=True
465,מוקדמות אליפות צעירים חלק ב',comp.asp?compID=467,44,https://loglig.com:2053/LeagueTable/AthleticsDisciplines/10031,55,100m Backstroke,Girls 12,01:40.00,10/02/2024 10:57:30,22,21,/LeagueTable/AthleticsDisciplineResults/44481?isModal=True
466,מוקדמות אליפות צעירים חלק ב',comp.asp?compID=467,44,https://loglig.com:2053/LeagueTable/AthleticsDisciplines/10031,56,100m Backstroke,Boys 12,01:35.00,10/02/2024 11:05:00,40,39,/LeagueTable/AthleticsDisciplineResults/44505?isModal=True
467,מוקדמות אליפות צעירים חלק ב',comp.asp?compID=467,44,https://loglig.com:2053/LeagueTable/AthleticsDisciplines/10031,57,100m Backstroke,Girls 13,01:35.00,10/02/2024 11:15:00,30,27,/LeagueTable/AthleticsDisciplineResults/44493?isModal=True
468,מוקדמות אליפות צעירים חלק ב',comp.asp?compID=467,44,https://loglig.com:2053/LeagueTable/AthleticsDisciplines/10031,58,100m Backstroke,Boys 13,01:30.00,10/02/2024 11:22:30,37,37,/LeagueTable/AthleticsDisciplineResults/44517?isModal=True
469,מוקדמות אליפות צעירים חלק ב',comp.asp?compID=467,44,https://loglig.com:2053/LeagueTable/AthleticsDisciplines/10031,60,100m Backstroke,Boys 14,01:25.00,10/02/2024 11:32:30,41,35,/LeagueTable/AthleticsDisciplineResults/44529?isModal=True
470,מוקדמות אליפות צעירים חלק ב',comp.asp?compID=467,44,https://loglig.com:2053/LeagueTable/AthleticsDisciplines/10031,61,4X50m Freestyle Relay,Girls 12-13,00:00.00,10/02/2024 11:45:00,94,76,/LeagueTable/AthleticsDisciplineResults/44552?isModal=True
471,מוקדמות אליפות צעירים חלק ב',comp.asp?compID=467,44,https://loglig.com:2053/LeagueTable/AthleticsDisciplines/10031,62,4X50m Freestyle Relay,Boys 12,00:00.00,10/02/2024 11:55:00,76,68,/LeagueTable/AthleticsDisciplineResults/44554?isModal=True
472,מוקדמות אליפות צעירים חלק ב',comp.asp?compID=467,44,https://loglig.com:2053/LeagueTable/AthleticsDisciplines/10031,64,4X50m Freestyle Relay,,00:00.00,10/02/2024 12:05:00,140,112,/LeagueTable/AthleticsDisciplineResults/44556?isModal=True
473,מוקדמות אליפות צעירים חלק ב',comp.asp?compID=467,44,https://loglig.com:2053/LeagueTable/AthleticsDisciplines/10031,65,100m Butterfly,Girls 12,01:45.00,10/02/2024 14:15:00,15,13,/LeagueTable/AthleticsDisciplineResults/44485?isModal=True
474,מוקדמות אליפות צעירים חלק ב',comp.asp?compID=467,44,https://loglig.com:2053/LeagueTable/AthleticsDisciplines/10031,66,100m Butterfly,Boys 12,01:40.00,10/02/2024 14:20:00,14,14,/LeagueTable/AthleticsDisciplineResults/44509?isModal=True
475,מוקדמות אליפות צעירים חלק ב',comp.asp?compID=467,44,https://loglig.com:2053/LeagueTable/AthleticsDisciplines/10031,67,100m Butterfly,Girls 13,01:40.00,10/02/2024 14:25:30,19,19,/LeagueTable/AthleticsDisciplineResults/44497?isModal=True
476,מוקדמות אליפות צעירים חלק ב',comp.asp?compID=467,44,https://loglig.com:2053/LeagueTable/AthleticsDisciplines/10031,68,100m Butterfly,Boys 13,01:35.00,10/02/2024 14:30:30,22,22,/LeagueTable/AthleticsDisciplineResults/44521?isModal=True
477,מוקדמות אליפות צעירים חלק ב',comp.asp?compID=467,44,https://loglig.com:2053/LeagueTable/AthleticsDisciplines/10031,70,100m Butterfly,Boys 14,01:30.00,10/02/2024 14:38:00,25,24,/LeagueTable/AthleticsDisciplineResults/44533?isModal=True
478,מוקדמות אליפות צעירים חלק ב',comp.asp?compID=467,44,https://loglig.com:2053/LeagueTable/AthleticsDisciplines/10031,71,200m Freestyle,Girls 12,03:00.00,10/02/2024 14:45:30,13,10,/LeagueTable/AthleticsDisciplineResults/44487?isModal=True
479,מוקדמות אליפות צעירים חלק ב',comp.asp?compID=467,44,https://loglig.com:2053/LeagueTable/AthleticsDisciplines/10031,72,200m Freestyle,Boys 12,02:55.00,10/02/2024 14:53:30,22,21,/LeagueTable/AthleticsDisciplineResults/44511?isModal=True
480,מוקדמות אליפות צעירים חלק ב',comp.asp?compID=467,44,https://loglig.com:2053/LeagueTable/AthleticsDisciplines/10031,73,200m Freestyle,Girls 13,02:50.00,10/02/2024 15:05:30,27,22,/LeagueTable/AthleticsDisciplineResults/44499?isModal=True
481,מוקדמות אליפות צעירים חלק ב',comp.asp?compID=467,44,https://loglig.com:2053/LeagueTable/AthleticsDisciplines/10031,74,200m Freestyle,Boys 13,02:45.00,10/02/2024 15:17:30,18,16,/LeagueTable/AthleticsDisciplineResults/44523?isModal=True
482,מוקדמות אליפות צעירים חלק ב',comp.asp?compID=467,44,https://loglig.com:2053/LeagueTable/AthleticsDisciplines/10031,76,200m Freestyle,Boys 14,02:35.00,10/02/2024 15:24:30,19,16,/LeagueTable/AthleticsDisciplineResults/44535?isModal=True
483,מוקדמות אליפות צעירים חלק ב',comp.asp?compID=467,44,https://loglig.com:2053/LeagueTable/AthleticsDisciplines/10031,77,200m Backstroke,Girls 12,03:20.00,10/02/2024 15:31:30,10,9,/LeagueTable/AthleticsDisciplineResults/44486?isModal=True
484,מוקדמות אליפות צעירים חלק ב',comp.asp?compID=467,44,https://loglig.com:2053/LeagueTable/AthleticsDisciplines/10031,78,200m Backstroke,Boys 12,03:15.00,10/02/2024 15:35:30,20,18,/LeagueTable/AthleticsDisciplineResults/44510?isModal=True
485,מוקדמות אליפות צעירים חלק ב',comp.asp?compID=467,44,https://loglig.com:2053/LeagueTable/AthleticsDisciplines/10031,79,200m Backstroke,Girls 13,03:10.00,10/02/2024 15:43:30,20,20,/LeagueTable/AthleticsDisciplineResults/44498?isModal=True
486,מוקדמות אליפות צעירים חלק ב',comp.asp?compID=467,44,https://loglig.com:2053/LeagueTable/AthleticsDisciplines/10031,80,200m Backstroke,Boys 13,03:10.00,10/02/2024 15:51:30,26,25,/LeagueTable/AthleticsDisciplineResults/44522?isModal=True
487,מוקדמות אליפות צעירים חלק ב',comp.asp?compID=467,44,https://loglig.com:2053/LeagueTable/AthleticsDisciplines/10031,82,200m Backstroke,Boys 14,03:00.00,10/02/2024 16:03:30,27,26,/LeagueTable/AthleticsDisciplineResults/44534?isModal=True
488,מוקדמות אליפות צעירים חלק ב',comp.asp?compID=467,44,https://loglig.com:2053/LeagueTable/AthleticsDisciplines/10031,83,100m Individual Medley,Girls 12,01:40.00,10/02/2024 16:15:30,32,30,/LeagueTable/AthleticsDisciplineResults/44484?isModal=True
489,מוקדמות אליפות צעירים חלק ב',comp.asp?compID=467,44,https://loglig.com:2053/LeagueTable/AthleticsDisciplines/10031,84,100m Individual Medley,Boys 12,01:35.00,10/02/2024 16:25:30,25,24,/LeagueTable/AthleticsDisciplineResults/44508?isModal=True
490,מוקדמות אליפות צעירים חלק ב',comp.asp?compID=467,44,https://loglig.com:2053/LeagueTable/AthleticsDisciplines/10031,85,100m Individual Medley,Girls 13,01:40.00,10/02/2024 16:33:00,18,18,/LeagueTable/AthleticsDisciplineResults/44496?isModal=True
491,מוקדמות אליפות צעירים חלק ב',comp.asp?compID=467,44,https://loglig.com:2053/LeagueTable/AthleticsDisciplines/10031,86,100m Individual Medley,Boys 13,01:30.00,10/02/2024 16:38:00,48,46,/LeagueTable/AthleticsDisciplineResults/44520?isModal=True
492,מוקדמות אליפות צעירים חלק ב',comp.asp?compID=467,44,https://loglig.com:2053/LeagueTable/AthleticsDisciplines/10031,88,100m Individual Medley,Boys 14,01:25.00,10/02/2024 16:50:30,36,31,/LeagueTable/AthleticsDisciplineResults/44532?isModal=True
493,מוקדמות אליפות צעירים חלק ב',comp.asp?compID=467,44,https://loglig.com:2053/LeagueTable/AthleticsDisciplines/10031,89,4X50m Medley Relay,Girls 12-13,00:00.00,10/02/2024 17:00:30,92,76,/LeagueTable/AthleticsDisciplineResults/44553?isModal=True
494,מוקדמות אליפות צעירים חלק ב',comp.asp?compID=467,44,https://loglig.com:2053/LeagueTable/AthleticsDisciplines/10031,90,4X50m Medley Relay,Boys 12,00:00.00,10/02/2024 17:10:30,77,68,/LeagueTable/AthleticsDisciplineResults/44555?isModal=True
495,מוקדמות אליפות צעירים חלק ב',comp.asp?compID=467,44,https://loglig.com:2053/LeagueTable/AthleticsDisciplines/10031,92,4X50m Medley Relay,,00:00.00,10/02/2024 17:20:30,132,108,/LeagueTable/AthleticsDisciplineResults/44557?isModal=True
496,מוקדמות אליפות צעירים חלק ב',comp.asp?compID=467,44,https://loglig.com:2053/LeagueTable/AthleticsDisciplines/10030,1,200m Individual Medley,Girls 12,03:20.00,03/02/2024 09:30:00,13,13,/LeagueTable/AthleticsDisciplineResults/44412?isModal=True
497,מוקדמות אליפות צעירים חלק ב',comp.asp?compID=467,44,https://loglig.com:2053/LeagueTable/AthleticsDisciplines/10030,2,200m Individual Medley,Boys 12,03:15.00,03/02/2024 09:38:00,29,29,/LeagueTable/AthleticsDisciplineResults/44436?isModal=True
498,מוקדמות אליפות צעירים חלק ב',comp.asp?compID=467,44,https://loglig.com:2053/LeagueTable/AthleticsDisciplines/10030,3,200m Individual Medley,Girls 13,30:15.00,03/02/2024 09:50:00,30,30,/LeagueTable/AthleticsDisciplineResults/44424?isModal=True
499,מוקדמות אליפות צעירים חלק ב',comp.asp?compID=467,44,https://loglig.com:2053/LeagueTable/AthleticsDisciplines/10030,4,200m Individual Medley,Boys 13,03:05.00,03/02/2024 10:02:00,27,27,/LeagueTable/AthleticsDisciplineResults/44448?isModal=True
500,מוקדמות אליפות צעירים חלק ב',comp.asp?compID=467,44,https://loglig.com:2053/LeagueTable/AthleticsDisciplines/10030,6,200m Individual Medley,Boys 14,02:55.00,03/02/2024 10:12:30,27,27,/LeagueTable/AthleticsDisciplineResults/44460?isModal=True
501,מוקדמות אליפות צעירים חלק ב',comp.asp?compID=467,44,https://loglig.com:2053/LeagueTable/AthleticsDisciplines/10030,7,50m Freestyle,Girls 12,00:37.50,03/02/2024 10:23:00,29,29,/LeagueTable/AthleticsDisciplineResults/44466?isModal=True
502,מוקדמות אליפות צעירים חלק ב',comp.asp?compID=467,44,https://loglig.com:2053/LeagueTable/AthleticsDisciplines/10030,8,50m Freestyle,Boys 12,00:53.50,03/02/2024 10:29:00,45,44,/LeagueTable/AthleticsDisciplineResults/44468?isModal=True
503,מוקדמות אליפות צעירים חלק ב',comp.asp?compID=467,44,https://loglig.com:2053/LeagueTable/AthleticsDisciplines/10030,9,50m Freestyle,Girls 13,00:35.50,03/02/2024 10:39:00,33,33,/LeagueTable/AthleticsDisciplineResults/44467?isModal=True
504,מוקדמות אליפות צעירים חלק ב',comp.asp?compID=467,44,https://loglig.com:2053/LeagueTable/AthleticsDisciplines/10030,10,50m Freestyle,Boys 13,00:34.00,03/02/2024 10:45:00,47,44,/LeagueTable/AthleticsDisciplineResults/44469?isModal=True
505,מוקדמות אליפות צעירים חלק ב',comp.asp?compID=467,44,https://loglig.com:2053/LeagueTable/AthleticsDisciplines/10030,12,50m Freestyle,Boys 14,00:33.00,03/02/2024 10:52:30,46,44,/LeagueTable/AthleticsDisciplineResults/44470?isModal=True
506,מוקדמות אליפות צעירים חלק ב',comp.asp?compID=467,44,https://loglig.com:2053/LeagueTable/AthleticsDisciplines/10030,13,400m Freestyle,Girls 12,06:00.00,03/02/2024 11:00:00,15,15,/LeagueTable/AthleticsDisciplineResults/44414?isModal=True
507,מוקדמות אליפות צעירים חלק ב',comp.asp?compID=467,44,https://loglig.com:2053/LeagueTable/AthleticsDisciplines/10030,14,400m Freestyle,Boys 12,05:50.00,03/02/2024 11:14:00,18,18,/LeagueTable/AthleticsDisciplineResults/44438?isModal=True
508,מוקדמות אליפות צעירים חלק ב',comp.asp?compID=467,44,https://loglig.com:2053/LeagueTable/AthleticsDisciplines/10030,15,400m Freestyle,Girls 13,05:45.00,03/02/2024 11:27:00,12,12,/LeagueTable/AthleticsDisciplineResults/44426?isModal=True
509,מוקדמות אליפות צעירים חלק ב',comp.asp?compID=467,44,https://loglig.com:2053/LeagueTable/AthleticsDisciplines/10030,16,400m Freestyle,Boys 13,05:35.00,03/02/2024 11:40:00,17,17,/LeagueTable/AthleticsDisciplineResults/44450?isModal=True
510,מוקדמות אליפות צעירים חלק ב',comp.asp?compID=467,44,https://loglig.com:2053/LeagueTable/AthleticsDisciplines/10030,18,400m Freestyle,Boys 14,05:15.00,03/02/2024 11:53:00,19,19,/LeagueTable/AthleticsDisciplineResults/44462?isModal=True
511,מוקדמות אליפות צעירים חלק ב',comp.asp?compID=467,44,https://loglig.com:2053/LeagueTable/AthleticsDisciplines/10030,19,4X100m Freestyle Relay Mix,Mix 12,00:00.00,03/02/2024 12:05:00,74,60,/LeagueTable/AthleticsDisciplineResults/44471?isModal=True
512,מוקדמות אליפות צעירים חלק ב',comp.asp?compID=467,44,https://loglig.com:2053/LeagueTable/AthleticsDisciplines/10030,20,4X100m Freestyle Relay Mix,Mix 13-14,00:00.00,03/02/2024 12:19:00,117,92,/LeagueTable/AthleticsDisciplineResults/44473?isModal=True
513,מוקדמות אליפות צעירים חלק ב',comp.asp?compID=467,44,https://loglig.com:2053/LeagueTable/AthleticsDisciplines/10030,21,100m Freestyle,Girls 12,01:25.00,03/02/2024 12:37:00,30,29,/LeagueTable/AthleticsDisciplineResults/44405?isModal=True
514,מוקדמות אליפות צעירים חלק ב',comp.asp?compID=467,44,https://loglig.com:2053/LeagueTable/AthleticsDisciplines/10030,22,100m Freestyle,Boys 12,01:20.00,03/02/2024 14:52:30,45,43,/LeagueTable/AthleticsDisciplineResults/44429?isModal=True
515,מוקדמות אליפות צעירים חלק ב',comp.asp?compID=467,44,https://loglig.com:2053/LeagueTable/AthleticsDisciplines/10030,23,100m Freestyle,Girls 13,01:22.00,03/02/2024 15:05:00,40,37,/LeagueTable/AthleticsDisciplineResults/44417?isModal=True
516,מוקדמות אליפות צעירים חלק ב',comp.asp?compID=467,44,https://loglig.com:2053/LeagueTable/AthleticsDisciplines/10030,24,100m Freestyle,Boys 13,01:17.00,03/02/2024 15:15:00,45,43,/LeagueTable/AthleticsDisciplineResults/44441?isModal=True
517,מוקדמות אליפות צעירים חלק ב',comp.asp?compID=467,44,https://loglig.com:2053/LeagueTable/AthleticsDisciplines/10030,26,100m Freestyle,Boys 14,01:14.00,03/02/2024 15:27:30,50,47,/LeagueTable/AthleticsDisciplineResults/44453?isModal=True
518,מוקדמות אליפות צעירים חלק ב',comp.asp?compID=467,44,https://loglig.com:2053/LeagueTable/AthleticsDisciplines/10030,27,200m Butterfly,Girls 12,03:40.00,03/02/2024 15:40:00,8,8,/LeagueTable/AthleticsDisciplineResults/44413?isModal=True
519,מוקדמות אליפות צעירים חלק ב',comp.asp?compID=467,44,https://loglig.com:2053/LeagueTable/AthleticsDisciplines/10030,28,200m Butterfly,Boys 12,03:45.00,03/02/2024 15:45:00,20,20,/LeagueTable/AthleticsDisciplineResults/44437?isModal=True
520,מוקדמות אליפות צעירים חלק ב',comp.asp?compID=467,44,https://loglig.com:2053/LeagueTable/AthleticsDisciplines/10030,29,200m Butterfly,Girls 13,03:20.00,03/02/2024 15:54:00,8,8,/LeagueTable/AthleticsDisciplineResults/44425?isModal=True
521,מוקדמות אליפות צעירים חלק ב',comp.asp?compID=467,44,https://loglig.com:2053/LeagueTable/AthleticsDisciplines/10030,30,200m Butterfly,Boys 13,03:30.00,03/02/2024 15:58:30,14,14,/LeagueTable/AthleticsDisciplineResults/44449?isModal=True
522,מוקדמות אליפות צעירים חלק ב',comp.asp?compID=467,44,https://loglig.com:2053/LeagueTable/AthleticsDisciplines/10030,32,200m Butterfly,Boys 14,03:10.00,03/02/2024 16:07:30,14,14,/LeagueTable/AthleticsDisciplineResults/44461?isModal=True
523,מוקדמות אליפות צעירים חלק ב',comp.asp?compID=467,44,https://loglig.com:2053/LeagueTable/AthleticsDisciplines/10030,33,100m Breaststroke,Girls 12,01:50.00,03/02/2024 16:16:30,30,29,/LeagueTable/AthleticsDisciplineResults/44406?isModal=True
524,מוקדמות אליפות צעירים חלק ב',comp.asp?compID=467,44,https://loglig.com:2053/LeagueTable/AthleticsDisciplines/10030,34,100m Breaststroke,Boys 12,01:45.00,03/02/2024 16:24:00,36,36,/LeagueTable/AthleticsDisciplineResults/44430?isModal=True
525,מוקדמות אליפות צעירים חלק ב',comp.asp?compID=467,44,https://loglig.com:2053/LeagueTable/AthleticsDisciplines/10030,35,100m Breaststroke,Girls 13,01:45.00,03/02/2024 16:34:00,24,24,/LeagueTable/AthleticsDisciplineResults/44418?isModal=True
526,מוקדמות אליפות צעירים חלק ב',comp.asp?compID=467,44,https://loglig.com:2053/LeagueTable/AthleticsDisciplines/10030,36,100m Breaststroke,Boys 13,01:40.00,03/02/2024 16:41:30,36,34,/LeagueTable/AthleticsDisciplineResults/44442?isModal=True
527,מוקדמות אליפות צעירים חלק ב',comp.asp?compID=467,44,https://loglig.com:2053/LeagueTable/AthleticsDisciplines/10030,38,100m Breaststroke,Boys 14,01:35.00,03/02/2024 16:51:30,32,32,/LeagueTable/AthleticsDisciplineResults/44454?isModal=True
528,מוקדמות אליפות צעירים חלק ב',comp.asp?compID=467,44,https://loglig.com:2053/LeagueTable/AthleticsDisciplines/10030,39,800m Freestyle,Girls 13,11:40.00,03/02/2024 17:01:30,10,10,/LeagueTable/AthleticsDisciplineResults/44464?isModal=True
529,מוקדמות אליפות צעירים חלק ב',comp.asp?compID=467,44,https://loglig.com:2053/LeagueTable/AthleticsDisciplines/10030,40,800m Freestyle,Boys 14,10:45.00,03/02/2024 17:13:30,10,10,/LeagueTable/AthleticsDisciplineResults/44465?isModal=True
530,מוקדמות אליפות צעירים חלק ב',comp.asp?compID=467,44,https://loglig.com:2053/LeagueTable/AthleticsDisciplines/10030,41,4X50m Medley Relay Mix,Mix 12,00:00.00,03/02/2024 17:25:30,91,72,/LeagueTable/AthleticsDisciplineResults/44472?isModal=True
531,מוקדמות אליפות צעירים חלק ב',comp.asp?compID=467,44,https://loglig.com:2053/LeagueTable/AthleticsDisciplines/10030,42,4X50m Medley Relay Mix,Mix 13-14,00:00.00,03/02/2024 17:35:30,123,92,/LeagueTable/AthleticsDisciplineResults/44474?isModal=True
532,מוקדמות אליפות צעירים חלק ב',comp.asp?compID=467,44,https://loglig.com:2053/LeagueTable/AthleticsDisciplines/10030,43,400m Individual Medley,Girls 12,06:40.00,09/02/2024 09:45:00,9,7,/LeagueTable/AthleticsDisciplineResults/44415?isModal=True
533,מוקדמות אליפות צעירים חלק ב',comp.asp?compID=467,44,https://loglig.com:2053/LeagueTable/AthleticsDisciplines/10030,44,400m Individual Medley,Boys 12,06:30.00,09/02/2024 09:53:00,14,14,/LeagueTable/AthleticsDisciplineResults/44439?isModal=True
534,מוקדמות אליפות צעירים חלק ב',comp.asp?compID=467,44,https://loglig.com:2053/LeagueTable/AthleticsDisciplines/10030,45,400m Individual Medley,Girls 13,06:20.00,09/02/2024 10:08:00,10,10,/LeagueTable/AthleticsDisciplineResults/44427?isModal=True
535,מוקדמות אליפות צעירים חלק ב',comp.asp?compID=467,44,https://loglig.com:2053/LeagueTable/AthleticsDisciplines/10030,46,400m Individual Medley,Boys 13,06:10.00,09/02/2024 10:16:00,11,11,/LeagueTable/AthleticsDisciplineResults/44451?isModal=True
536,מוקדמות אליפות צעירים חלק ב',comp.asp?compID=467,44,https://loglig.com:2053/LeagueTable/AthleticsDisciplines/10030,48,400m Individual Medley,Boys 14,05:50.00,09/02/2024 10:32:00,9,9,/LeagueTable/AthleticsDisciplineResults/44463?isModal=True
537,מוקדמות אליפות צעירים חלק ב',comp.asp?compID=467,44,https://loglig.com:2053/LeagueTable/AthleticsDisciplines/10030,49,200m Breaststroke,Girls 12,03:40.00,09/02/2024 10:38:30,15,13,/LeagueTable/AthleticsDisciplineResults/44411?isModal=True
538,מוקדמות אליפות צעירים חלק ב',comp.asp?compID=467,44,https://loglig.com:2053/LeagueTable/AthleticsDisciplines/10030,50,200m Breaststroke,Boys 12,03:35.00,09/02/2024 10:48:30,15,15,/LeagueTable/AthleticsDisciplineResults/44435?isModal=True
539,מוקדמות אליפות צעירים חלק ב',comp.asp?compID=467,44,https://loglig.com:2053/LeagueTable/AthleticsDisciplines/10030,51,200m Breaststroke,Girls 13,03:30.00,09/02/2024 10:57:30,13,13,/LeagueTable/AthleticsDisciplineResults/44423?isModal=True
540,מוקדמות אליפות צעירים חלק ב',comp.asp?compID=467,44,https://loglig.com:2053/LeagueTable/AthleticsDisciplines/10030,52,200m Breaststroke,Boys 13,03:25.00,09/02/2024 11:06:30,19,19,/LeagueTable/AthleticsDisciplineResults/44447?isModal=True
541,מוקדמות אליפות צעירים חלק ב',comp.asp?compID=467,44,https://loglig.com:2053/LeagueTable/AthleticsDisciplines/10030,54,200m Breaststroke,Boys 14,03:15.00,09/02/2024 11:15:30,22,22,/LeagueTable/AthleticsDisciplineResults/44459?isModal=True
542,מוקדמות אליפות צעירים חלק ב',comp.asp?compID=467,44,https://loglig.com:2053/LeagueTable/AthleticsDisciplines/10030,55,100m Backstroke,Girls 12,01:40.00,09/02/2024 11:28:00,38,35,/LeagueTable/AthleticsDisciplineResults/44404?isModal=True
543,מוקדמות אליפות צעירים חלק ב',comp.asp?compID=467,44,https://loglig.com:2053/LeagueTable/AthleticsDisciplines/10030,56,100m Backstroke,Boys 12,01:35.00,09/02/2024 11:38:00,49,47,/LeagueTable/AthleticsDisciplineResults/44428?isModal=True
544,מוקדמות אליפות צעירים חלק ב',comp.asp?compID=467,44,https://loglig.com:2053/LeagueTable/AthleticsDisciplines/10030,57,100m Backstroke,Girls 13,01:35.00,09/02/2024 11:50:30,32,32,/LeagueTable/AthleticsDisciplineResults/44416?isModal=True
545,מוקדמות אליפות צעירים חלק ב',comp.asp?compID=467,44,https://loglig.com:2053/LeagueTable/AthleticsDisciplines/10030,58,100m Backstroke,Boys 13,01:30.00,09/02/2024 12:00:30,43,41,/LeagueTable/AthleticsDisciplineResults/44440?isModal=True
546,מוקדמות אליפות צעירים חלק ב',comp.asp?compID=467,44,https://loglig.com:2053/LeagueTable/AthleticsDisciplines/10030,60,100m Backstroke,Boys 14,01:25.00,09/02/2024 12:13:00,43,41,/LeagueTable/AthleticsDisciplineResults/44452?isModal=True
547,מוקדמות אליפות צעירים חלק ב',comp.asp?compID=467,44,https://loglig.com:2053/LeagueTable/AthleticsDisciplines/10030,61,4X50m Freestyle Relay,Girls 12-13,00:00.00,09/02/2024 12:25:30,112,92,/LeagueTable/AthleticsDisciplineResults/44475?isModal=True
548,מוקדמות אליפות צעירים חלק ב',comp.asp?compID=467,44,https://loglig.com:2053/LeagueTable/AthleticsDisciplines/10030,62,4X50m Freestyle Relay,Boys 12,00:00.00,09/02/2024 12:40:30,65,52,/LeagueTable/AthleticsDisciplineResults/44477?isModal=True
549,מוקדמות אליפות צעירים חלק ב',comp.asp?compID=467,44,https://loglig.com:2053/LeagueTable/AthleticsDisciplines/10030,64,4X50m Freestyle Relay,,00:00.00,09/02/2024 12:50:30,135,112,/LeagueTable/AthleticsDisciplineResults/44479?isModal=True
550,מוקדמות אליפות צעירים חלק ב',comp.asp?compID=467,44,https://loglig.com:2053/LeagueTable/AthleticsDisciplines/10030,65,100m Butterfly,Girls 12,01:45.00,09/02/2024 13:05:30,14,13,/LeagueTable/AthleticsDisciplineResults/44408?isModal=True
551,מוקדמות אליפות צעירים חלק ב',comp.asp?compID=467,44,https://loglig.com:2053/LeagueTable/AthleticsDisciplines/10030,66,100m Butterfly,Boys 12,01:40.00,09/02/2024 15:05:00,27,25,/LeagueTable/AthleticsDisciplineResults/44432?isModal=True
552,מוקדמות אליפות צעירים חלק ב',comp.asp?compID=467,44,https://loglig.com:2053/LeagueTable/AthleticsDisciplines/10030,67,100m Butterfly,Girls 13,01:40.00,09/02/2024 15:12:30,22,21,/LeagueTable/AthleticsDisciplineResults/44420?isModal=True
553,מוקדמות אליפות צעירים חלק ב',comp.asp?compID=467,44,https://loglig.com:2053/LeagueTable/AthleticsDisciplines/10030,68,100m Butterfly,Boys 13,01:35.00,09/02/2024 15:19:00,22,22,/LeagueTable/AthleticsDisciplineResults/44444?isModal=True
554,מוקדמות אליפות צעירים חלק ב',comp.asp?compID=467,44,https://loglig.com:2053/LeagueTable/AthleticsDisciplines/10030,70,100m Butterfly,Boys 14,01:30.00,09/02/2024 15:27:00,34,31,/LeagueTable/AthleticsDisciplineResults/44456?isModal=True
555,מוקדמות אליפות צעירים חלק ב',comp.asp?compID=467,44,https://loglig.com:2053/LeagueTable/AthleticsDisciplines/10030,71,200m Freestyle,Girls 12,03:00.00,09/02/2024 15:37:00,20,20,/LeagueTable/AthleticsDisciplineResults/44410?isModal=True
556,מוקדמות אליפות צעירים חלק ב',comp.asp?compID=467,44,https://loglig.com:2053/LeagueTable/AthleticsDisciplines/10030,72,200m Freestyle,Boys 12,02:55.00,09/02/2024 15:44:00,29,28,/LeagueTable/AthleticsDisciplineResults/44434?isModal=True
557,מוקדמות אליפות צעירים חלק ב',comp.asp?compID=467,44,https://loglig.com:2053/LeagueTable/AthleticsDisciplines/10030,73,200m Freestyle,Girls 13,02:50.00,09/02/2024 15:56:00,23,23,/LeagueTable/AthleticsDisciplineResults/44422?isModal=True
558,מוקדמות אליפות צעירים חלק ב',comp.asp?compID=467,44,https://loglig.com:2053/LeagueTable/AthleticsDisciplines/10030,74,200m Freestyle,Boys 13,02:45.00,09/02/2024 16:06:00,29,28,/LeagueTable/AthleticsDisciplineResults/44446?isModal=True
559,מוקדמות אליפות צעירים חלק ב',comp.asp?compID=467,44,https://loglig.com:2053/LeagueTable/AthleticsDisciplines/10030,76,200m Freestyle,Boys 14,02:35.00,09/02/2024 16:17:00,27,23,/LeagueTable/AthleticsDisciplineResults/44458?isModal=True
560,מוקדמות אליפות צעירים חלק ב',comp.asp?compID=467,44,https://loglig.com:2053/LeagueTable/AthleticsDisciplines/10030,77,200m Backstroke,Girls 12,03:20.00,09/02/2024 16:27:00,18,18,/LeagueTable/AthleticsDisciplineResults/44409?isModal=True
561,מוקדמות אליפות צעירים חלק ב',comp.asp?compID=467,44,https://loglig.com:2053/LeagueTable/AthleticsDisciplines/10030,78,200m Backstroke,Boys 12,03:15.00,09/02/2024 16:36:00,30,30,/LeagueTable/AthleticsDisciplineResults/44433?isModal=True
562,מוקדמות אליפות צעירים חלק ב',comp.asp?compID=467,44,https://loglig.com:2053/LeagueTable/AthleticsDisciplines/10030,79,200m Backstroke,Girls 13,03:10.00,09/02/2024 16:50:00,17,17,/LeagueTable/AthleticsDisciplineResults/44421?isModal=True
563,מוקדמות אליפות צעירים חלק ב',comp.asp?compID=467,44,https://loglig.com:2053/LeagueTable/AthleticsDisciplines/10030,80,200m Backstroke,Boys 13,03:10.00,09/02/2024 16:58:00,23,22,/LeagueTable/AthleticsDisciplineResults/44445?isModal=True
564,מוקדמות אליפות צעירים חלק ב',comp.asp?compID=467,44,https://loglig.com:2053/LeagueTable/AthleticsDisciplines/10030,82,200m Backstroke,Boys 14,03:00.00,09/02/2024 17:10:00,25,24,/LeagueTable/AthleticsDisciplineResults/44457?isModal=True
565,מוקדמות אליפות צעירים חלק ב',comp.asp?compID=467,44,https://loglig.com:2053/LeagueTable/AthleticsDisciplines/10030,83,100m Individual Medley,Girls 12,01:40.00,09/02/2024 17:22:00,29,28,/LeagueTable/AthleticsDisciplineResults/44407?isModal=True
566,מוקדמות אליפות צעירים חלק ב',comp.asp?compID=467,44,https://loglig.com:2053/LeagueTable/AthleticsDisciplines/10030,84,100m Individual Medley,Boys 12,01:35.00,09/02/2024 17:29:00,41,39,/LeagueTable/AthleticsDisciplineResults/44431?isModal=True
567,מוקדמות אליפות צעירים חלק ב',comp.asp?compID=467,44,https://loglig.com:2053/LeagueTable/AthleticsDisciplines/10030,85,100m Individual Medley,Girls 13,01:40.00,09/02/2024 17:42:00,32,31,/LeagueTable/AthleticsDisciplineResults/44419?isModal=True
568,מוקדמות אליפות צעירים חלק ב',comp.asp?compID=467,44,https://loglig.com:2053/LeagueTable/AthleticsDisciplines/10030,86,100m Individual Medley,Boys 13,01:30.00,09/02/2024 17:52:00,36,35,/LeagueTable/AthleticsDisciplineResults/44443?isModal=True
569,מוקדמות אליפות צעירים חלק ב',comp.asp?compID=467,44,https://loglig.com:2053/LeagueTable/AthleticsDisciplines/10030,88,100m Individual Medley,Boys 14,01:25.00,09/02/2024 18:02:00,42,39,/LeagueTable/AthleticsDisciplineResults/44455?isModal=True
570,מוקדמות אליפות צעירים חלק ב',comp.asp?compID=467,44,https://loglig.com:2053/LeagueTable/AthleticsDisciplines/10030,89,4X50m Medley Relay,Girls 12-13,00:00.00,09/02/2024 18:14:00,109,84,/LeagueTable/AthleticsDisciplineResults/44476?isModal=True
571,מוקדמות אליפות צעירים חלק ב',comp.asp?compID=467,44,https://loglig.com:2053/LeagueTable/AthleticsDisciplines/10030,90,4X50m Medley Relay,Boys 12,00:00.00,09/02/2024 18:29:00,66,52,/LeagueTable/AthleticsDisciplineResults/44478?isModal=True
572,מוקדמות אליפות צעירים חלק ב',comp.asp?compID=467,44,https://loglig.com:2053/LeagueTable/AthleticsDisciplines/10030,92,4X50m Medley Relay,,00:00.00,09/02/2024 18:39:00,139,108,/LeagueTable/AthleticsDisciplineResults/44480?isModal=True
573,ליגה בוגרים ומסטרס צפונית 1,comp.asp?compID=1500,45,https://loglig.com:2053/LeagueTable/AthleticsDisciplines/10051,1,50m Freestyle,Women 10-99,00:00.00,09/02/2024 10:00:00,16,16,/LeagueTable/AthleticsDisciplineResults/44679?isModal=True
574,ליגה בוגרים ומסטרס צפונית 1,comp.asp?compID=1500,45,https://loglig.com:2053/LeagueTable/AthleticsDisciplines/10051,2,50m Freestyle,Men 10-99,00:00.00,09/02/2024 10:03:00,48,48,/LeagueTable/AthleticsDisciplineResults/44674?isModal=True
575,ליגה בוגרים ומסטרס צפונית 1,comp.asp?compID=1500,45,https://loglig.com:2053/LeagueTable/AthleticsDisciplines/10051,3,100m Backstroke,Women 10-99,00:00.00,09/02/2024 10:09:18,2,2,/LeagueTable/AthleticsDisciplineResults/44675?isModal=True
576,ליגה בוגרים ומסטרס צפונית 1,comp.asp?compID=1500,45,https://loglig.com:2053/LeagueTable/AthleticsDisciplines/10051,4,100m Backstroke,Men 10-99,00:00.00,09/02/2024 10:11:48,5,5,/LeagueTable/AthleticsDisciplineResults/44670?isModal=True
577,ליגה בוגרים ומסטרס צפונית 1,comp.asp?compID=1500,45,https://loglig.com:2053/LeagueTable/AthleticsDisciplines/10051,5,200m Breaststroke,Women 10-99,00:00.00,09/02/2024 10:14:18,2,2,/LeagueTable/AthleticsDisciplineResults/44677?isModal=True
578,ליגה בוגרים ומסטרס צפונית 1,comp.asp?compID=1500,45,https://loglig.com:2053/LeagueTable/AthleticsDisciplines/10051,6,200m Breaststroke,Men 10-99,00:00.00,09/02/2024 10:18:18,9,8,/LeagueTable/AthleticsDisciplineResults/44672?isModal=True
579,ליגה בוגרים ומסטרס צפונית 1,comp.asp?compID=1500,45,https://loglig.com:2053/LeagueTable/AthleticsDisciplines/10051,7,50m Butterfly,Women 10-99,00:00.00,09/02/2024 10:22:18,7,7,/LeagueTable/AthleticsDisciplineResults/44678?isModal=True
580,ליגה בוגרים ומסטרס צפונית 1,comp.asp?compID=1500,45,https://loglig.com:2053/LeagueTable/AthleticsDisciplines/10051,8,50m Butterfly,Men 10-99,00:00.00,09/02/2024 10:24:18,14,14,/LeagueTable/AthleticsDisciplineResults/44673?isModal=True
581,אליפות ישראל arena ותחרות קריטריונים לנוער ובוגרים חורף 2024 ,comp.asp?compID=469,46,https://loglig.com:2053/LeagueTable/AthleticsDisciplines/10091,1,100m Freestyle,Women 14-99,00:00.00,20/02/2024 11:00:00,28,27,/LeagueTable/AthleticsDisciplineResults/47209?isModal=True
582,אליפות ישראל arena ותחרות קריטריונים לנוער ובוגרים חורף 2024 ,comp.asp?compID=469,46,https://loglig.com:2053/LeagueTable/AthleticsDisciplines/10091,2,100m Freestyle,Men 15-99,00:00.00,20/02/2024 11:06:00,43,41,/LeagueTable/AthleticsDisciplineResults/47205?isModal=True
583,אליפות ישראל arena ותחרות קריטריונים לנוער ובוגרים חורף 2024 ,comp.asp?compID=469,46,https://loglig.com:2053/LeagueTable/AthleticsDisciplines/10091,3,50m Breaststroke,Women 14-99,00:00.00,20/02/2024 11:16:00,10,10,/LeagueTable/AthleticsDisciplineResults/47210?isModal=True
584,אליפות ישראל arena ותחרות קריטריונים לנוער ובוגרים חורף 2024 ,comp.asp?compID=469,46,https://loglig.com:2053/LeagueTable/AthleticsDisciplines/10091,4,50m Breaststroke,Men 15-99,00:00.00,20/02/2024 11:19:30,22,19,/LeagueTable/AthleticsDisciplineResults/47206?isModal=True
585,אליפות ישראל arena ותחרות קריטריונים לנוער ובוגרים חורף 2024 ,comp.asp?compID=469,46,https://loglig.com:2053/LeagueTable/AthleticsDisciplines/10091,5,100m Backstroke,Women 14-99,00:00.00,20/02/2024 11:24:00,20,19,/LeagueTable/AthleticsDisciplineResults/47208?isModal=True
586,אליפות ישראל arena ותחרות קריטריונים לנוער ובוגרים חורף 2024 ,comp.asp?compID=469,46,https://loglig.com:2053/LeagueTable/AthleticsDisciplines/10091,6,100m Backstroke,Men 15-99,00:00.00,20/02/2024 11:30:00,19,16,/LeagueTable/AthleticsDisciplineResults/47204?isModal=True
587,אליפות ישראל arena ותחרות קריטריונים לנוער ובוגרים חורף 2024 ,comp.asp?compID=469,46,https://loglig.com:2053/LeagueTable/AthleticsDisciplines/10091,7,50m Butterfly,Women 14-99,00:00.00,20/02/2024 11:36:00,16,16,/LeagueTable/AthleticsDisciplineResults/47211?isModal=True
588,אליפות ישראל arena ותחרות קריטריונים לנוער ובוגרים חורף 2024 ,comp.asp?compID=469,46,https://loglig.com:2053/LeagueTable/AthleticsDisciplines/10091,8,50m Butterfly,Men 15-99,00:00.00,20/02/2024 11:39:00,28,23,/LeagueTable/AthleticsDisciplineResults/47207?isModal=True
589,אליפות ישראל arena ותחרות קריטריונים לנוער ובוגרים חורף 2024 ,comp.asp?compID=469,46,https://loglig.com:2053/LeagueTable/AthleticsDisciplines/10091,9,50m Freestyle,Women 14-99,00:00.00,20/02/2024 11:43:30,23,23,/LeagueTable/AthleticsDisciplineResults/47221?isModal=True
590,אליפות ישראל arena ותחרות קריטריונים לנוער ובוגרים חורף 2024 ,comp.asp?compID=469,46,https://loglig.com:2053/LeagueTable/AthleticsDisciplines/10091,10,50m Freestyle,Men 15-99,00:00.00,20/02/2024 11:48:00,72,57,/LeagueTable/AthleticsDisciplineResults/47220?isModal=True
591,אליפות ישראל arena ותחרות קריטריונים לנוער ובוגרים חורף 2024 ,comp.asp?compID=469,46,https://loglig.com:2053/LeagueTable/AthleticsDisciplines/10091,11,1500m Freestyle,Women 13-99,CategoryMinimumבנות 1420:00.00בנות 1519:40.00בנות 1619:15.00נשים 17-1819:15.00נשים 19-9919:15.00בנות 1319:15.00,20/02/2024 16:30:00,22,22,/LeagueTable/AthleticsDisciplineResults/45244?isModal=True
592,אליפות ישראל arena ותחרות קריטריונים לנוער ובוגרים חורף 2024 ,comp.asp?compID=469,46,https://loglig.com:2053/LeagueTable/AthleticsDisciplines/10091,12,1500m Freestyle,Men 13-99,CategoryMinimumבנים 1518:15.00בנים 1617:55.00גברים 17-1817:30.00גברים 19-9917:15.00בנים 13-1417:15.00,20/02/2024 17:35:00,30,30,/LeagueTable/AthleticsDisciplineResults/45240?isModal=True
593,אליפות ישראל arena ותחרות קריטריונים לנוער ובוגרים חורף 2024 ,comp.asp?compID=469,46,https://loglig.com:2053/LeagueTable/AthleticsDisciplines/10091,13,50m Breaststroke,Girls 14-15,CategoryMinimumבנות 1400:41.50בנות 1500:40.00,21/02/2024 09:00:00,40,39,/LeagueTable/AthleticsDisciplineResults/45186?isModal=True
594,אליפות ישראל arena ותחרות קריטריונים לנוער ובוגרים חורף 2024 ,comp.asp?compID=469,46,https://loglig.com:2053/LeagueTable/AthleticsDisciplines/10091,14,50m Breaststroke,Boys 15-16,CategoryMinimumבנים 1500:37.50בנים 1600:36.50,21/02/2024 09:06:00,46,44,/LeagueTable/AthleticsDisciplineResults/45199?isModal=True
595,אליפות ישראל arena ותחרות קריטריונים לנוער ובוגרים חורף 2024 ,comp.asp?compID=469,46,https://loglig.com:2053/LeagueTable/AthleticsDisciplines/10091,15,50m Breaststroke,Women 16-99,CategoryMinimumבנות 16-1800:39.50נשים 19-9900:38.00בנות 1300:38.00,21/02/2024 09:13:30,23,21,/LeagueTable/AthleticsDisciplineResults/45238?isModal=True
596,אליפות ישראל arena ותחרות קריטריונים לנוער ובוגרים חורף 2024 ,comp.asp?compID=469,46,https://loglig.com:2053/LeagueTable/AthleticsDisciplines/10091,16,50m Breaststroke,,00:34.50,21/02/2024 09:18:00,34,33,/LeagueTable/AthleticsDisciplineResults/45212?isModal=True
597,אליפות ישראל arena ותחרות קריטריונים לנוער ובוגרים חורף 2024 ,comp.asp?compID=469,46,https://loglig.com:2053/LeagueTable/AthleticsDisciplines/10091,18,50m Breaststroke,Men 19-99,00:32.50,21/02/2024 09:24:00,13,12,/LeagueTable/AthleticsDisciplineResults/45225?isModal=True
598,אליפות ישראל arena ותחרות קריטריונים לנוער ובוגרים חורף 2024 ,comp.asp?compID=469,46,https://loglig.com:2053/LeagueTable/AthleticsDisciplines/10091,19,200m Backstroke,Girls 14-15,CategoryMinimumבנות 1402:52.00בנות 1502:47.00,21/02/2024 09:27:00,29,28,/LeagueTable/AthleticsDisciplineResults/45179?isModal=True
599,אליפות ישראל arena ותחרות קריטריונים לנוער ובוגרים חורף 2024 ,comp.asp?compID=469,46,https://loglig.com:2053/LeagueTable/AthleticsDisciplines/10091,20,200m Backstroke,Boys 15-16,CategoryMinimumבנים 1502:33.00בנים 1602:29.00,21/02/2024 09:36:00,42,40,/LeagueTable/AthleticsDisciplineResults/45192?isModal=True
600,אליפות ישראל arena ותחרות קריטריונים לנוער ובוגרים חורף 2024 ,comp.asp?compID=469,46,https://loglig.com:2053/LeagueTable/AthleticsDisciplines/10091,21,200m Backstroke,Women 16-99,CategoryMinimumבנות 16-1802:42.00נשים 19-9902:36.00בנות 1302:36.00,21/02/2024 09:53:30,21,21,/LeagueTable/AthleticsDisciplineResults/45231?isModal=True
601,אליפות ישראל arena ותחרות קריטריונים לנוער ובוגרים חורף 2024 ,comp.asp?compID=469,46,https://loglig.com:2053/LeagueTable/AthleticsDisciplines/10091,22,200m Backstroke,,02:25.00,21/02/2024 10:04:00,22,21,/LeagueTable/AthleticsDisciplineResults/45205?isModal=True
602,אליפות ישראל arena ותחרות קריטריונים לנוער ובוגרים חורף 2024 ,comp.asp?compID=469,46,https://loglig.com:2053/LeagueTable/AthleticsDisciplines/10091,24,200m Backstroke,Men 19-99,02:20.00,21/02/2024 10:14:30,7,7,/LeagueTable/AthleticsDisciplineResults/45218?isModal=True
603,אליפות ישראל arena ותחרות קריטריונים לנוער ובוגרים חורף 2024 ,comp.asp?compID=469,46,https://loglig.com:2053/LeagueTable/AthleticsDisciplines/10091,25,100m Butterfly,Girls 14-15,CategoryMinimumבנות 1401:21.00בנות 1501:18.00,21/02/2024 10:18:00,45,44,/LeagueTable/AthleticsDisciplineResults/45178?isModal=True
604,אליפות ישראל arena ותחרות קריטריונים לנוער ובוגרים חורף 2024 ,comp.asp?compID=469,46,https://loglig.com:2053/LeagueTable/AthleticsDisciplines/10091,26,100m Butterfly,Boys 15-16,CategoryMinimumבנים 1501:12.00בנים 1601:09.00,21/02/2024 10:28:00,54,52,/LeagueTable/AthleticsDisciplineResults/45191?isModal=True
605,אליפות ישראל arena ותחרות קריטריונים לנוער ובוגרים חורף 2024 ,comp.asp?compID=469,46,https://loglig.com:2053/LeagueTable/AthleticsDisciplines/10091,27,100m Butterfly,Women 16-99,CategoryMinimumבנות 16-1801:16.00נשים 19-9901:11.50בנות 1301:11.50,21/02/2024 10:40:00,38,37,/LeagueTable/AthleticsDisciplineResults/45230?isModal=True
606,אליפות ישראל arena ותחרות קריטריונים לנוער ובוגרים חורף 2024 ,comp.asp?compID=469,46,https://loglig.com:2053/LeagueTable/AthleticsDisciplines/10091,28,100m Butterfly,,01:06.50,21/02/2024 10:48:00,47,44,/LeagueTable/AthleticsDisciplineResults/45204?isModal=True
607,אליפות ישראל arena ותחרות קריטריונים לנוער ובוגרים חורף 2024 ,comp.asp?compID=469,46,https://loglig.com:2053/LeagueTable/AthleticsDisciplines/10091,30,100m Butterfly,Men 19-99,01:03.50,21/02/2024 10:58:00,19,19,/LeagueTable/AthleticsDisciplineResults/45217?isModal=True
608,אליפות ישראל arena ותחרות קריטריונים לנוער ובוגרים חורף 2024 ,comp.asp?compID=469,46,https://loglig.com:2053/LeagueTable/AthleticsDisciplines/10091,31,400m Freestyle,Women 13-99,CategoryMinimumבנות 1405:08.00בנות 1505:02.00בנות 16-1804:56.00נשים 19-9904:50.00בנות 1304:50.00,21/02/2024 11:02:00,45,44,/LeagueTable/AthleticsDisciplineResults/45245?isModal=True
609,אליפות ישראל arena ותחרות קריטריונים לנוער ובוגרים חורף 2024 ,comp.asp?compID=469,46,https://loglig.com:2053/LeagueTable/AthleticsDisciplines/10091,32,400m Freestyle,Men 13-99,CategoryMinimumבנים 1504:44.00בנים 1604:36.00גברים 17-1804:30.00גברים 19-9904:24.00בנים 13-1404:24.00,21/02/2024 11:32:00,72,71,/LeagueTable/AthleticsDisciplineResults/45241?isModal=True
610,אליפות ישראל arena ותחרות קריטריונים לנוער ובוגרים חורף 2024 ,comp.asp?compID=469,46,https://loglig.com:2053/LeagueTable/AthleticsDisciplines/10091,33,4X50m Freestyle Relay,Girls 14-15,00:00.00,21/02/2024 12:16:00,120,92,/LeagueTable/AthleticsDisciplineResults/46304?isModal=True
611,אליפות ישראל arena ותחרות קריטריונים לנוער ובוגרים חורף 2024 ,comp.asp?compID=469,46,https://loglig.com:2053/LeagueTable/AthleticsDisciplines/10091,35,50m Backstroke,Girls 14-15,CategoryMinimumבנות 1400:32.50בנות 1500:31.80,22/02/2024 09:00:00,35,35,/LeagueTable/AthleticsDisciplineResults/45184?isModal=True
612,אליפות ישראל arena ותחרות קריטריונים לנוער ובוגרים חורף 2024 ,comp.asp?compID=469,46,https://loglig.com:2053/LeagueTable/AthleticsDisciplines/10091,36,50m Backstroke,Boys 15-16,CategoryMinimumבנים 1500:33.50בנים 1600:32.50,22/02/2024 09:06:00,34,32,/LeagueTable/AthleticsDisciplineResults/45197?isModal=True
613,אליפות ישראל arena ותחרות קריטריונים לנוער ובוגרים חורף 2024 ,comp.asp?compID=469,46,https://loglig.com:2053/LeagueTable/AthleticsDisciplines/10091,37,50m Backstroke,Women 16-99,CategoryMinimumבנות 1600:35.50נשים 17-1800:35.50נשים 19-9900:34.00,22/02/2024 09:12:00,31,29,/LeagueTable/AthleticsDisciplineResults/45236?isModal=True
614,אליפות ישראל arena ותחרות קריטריונים לנוער ובוגרים חורף 2024 ,comp.asp?compID=469,46,https://loglig.com:2053/LeagueTable/AthleticsDisciplines/10091,38,50m Backstroke,,00:31.50,22/02/2024 09:18:00,29,24,/LeagueTable/AthleticsDisciplineResults/45210?isModal=True
615,אליפות ישראל arena ותחרות קריטריונים לנוער ובוגרים חורף 2024 ,comp.asp?compID=469,46,https://loglig.com:2053/LeagueTable/AthleticsDisciplines/10091,40,50m Backstroke,Men 19-99,00:30.00,22/02/2024 09:22:30,12,12,/LeagueTable/AthleticsDisciplineResults/45223?isModal=True
616,אליפות ישראל arena ותחרות קריטריונים לנוער ובוגרים חורף 2024 ,comp.asp?compID=469,46,https://loglig.com:2053/LeagueTable/AthleticsDisciplines/10091,41,200m Butterfly,Girls 14-15,CategoryMinimumבנות 1402:54.00בנות 1502:49.00,22/02/2024 09:25:30,24,24,/LeagueTable/AthleticsDisciplineResults/45183?isModal=True
617,אליפות ישראל arena ותחרות קריטריונים לנוער ובוגרים חורף 2024 ,comp.asp?compID=469,46,https://loglig.com:2053/LeagueTable/AthleticsDisciplines/10091,42,200m Butterfly,Boys 15-16,CategoryMinimumבנים 1502:34.00בנים 1602:30.00,22/02/2024 09:36:00,23,23,/LeagueTable/AthleticsDisciplineResults/45196?isModal=True
618,אליפות ישראל arena ותחרות קריטריונים לנוער ובוגרים חורף 2024 ,comp.asp?compID=469,46,https://loglig.com:2053/LeagueTable/AthleticsDisciplines/10091,43,200m Butterfly,Women 16-99,CategoryMinimumבנות 16-1802:45.00נשים 19-9902:40.00,22/02/2024 09:46:30,10,10,/LeagueTable/AthleticsDisciplineResults/45235?isModal=True
619,אליפות ישראל arena ותחרות קריטריונים לנוער ובוגרים חורף 2024 ,comp.asp?compID=469,46,https://loglig.com:2053/LeagueTable/AthleticsDisciplines/10091,44,200m Butterfly,,02:30.00,22/02/2024 09:49:30,24,23,/LeagueTable/AthleticsDisciplineResults/45209?isModal=True
620,אליפות ישראל arena ותחרות קריטריונים לנוער ובוגרים חורף 2024 ,comp.asp?compID=469,46,https://loglig.com:2053/LeagueTable/AthleticsDisciplines/10091,46,200m Butterfly,Men 19-99,02:23.00,22/02/2024 09:58:30,5,5,/LeagueTable/AthleticsDisciplineResults/45222?isModal=True
621,אליפות ישראל arena ותחרות קריטריונים לנוער ובוגרים חורף 2024 ,comp.asp?compID=469,46,https://loglig.com:2053/LeagueTable/AthleticsDisciplines/10091,47,100m Freestyle,Girls 14-15,CategoryMinimumבנות 1401:10.00בנות 1501:08.50,22/02/2024 10:01:30,60,60,/LeagueTable/AthleticsDisciplineResults/45176?isModal=True
622,אליפות ישראל arena ותחרות קריטריונים לנוער ובוגרים חורף 2024 ,comp.asp?compID=469,46,https://loglig.com:2053/LeagueTable/AthleticsDisciplines/10091,48,100m Freestyle,Boys 15-16,CategoryMinimumבנים 1501:02.50בנים 1601:01.00,22/02/2024 10:13:30,79,77,/LeagueTable/AthleticsDisciplineResults/45189?isModal=True
623,אליפות ישראל arena ותחרות קריטריונים לנוער ובוגרים חורף 2024 ,comp.asp?compID=469,46,https://loglig.com:2053/LeagueTable/AthleticsDisciplines/10091,49,100m Freestyle,Women 16-99,CategoryMinimumבנות 16-1801:06.50נשים 19-9901:02.50,22/02/2024 10:29:30,50,47,/LeagueTable/AthleticsDisciplineResults/45228?isModal=True
624,אליפות ישראל arena ותחרות קריטריונים לנוער ובוגרים חורף 2024 ,comp.asp?compID=469,46,https://loglig.com:2053/LeagueTable/AthleticsDisciplines/10091,50,100m Freestyle,,00:59.20,22/02/2024 10:39:30,51,49,/LeagueTable/AthleticsDisciplineResults/45202?isModal=True
625,אליפות ישראל arena ותחרות קריטריונים לנוער ובוגרים חורף 2024 ,comp.asp?compID=469,46,https://loglig.com:2053/LeagueTable/AthleticsDisciplines/10091,52,100m Freestyle,Men 19-99,00:56.00,22/02/2024 10:51:30,30,26,/LeagueTable/AthleticsDisciplineResults/45215?isModal=True
626,אליפות ישראל arena ותחרות קריטריונים לנוער ובוגרים חורף 2024 ,comp.asp?compID=469,46,https://loglig.com:2053/LeagueTable/AthleticsDisciplines/10091,53,200m Breaststroke,Girls 14-15,CategoryMinimumבנות 1403:13.00בנות 1503:09.00,22/02/2024 10:57:30,34,34,/LeagueTable/AthleticsDisciplineResults/45181?isModal=True
627,אליפות ישראל arena ותחרות קריטריונים לנוער ובוגרים חורף 2024 ,comp.asp?compID=469,46,https://loglig.com:2053/LeagueTable/AthleticsDisciplines/10091,54,200m Breaststroke,Boys 15-16,CategoryMinimumבנים 1502:55.00בנים 1602:50.00,22/02/2024 11:11:30,42,41,/LeagueTable/AthleticsDisciplineResults/45194?isModal=True
628,אליפות ישראל arena ותחרות קריטריונים לנוער ובוגרים חורף 2024 ,comp.asp?compID=469,46,https://loglig.com:2053/LeagueTable/AthleticsDisciplines/10091,55,200m Breaststroke,Women 16-99,CategoryMinimumבנות 16-1803:05.00נשים 19-9903:00.00,22/02/2024 11:29:00,14,14,/LeagueTable/AthleticsDisciplineResults/45233?isModal=True
629,אליפות ישראל arena ותחרות קריטריונים לנוער ובוגרים חורף 2024 ,comp.asp?compID=469,46,https://loglig.com:2053/LeagueTable/AthleticsDisciplines/10091,56,200m Breaststroke,,02:44.00,22/02/2024 11:36:00,22,21,/LeagueTable/AthleticsDisciplineResults/45207?isModal=True
630,אליפות ישראל arena ותחרות קריטריונים לנוער ובוגרים חורף 2024 ,comp.asp?compID=469,46,https://loglig.com:2053/LeagueTable/AthleticsDisciplines/10091,58,200m Breaststroke,Men 19-99,02:37.00,22/02/2024 11:46:30,10,9,/LeagueTable/AthleticsDisciplineResults/45220?isModal=True
631,אליפות ישראל arena ותחרות קריטריונים לנוער ובוגרים חורף 2024 ,comp.asp?compID=469,46,https://loglig.com:2053/LeagueTable/AthleticsDisciplines/10091,60,4X50m Freestyle Relay,Boys 15-16,00:00.00,22/02/2024 11:49:30,111,80,/LeagueTable/AthleticsDisciplineResults/46306?isModal=True
632,אליפות ישראל arena ותחרות קריטריונים לנוער ובוגרים חורף 2024 ,comp.asp?compID=469,46,https://loglig.com:2053/LeagueTable/AthleticsDisciplines/10091,61,50m Freestyle,Girls 14-15,CategoryMinimumבנות 1400:32.50בנות 1500:31.80,23/02/2024 09:00:00,77,72,/LeagueTable/AthleticsDisciplineResults/45185?isModal=True
633,אליפות ישראל arena ותחרות קריטריונים לנוער ובוגרים חורף 2024 ,comp.asp?compID=469,46,https://loglig.com:2053/LeagueTable/AthleticsDisciplines/10091,62,50m Freestyle,Boys 15-16,CategoryMinimumבנים 1500:29.80בנים 1600:28.30,23/02/2024 09:12:00,78,76,/LeagueTable/AthleticsDisciplineResults/45198?isModal=True
634,אליפות ישראל arena ותחרות קריטריונים לנוער ובוגרים חורף 2024 ,comp.asp?compID=469,46,https://loglig.com:2053/LeagueTable/AthleticsDisciplines/10091,63,50m Freestyle,Women 16-99,CategoryMinimumבנות 16-1800:31.00נשים 19-9900:29.50,23/02/2024 09:24:00,62,56,/LeagueTable/AthleticsDisciplineResults/45237?isModal=True
635,אליפות ישראל arena ותחרות קריטריונים לנוער ובוגרים חורף 2024 ,comp.asp?compID=469,46,https://loglig.com:2053/LeagueTable/AthleticsDisciplines/10091,64,50m Freestyle,,00:27.00,23/02/2024 09:34:30,45,43,/LeagueTable/AthleticsDisciplineResults/45211?isModal=True
636,אליפות ישראל arena ותחרות קריטריונים לנוער ובוגרים חורף 2024 ,comp.asp?compID=469,46,https://loglig.com:2053/LeagueTable/AthleticsDisciplines/10091,66,50m Freestyle,Men 19-99,00:26.00,23/02/2024 09:42:00,27,21,/LeagueTable/AthleticsDisciplineResults/45224?isModal=True
637,אליפות ישראל arena ותחרות קריטריונים לנוער ובוגרים חורף 2024 ,comp.asp?compID=469,46,https://loglig.com:2053/LeagueTable/AthleticsDisciplines/10091,67,200m Individual Medley,Girls 14-15,CategoryMinimumבנות 1402:54.00בנות 1502:50.00,23/02/2024 09:46:30,40,40,/LeagueTable/AthleticsDisciplineResults/45182?isModal=True
638,אליפות ישראל arena ותחרות קריטריונים לנוער ובוגרים חורף 2024 ,comp.asp?compID=469,46,https://loglig.com:2053/LeagueTable/AthleticsDisciplines/10091,68,200m Individual Medley,Boys 15-16,CategoryMinimumבנים 1502:34.00בנים 1602:31.00,23/02/2024 09:59:00,50,49,/LeagueTable/AthleticsDisciplineResults/45195?isModal=True
639,אליפות ישראל arena ותחרות קריטריונים לנוער ובוגרים חורף 2024 ,comp.asp?compID=469,46,https://loglig.com:2053/LeagueTable/AthleticsDisciplines/10091,69,200m Individual Medley,Women 16-99,CategoryMinimumבנות 16-1802:46.00נשים 19-9902:40.00,23/02/2024 10:16:00,23,22,/LeagueTable/AthleticsDisciplineResults/45234?isModal=True
640,אליפות ישראל arena ותחרות קריטריונים לנוער ובוגרים חורף 2024 ,comp.asp?compID=469,46,https://loglig.com:2053/LeagueTable/AthleticsDisciplines/10091,70,200m Individual Medley,,02:28.00,23/02/2024 10:26:00,30,29,/LeagueTable/AthleticsDisciplineResults/45208?isModal=True
641,אליפות ישראל arena ותחרות קריטריונים לנוער ובוגרים חורף 2024 ,comp.asp?compID=469,46,https://loglig.com:2053/LeagueTable/AthleticsDisciplines/10091,72,200m Individual Medley,Men 19-99,02:22.00,23/02/2024 10:35:00,15,14,/LeagueTable/AthleticsDisciplineResults/45221?isModal=True
642,אליפות ישראל arena ותחרות קריטריונים לנוער ובוגרים חורף 2024 ,comp.asp?compID=469,46,https://loglig.com:2053/LeagueTable/AthleticsDisciplines/10091,73,100m Backstroke,Girls 14-15,CategoryMinimumבנות 1401:21.00בנות 1501:19.00,23/02/2024 10:41:00,36,36,/LeagueTable/AthleticsDisciplineResults/45175?isModal=True
643,אליפות ישראל arena ותחרות קריטריונים לנוער ובוגרים חורף 2024 ,comp.asp?compID=469,46,https://loglig.com:2053/LeagueTable/AthleticsDisciplines/10091,74,100m Backstroke,Boys 15-16,CategoryMinimumבנים 1501:11.00בנים 1601:10.00,23/02/2024 10:53:00,47,43,/LeagueTable/AthleticsDisciplineResults/45188?isModal=True
644,אליפות ישראל arena ותחרות קריטריונים לנוער ובוגרים חורף 2024 ,comp.asp?compID=469,46,https://loglig.com:2053/LeagueTable/AthleticsDisciplines/10091,75,100m Backstroke,Women 16-99,CategoryMinimumבנות 16-1801:17.00נשים 19-9901:12.50,23/02/2024 11:08:00,30,29,/LeagueTable/AthleticsDisciplineResults/45227?isModal=True
645,אליפות ישראל arena ותחרות קריטריונים לנוער ובוגרים חורף 2024 ,comp.asp?compID=469,46,https://loglig.com:2053/LeagueTable/AthleticsDisciplines/10091,76,100m Backstroke,,01:08.50,23/02/2024 11:17:00,29,27,/LeagueTable/AthleticsDisciplineResults/45201?isModal=True
646,אליפות ישראל arena ותחרות קריטריונים לנוער ובוגרים חורף 2024 ,comp.asp?compID=469,46,https://loglig.com:2053/LeagueTable/AthleticsDisciplines/10091,78,100m Backstroke,Men 19-99,01:06.00,23/02/2024 11:26:00,13,12,/LeagueTable/AthleticsDisciplineResults/45214?isModal=True
647,אליפות ישראל arena ותחרות קריטריונים לנוער ובוגרים חורף 2024 ,comp.asp?compID=469,46,https://loglig.com:2053/LeagueTable/AthleticsDisciplines/10091,79,800m Freestyle,Women 13-99,CategoryMinimumבנות 1410:30.00בנות 1510:20.00בנות 16-1810:10.00נשים 19-9909:55.00בנות 1309:55.00,23/02/2024 11:32:00,28,27,/LeagueTable/AthleticsDisciplineResults/45247?isModal=True
648,אליפות ישראל arena ותחרות קריטריונים לנוער ובוגרים חורף 2024 ,comp.asp?compID=469,46,https://loglig.com:2053/LeagueTable/AthleticsDisciplines/10091,80,800m Freestyle,Men 13-99,CategoryMinimumבנים 1509:45.00בנים 1609:39.00גברים 17-1809:15.00גברים 19-9909:00.00בנים 13-1409:00.00,23/02/2024 11:56:00,34,33,/LeagueTable/AthleticsDisciplineResults/45243?isModal=True
649,אליפות ישראל arena ותחרות קריטריונים לנוער ובוגרים חורף 2024 ,comp.asp?compID=469,46,https://loglig.com:2053/LeagueTable/AthleticsDisciplines/10091,81,4X50m Medley Relay,Girls 14-15,00:00.00,23/02/2024 12:29:00,115,88,/LeagueTable/AthleticsDisciplineResults/46305?isModal=True
650,אליפות ישראל arena ותחרות קריטריונים לנוער ובוגרים חורף 2024 ,comp.asp?compID=469,46,https://loglig.com:2053/LeagueTable/AthleticsDisciplines/10091,83,50m Butterfly,Girls 14-15,CategoryMinimumבנות 1400:35.00בנות 1500:34.50,24/02/2024 09:30:00,40,40,/LeagueTable/AthleticsDisciplineResults/45187?isModal=True
651,אליפות ישראל arena ותחרות קריטריונים לנוער ובוגרים חורף 2024 ,comp.asp?compID=469,46,https://loglig.com:2053/LeagueTable/AthleticsDisciplines/10091,84,50m Butterfly,Boys 15-16,CategoryMinimumבנים 1500:32.50בנים 1600:31.00,24/02/2024 09:37:30,53,52,/LeagueTable/AthleticsDisciplineResults/45200?isModal=True
652,אליפות ישראל arena ותחרות קריטריונים לנוער ובוגרים חורף 2024 ,comp.asp?compID=469,46,https://loglig.com:2053/LeagueTable/AthleticsDisciplines/10091,85,50m Butterfly,Women 16-99,CategoryMinimumבנות 16-1800:33.50נשים 19-9900:32.00,24/02/2024 09:46:30,45,41,/LeagueTable/AthleticsDisciplineResults/45239?isModal=True
653,אליפות ישראל arena ותחרות קריטריונים לנוער ובוגרים חורף 2024 ,comp.asp?compID=469,46,https://loglig.com:2053/LeagueTable/AthleticsDisciplines/10091,86,50m Butterfly,,00:29.50,24/02/2024 09:54:00,54,50,/LeagueTable/AthleticsDisciplineResults/45213?isModal=True
654,אליפות ישראל arena ותחרות קריטריונים לנוער ובוגרים חורף 2024 ,comp.asp?compID=469,46,https://loglig.com:2053/LeagueTable/AthleticsDisciplines/10091,88,50m Butterfly,Men 19-99,00:28.00,24/02/2024 10:03:00,22,20,/LeagueTable/AthleticsDisciplineResults/45226?isModal=True
655,אליפות ישראל arena ותחרות קריטריונים לנוער ובוגרים חורף 2024 ,comp.asp?compID=469,46,https://loglig.com:2053/LeagueTable/AthleticsDisciplines/10091,89,400m Individual Medley,Women 13-99,CategoryMinimumבנות 1405:50.00בנות 1505:42.00בנות 16-1805:34.00נשים 19-9905:25.00בנות 1305:25.00,24/02/2024 10:07:30,22,22,/LeagueTable/AthleticsDisciplineResults/45246?isModal=True
656,אליפות ישראל arena ותחרות קריטריונים לנוער ובוגרים חורף 2024 ,comp.asp?compID=469,46,https://loglig.com:2053/LeagueTable/AthleticsDisciplines/10091,90,400m Individual Medley,Men 13-99,CategoryMinimumבנים 1505:15.00בנים 1605:05.00גברים 17-1804:55.00גברים 19-9904:50.00בנים 13-1404:50.00,24/02/2024 10:27:00,32,31,/LeagueTable/AthleticsDisciplineResults/45242?isModal=True
657,אליפות ישראל arena ותחרות קריטריונים לנוער ובוגרים חורף 2024 ,comp.asp?compID=469,46,https://loglig.com:2053/LeagueTable/AthleticsDisciplines/10091,91,200m Freestyle,Girls 14-15,CategoryMinimumבנות 1402:35.00בנות 1502:31.00,24/02/2024 10:49:00,47,47,/LeagueTable/AthleticsDisciplineResults/45180?isModal=True
658,אליפות ישראל arena ותחרות קריטריונים לנוער ובוגרים חורף 2024 ,comp.asp?compID=469,46,https://loglig.com:2053/LeagueTable/AthleticsDisciplines/10091,92,200m Freestyle,Boys 15-16,CategoryMinimumבנים 1502:16.00בנים 1602:12.50,24/02/2024 11:06:30,53,51,/LeagueTable/AthleticsDisciplineResults/45193?isModal=True
659,אליפות ישראל arena ותחרות קריטריונים לנוער ובוגרים חורף 2024 ,comp.asp?compID=469,46,https://loglig.com:2053/LeagueTable/AthleticsDisciplines/10091,93,200m Freestyle,Women 16-99,CategoryMinimumבנות 16-1802:26.00נשים 19-9902:20.00,24/02/2024 11:27:30,37,36,/LeagueTable/AthleticsDisciplineResults/45232?isModal=True
660,אליפות ישראל arena ותחרות קריטריונים לנוער ובוגרים חורף 2024 ,comp.asp?compID=469,46,https://loglig.com:2053/LeagueTable/AthleticsDisciplines/10091,94,200m Freestyle,,02:08.50,24/02/2024 11:39:30,31,29,/LeagueTable/AthleticsDisciplineResults/45206?isModal=True
661,אליפות ישראל arena ותחרות קריטריונים לנוער ובוגרים חורף 2024 ,comp.asp?compID=469,46,https://loglig.com:2053/LeagueTable/AthleticsDisciplines/10091,96,200m Freestyle,Men 19-99,02:04.00,24/02/2024 11:51:30,14,13,/LeagueTable/AthleticsDisciplineResults/45219?isModal=True
662,אליפות ישראל arena ותחרות קריטריונים לנוער ובוגרים חורף 2024 ,comp.asp?compID=469,46,https://loglig.com:2053/LeagueTable/AthleticsDisciplines/10091,97,100m Breaststroke,Girls 14-15,CategoryMinimumבנות 1401:32.00בנות 1501:30.00,24/02/2024 11:57:30,47,45,/LeagueTable/AthleticsDisciplineResults/45177?isModal=True
663,אליפות ישראל arena ותחרות קריטריונים לנוער ובוגרים חורף 2024 ,comp.asp?compID=469,46,https://loglig.com:2053/LeagueTable/AthleticsDisciplines/10091,98,100m Breaststroke,Boys 15-16,CategoryMinimumבנים 1501:23.00בנים 1601:20.00,24/02/2024 12:07:30,57,52,/LeagueTable/AthleticsDisciplineResults/45190?isModal=True
664,אליפות ישראל arena ותחרות קריטריונים לנוער ובוגרים חורף 2024 ,comp.asp?compID=469,46,https://loglig.com:2053/LeagueTable/AthleticsDisciplines/10091,99,100m Breaststroke,Women 16-99,CategoryMinimumבנות 16-1801:27.00נשים 19-9901:23.00,24/02/2024 12:19:30,15,14,/LeagueTable/AthleticsDisciplineResults/45229?isModal=True
665,אליפות ישראל arena ותחרות קריטריונים לנוער ובוגרים חורף 2024 ,comp.asp?compID=469,46,https://loglig.com:2053/LeagueTable/AthleticsDisciplines/10091,100,100m Breaststroke,,01:17.50,24/02/2024 12:23:30,29,29,/LeagueTable/AthleticsDisciplineResults/45203?isModal=True
666,אליפות ישראל arena ותחרות קריטריונים לנוער ובוגרים חורף 2024 ,comp.asp?compID=469,46,https://loglig.com:2053/LeagueTable/AthleticsDisciplines/10091,102,100m Breaststroke,Men 19-99,01:12.00,24/02/2024 12:29:30,17,15,/LeagueTable/AthleticsDisciplineResults/45216?isModal=True
667,אליפות ישראל arena ותחרות קריטריונים לנוער ובוגרים חורף 2024 ,comp.asp?compID=469,46,https://loglig.com:2053/LeagueTable/AthleticsDisciplines/10091,104,4X50m Medley Relay,Boys 15-16,00:00.00,24/02/2024 12:33:30,103,80,/LeagueTable/AthleticsDisciplineResults/46307?isModal=True
668,אליפות ישראל arena ותחרות קריטריונים לנוער ובוגרים חורף 2024 ,comp.asp?compID=469,46,https://loglig.com:2053/LeagueTable/AthleticsDisciplines/10091,801,50m Breaststroke,Women 13-99,00:00.00,21/02/2024 17:00:00,30,30,/LeagueTable/AthleticsDisciplineResults/47334?isModal=True
669,אליפות ישראל arena ותחרות קריטריונים לנוער ובוגרים חורף 2024 ,comp.asp?compID=469,46,https://loglig.com:2053/LeagueTable/AthleticsDisciplines/10091,802,50m Breaststroke,Men 13-99,00:00.00,21/02/2024 17:06:00,30,30,/LeagueTable/AthleticsDisciplineResults/47330?isModal=True
670,אליפות ישראל arena ותחרות קריטריונים לנוער ובוגרים חורף 2024 ,comp.asp?compID=469,46,https://loglig.com:2053/LeagueTable/AthleticsDisciplines/10091,803,200m Backstroke,Women 13-99,00:00.00,21/02/2024 17:12:00,30,30,/LeagueTable/AthleticsDisciplineResults/47332?isModal=True
671,אליפות ישראל arena ותחרות קריטריונים לנוער ובוגרים חורף 2024 ,comp.asp?compID=469,46,https://loglig.com:2053/LeagueTable/AthleticsDisciplines/10091,804,200m Backstroke,Men 13-99,00:00.00,21/02/2024 17:29:00,30,29,/LeagueTable/AthleticsDisciplineResults/47328?isModal=True
672,אליפות ישראל arena ותחרות קריטריונים לנוער ובוגרים חורף 2024 ,comp.asp?compID=469,46,https://loglig.com:2053/LeagueTable/AthleticsDisciplines/10091,805,100m Butterfly,Women 13-99,00:00.00,21/02/2024 17:41:00,31,30,/LeagueTable/AthleticsDisciplineResults/47331?isModal=True
673,אליפות ישראל arena ותחרות קריטריונים לנוער ובוגרים חורף 2024 ,comp.asp?compID=469,46,https://loglig.com:2053/LeagueTable/AthleticsDisciplines/10091,806,100m Butterfly,Men 13-99,00:00.00,21/02/2024 17:48:30,30,30,/LeagueTable/AthleticsDisciplineResults/47327?isModal=True
674,אליפות ישראל arena ותחרות קריטריונים לנוער ובוגרים חורף 2024 ,comp.asp?compID=469,46,https://loglig.com:2053/LeagueTable/AthleticsDisciplines/10091,807,400m Freestyle,Women 13-99,00:00.00,21/02/2024 17:55:00,30,30,/LeagueTable/AthleticsDisciplineResults/47333?isModal=True
675,אליפות ישראל arena ותחרות קריטריונים לנוער ובוגרים חורף 2024 ,comp.asp?compID=469,46,https://loglig.com:2053/LeagueTable/AthleticsDisciplines/10091,808,400m Freestyle,Men 13-99,00:00.00,21/02/2024 18:27:00,30,30,/LeagueTable/AthleticsDisciplineResults/47329?isModal=True
676,אליפות ישראל arena ותחרות קריטריונים לנוער ובוגרים חורף 2024 ,comp.asp?compID=469,46,https://loglig.com:2053/LeagueTable/AthleticsDisciplines/10091,809,4X50m Freestyle Relay,Women 13-99,00:00.00,21/02/2024 18:45:00,107,80,/LeagueTable/AthleticsDisciplineResults/45252?isModal=True
677,אליפות ישראל arena ותחרות קריטריונים לנוער ובוגרים חורף 2024 ,comp.asp?compID=469,46,https://loglig.com:2053/LeagueTable/AthleticsDisciplines/10091,810,4X50m Freestyle Relay,Men 13-99,00:00.00,21/02/2024 19:00:00,128,96,/LeagueTable/AthleticsDisciplineResults/45249?isModal=True
678,אליפות ישראל arena ותחרות קריטריונים לנוער ובוגרים חורף 2024 ,comp.asp?compID=469,46,https://loglig.com:2053/LeagueTable/AthleticsDisciplines/10091,811,50m Backstroke,Women 13-99,00:00.00,22/02/2024 17:05:00,30,30,/LeagueTable/AthleticsDisciplineResults/47342?isModal=True
679,אליפות ישראל arena ותחרות קריטריונים לנוער ובוגרים חורף 2024 ,comp.asp?compID=469,46,https://loglig.com:2053/LeagueTable/AthleticsDisciplines/10091,812,50m Backstroke,Men 13-99,00:00.00,22/02/2024 17:11:00,30,30,/LeagueTable/AthleticsDisciplineResults/47338?isModal=True
680,אליפות ישראל arena ותחרות קריטריונים לנוער ובוגרים חורף 2024 ,comp.asp?compID=469,46,https://loglig.com:2053/LeagueTable/AthleticsDisciplines/10091,813,200m Butterfly,Women 13-99,00:00.00,22/02/2024 17:17:00,30,29,/LeagueTable/AthleticsDisciplineResults/47341?isModal=True
681,אליפות ישראל arena ותחרות קריטריונים לנוער ובוגרים חורף 2024 ,comp.asp?compID=469,46,https://loglig.com:2053/LeagueTable/AthleticsDisciplines/10091,814,200m Butterfly,Men 13-99,00:00.00,22/02/2024 17:34:00,30,30,/LeagueTable/AthleticsDisciplineResults/47337?isModal=True
682,אליפות ישראל arena ותחרות קריטריונים לנוער ובוגרים חורף 2024 ,comp.asp?compID=469,46,https://loglig.com:2053/LeagueTable/AthleticsDisciplines/10091,815,100m Freestyle,Women 13-99,00:00.00,22/02/2024 17:44:00,30,29,/LeagueTable/AthleticsDisciplineResults/47339?isModal=True
683,אליפות ישראל arena ותחרות קריטריונים לנוער ובוגרים חורף 2024 ,comp.asp?compID=469,46,https://loglig.com:2053/LeagueTable/AthleticsDisciplines/10091,816,100m Freestyle,Men 13-99,00:00.00,22/02/2024 18:01:00,30,30,/LeagueTable/AthleticsDisciplineResults/47335?isModal=True
684,אליפות ישראל arena ותחרות קריטריונים לנוער ובוגרים חורף 2024 ,comp.asp?compID=469,46,https://loglig.com:2053/LeagueTable/AthleticsDisciplines/10091,817,200m Breaststroke,Women 13-99,00:00.00,22/02/2024 18:08:30,31,30,/LeagueTable/AthleticsDisciplineResults/47340?isModal=True
685,אליפות ישראל arena ותחרות קריטריונים לנוער ובוגרים חורף 2024 ,comp.asp?compID=469,46,https://loglig.com:2053/LeagueTable/AthleticsDisciplines/10091,818,200m Breaststroke,Men 13-99,00:00.00,22/02/2024 18:25:00,30,30,/LeagueTable/AthleticsDisciplineResults/47336?isModal=True
686,אליפות ישראל arena ותחרות קריטריונים לנוער ובוגרים חורף 2024 ,comp.asp?compID=469,46,https://loglig.com:2053/LeagueTable/AthleticsDisciplines/10091,819,4X50m Medley Relay,Women 13-99,00:00.00,22/02/2024 18:38:00,115,84,/LeagueTable/AthleticsDisciplineResults/45253?isModal=True
687,אליפות ישראל arena ותחרות קריטריונים לנוער ובוגרים חורף 2024 ,comp.asp?compID=469,46,https://loglig.com:2053/LeagueTable/AthleticsDisciplines/10091,820,4X50m Medley Relay,Men 13-99,00:00.00,22/02/2024 18:51:00,137,104,/LeagueTable/AthleticsDisciplineResults/45250?isModal=True
688,אליפות ישראל arena ותחרות קריטריונים לנוער ובוגרים חורף 2024 ,comp.asp?compID=469,46,https://loglig.com:2053/LeagueTable/AthleticsDisciplines/10091,821,50m Freestyle,Women 13-99,00:00.00,23/02/2024 17:00:00,30,30,/LeagueTable/AthleticsDisciplineResults/47348?isModal=True
689,אליפות ישראל arena ותחרות קריטריונים לנוער ובוגרים חורף 2024 ,comp.asp?compID=469,46,https://loglig.com:2053/LeagueTable/AthleticsDisciplines/10091,822,50m Freestyle,Men 13-99,00:00.00,23/02/2024 17:06:00,30,29,/LeagueTable/AthleticsDisciplineResults/47345?isModal=True
690,אליפות ישראל arena ותחרות קריטריונים לנוער ובוגרים חורף 2024 ,comp.asp?compID=469,46,https://loglig.com:2053/LeagueTable/AthleticsDisciplines/10091,823,200m Individual Medley,Women 13-99,00:00.00,23/02/2024 17:12:00,30,30,/LeagueTable/AthleticsDisciplineResults/47347?isModal=True
691,אליפות ישראל arena ותחרות קריטריונים לנוער ובוגרים חורף 2024 ,comp.asp?compID=469,46,https://loglig.com:2053/LeagueTable/AthleticsDisciplines/10091,824,200m Individual Medley,Men 13-99,00:00.00,23/02/2024 17:27:00,30,30,/LeagueTable/AthleticsDisciplineResults/47344?isModal=True
692,אליפות ישראל arena ותחרות קריטריונים לנוער ובוגרים חורף 2024 ,comp.asp?compID=469,46,https://loglig.com:2053/LeagueTable/AthleticsDisciplines/10091,825,100m Backstroke,Women 13-99,00:00.00,23/02/2024 17:42:00,30,30,/LeagueTable/AthleticsDisciplineResults/47346?isModal=True
693,אליפות ישראל arena ותחרות קריטריונים לנוער ובוגרים חורף 2024 ,comp.asp?compID=469,46,https://loglig.com:2053/LeagueTable/AthleticsDisciplines/10091,826,100m Backstroke,Men 13-99,00:00.00,23/02/2024 17:49:30,30,30,/LeagueTable/AthleticsDisciplineResults/47343?isModal=True
694,אליפות ישראל arena ותחרות קריטריונים לנוער ובוגרים חורף 2024 ,comp.asp?compID=469,46,https://loglig.com:2053/LeagueTable/AthleticsDisciplines/10091,827,4X50m Freestyle Relay Mix,Mix 13-99,00:00.00,23/02/2024 18:30:00,206,164,/LeagueTable/AthleticsDisciplineResults/45254?isModal=True
695,אליפות ישראל arena ותחרות קריטריונים לנוער ובוגרים חורף 2024 ,comp.asp?compID=469,46,https://loglig.com:2053/LeagueTable/AthleticsDisciplines/10091,829,50m Butterfly,Women 13-99,00:00.00,24/02/2024 17:00:00,30,30,/LeagueTable/AthleticsDisciplineResults/47356?isModal=True
696,אליפות ישראל arena ותחרות קריטריונים לנוער ובוגרים חורף 2024 ,comp.asp?compID=469,46,https://loglig.com:2053/LeagueTable/AthleticsDisciplines/10091,830,50m Butterfly,Men 13-99,00:00.00,24/02/2024 17:06:00,31,29,/LeagueTable/AthleticsDisciplineResults/47352?isModal=True
697,אליפות ישראל arena ותחרות קריטריונים לנוער ובוגרים חורף 2024 ,comp.asp?compID=469,46,https://loglig.com:2053/LeagueTable/AthleticsDisciplines/10091,831,400m Individual Medley,Women 13-99,00:00.00,24/02/2024 17:12:00,12,12,/LeagueTable/AthleticsDisciplineResults/47355?isModal=True
698,אליפות ישראל arena ותחרות קריטריונים לנוער ובוגרים חורף 2024 ,comp.asp?compID=469,46,https://loglig.com:2053/LeagueTable/AthleticsDisciplines/10091,832,400m Individual Medley,Men 13-99,00:00.00,24/02/2024 17:25:00,20,20,/LeagueTable/AthleticsDisciplineResults/47351?isModal=True
699,אליפות ישראל arena ותחרות קריטריונים לנוער ובוגרים חורף 2024 ,comp.asp?compID=469,46,https://loglig.com:2053/LeagueTable/AthleticsDisciplines/10091,833,200m Freestyle,Women 13-99,00:00.00,24/02/2024 17:45:00,30,30,/LeagueTable/AthleticsDisciplineResults/47354?isModal=True
700,אליפות ישראל arena ותחרות קריטריונים לנוער ובוגרים חורף 2024 ,comp.asp?compID=469,46,https://loglig.com:2053/LeagueTable/AthleticsDisciplines/10091,834,200m Freestyle,Men 13-99,00:00.00,24/02/2024 17:57:00,30,30,/LeagueTable/AthleticsDisciplineResults/47350?isModal=True
701,אליפות ישראל arena ותחרות קריטריונים לנוער ובוגרים חורף 2024 ,comp.asp?compID=469,46,https://loglig.com:2053/LeagueTable/AthleticsDisciplines/10091,835,100m Breaststroke,Women 13-99,00:00.00,24/02/2024 18:13:00,30,29,/LeagueTable/AthleticsDisciplineResults/47353?isModal=True
702,אליפות ישראל arena ותחרות קריטריונים לנוער ובוגרים חורף 2024 ,comp.asp?compID=469,46,https://loglig.com:2053/LeagueTable/AthleticsDisciplines/10091,836,100m Breaststroke,Men 13-99,00:00.00,24/02/2024 18:27:00,30,30,/LeagueTable/AthleticsDisciplineResults/47349?isModal=True
703,אליפות ישראל arena ותחרות קריטריונים לנוער ובוגרים חורף 2024 ,comp.asp?compID=469,46,https://loglig.com:2053/LeagueTable/AthleticsDisciplines/10091,837,4X100m Medley Relay,Women 13-99,00:00.00,24/02/2024 18:37:00,75,60,/LeagueTable/AthleticsDisciplineResults/45251?isModal=True
704,אליפות ישראל arena ותחרות קריטריונים לנוער ובוגרים חורף 2024 ,comp.asp?compID=469,46,https://loglig.com:2053/LeagueTable/AthleticsDisciplines/10091,838,4X100m Medley Relay,Men 13-99,00:00.00,24/02/2024 18:48:00,102,76,/LeagueTable/AthleticsDisciplineResults/45248?isModal=True
705,אליפות ישראל arena ותחרות קריטריונים לנוער ובוגרים חורף 2024 ,comp.asp?compID=469,46,https://loglig.com:2053/LeagueTable/AthleticsDisciplines/10091,902,100m Butterfly,Women 10-99,00:00.00,24/02/2024 12:41:30,2,2,/LeagueTable/AthleticsDisciplineResults/47363?isModal=True
706,ליגה כפר קרע,comp.asp?compID=1504,47,https://loglig.com:2053/LeagueTable/AthleticsDisciplines/10232,1,100m Freestyle,Women 9-99,00:00.00,01/03/2024 14:00:00,9,9,/LeagueTable/AthleticsDisciplineResults/47017?isModal=True
707,ליגה כפר קרע,comp.asp?compID=1504,47,https://loglig.com:2053/LeagueTable/AthleticsDisciplines/10232,2,100m Freestyle,Men 9-99,00:00.00,01/03/2024 14:06:00,41,41,/LeagueTable/AthleticsDisciplineResults/47013?isModal=True
708,ליגה כפר קרע,comp.asp?compID=1504,47,https://loglig.com:2053/LeagueTable/AthleticsDisciplines/10232,3,50m Backstroke,Women 9-99,00:00.00,01/03/2024 14:27:00,14,14,/LeagueTable/AthleticsDisciplineResults/47018?isModal=True
709,ליגה כפר קרע,comp.asp?compID=1504,47,https://loglig.com:2053/LeagueTable/AthleticsDisciplines/10232,4,50m Backstroke,Men 9-99,00:00.00,01/03/2024 14:33:00,17,17,/LeagueTable/AthleticsDisciplineResults/47014?isModal=True
710,ליגה כפר קרע,comp.asp?compID=1504,47,https://loglig.com:2053/LeagueTable/AthleticsDisciplines/10232,5,50m Breaststroke,Women 9-99,00:00.00,01/03/2024 14:39:00,29,27,/LeagueTable/AthleticsDisciplineResults/47020?isModal=True
711,ליגה כפר קרע,comp.asp?compID=1504,47,https://loglig.com:2053/LeagueTable/AthleticsDisciplines/10232,6,50m Breaststroke,Men 9-99,00:00.00,01/03/2024 14:49:00,47,45,/LeagueTable/AthleticsDisciplineResults/47016?isModal=True
712,ליגה כפר קרע,comp.asp?compID=1504,47,https://loglig.com:2053/LeagueTable/AthleticsDisciplines/10232,7,50m Freestyle,Women 9-99,00:00.00,01/03/2024 15:05:00,56,49,/LeagueTable/AthleticsDisciplineResults/47019?isModal=True
713,ליגה כפר קרע,comp.asp?compID=1504,47,https://loglig.com:2053/LeagueTable/AthleticsDisciplines/10232,8,50m Freestyle,Men 9-99,00:00.00,01/03/2024 15:25:00,92,82,/LeagueTable/AthleticsDisciplineResults/47015?isModal=True
714,אליפות ישראל arena לצעירים בבריכות קצרות,comp.asp?compID=471,48,https://loglig.com:2053/LeagueTable/AthleticsDisciplines/10309,1,200m Individual Medley,Girls 12,03:20.00,06/03/2024 09:30:00,18,16,/LeagueTable/AthleticsDisciplineResults/47628?isModal=True
715,אליפות ישראל arena לצעירים בבריכות קצרות,comp.asp?compID=471,48,https://loglig.com:2053/LeagueTable/AthleticsDisciplines/10309,2,200m Individual Medley,Boys 12,03:15.00,06/03/2024 09:38:00,30,30,/LeagueTable/AthleticsDisciplineResults/47652?isModal=True
716,אליפות ישראל arena לצעירים בבריכות קצרות,comp.asp?compID=471,48,https://loglig.com:2053/LeagueTable/AthleticsDisciplines/10309,3,200m Individual Medley,Girls 13,30:15.00,06/03/2024 09:50:00,30,30,/LeagueTable/AthleticsDisciplineResults/47640?isModal=True
717,אליפות ישראל arena לצעירים בבריכות קצרות,comp.asp?compID=471,48,https://loglig.com:2053/LeagueTable/AthleticsDisciplines/10309,4,200m Individual Medley,Boys 13,03:05.00,06/03/2024 10:02:00,30,30,/LeagueTable/AthleticsDisciplineResults/47664?isModal=True
718,אליפות ישראל arena לצעירים בבריכות קצרות,comp.asp?compID=471,48,https://loglig.com:2053/LeagueTable/AthleticsDisciplines/10309,6,200m Individual Medley,Boys 14,02:55.00,06/03/2024 10:12:30,30,30,/LeagueTable/AthleticsDisciplineResults/47676?isModal=True
719,אליפות ישראל arena לצעירים בבריכות קצרות,comp.asp?compID=471,48,https://loglig.com:2053/LeagueTable/AthleticsDisciplines/10309,7,400m Freestyle,Girls 12,06:00.00,06/03/2024 10:23:00,23,22,/LeagueTable/AthleticsDisciplineResults/47630?isModal=True
720,אליפות ישראל arena לצעירים בבריכות קצרות,comp.asp?compID=471,48,https://loglig.com:2053/LeagueTable/AthleticsDisciplines/10309,8,400m Freestyle,Boys 12,05:50.00,06/03/2024 10:44:00,25,25,/LeagueTable/AthleticsDisciplineResults/47654?isModal=True
721,אליפות ישראל arena לצעירים בבריכות קצרות,comp.asp?compID=471,48,https://loglig.com:2053/LeagueTable/AthleticsDisciplines/10309,9,400m Freestyle,Girls 13,05:45.00,06/03/2024 11:03:30,25,25,/LeagueTable/AthleticsDisciplineResults/47642?isModal=True
722,אליפות ישראל arena לצעירים בבריכות קצרות,comp.asp?compID=471,48,https://loglig.com:2053/LeagueTable/AthleticsDisciplines/10309,10,400m Freestyle,Boys 13,05:35.00,06/03/2024 11:23:00,30,29,/LeagueTable/AthleticsDisciplineResults/47666?isModal=True
723,אליפות ישראל arena לצעירים בבריכות קצרות,comp.asp?compID=471,48,https://loglig.com:2053/LeagueTable/AthleticsDisciplines/10309,12,400m Freestyle,Boys 14,05:15.00,06/03/2024 11:42:30,30,30,/LeagueTable/AthleticsDisciplineResults/47678?isModal=True
724,אליפות ישראל arena לצעירים בבריכות קצרות,comp.asp?compID=471,48,https://loglig.com:2053/LeagueTable/AthleticsDisciplines/10309,13,4X50m Freestyle Relay,Girls 12-13,00:00.00,06/03/2024 12:00:30,101,80,/LeagueTable/AthleticsDisciplineResults/47691?isModal=True
725,אליפות ישראל arena לצעירים בבריכות קצרות,comp.asp?compID=471,48,https://loglig.com:2053/LeagueTable/AthleticsDisciplines/10309,14,4X50m Freestyle Relay,Boys 12,00:00.00,06/03/2024 12:10:30,96,80,/LeagueTable/AthleticsDisciplineResults/47693?isModal=True
726,אליפות ישראל arena לצעירים בבריכות קצרות,comp.asp?compID=471,48,https://loglig.com:2053/LeagueTable/AthleticsDisciplines/10309,16,4X50m Freestyle Relay,,00:00.00,06/03/2024 12:20:30,98,76,/LeagueTable/AthleticsDisciplineResults/47695?isModal=True
727,אליפות ישראל arena לצעירים בבריכות קצרות,comp.asp?compID=471,48,https://loglig.com:2053/LeagueTable/AthleticsDisciplines/10309,17,100m Freestyle,Girls 12,01:25.00,06/03/2024 17:00:00,30,30,/LeagueTable/AthleticsDisciplineResults/47621?isModal=True
728,אליפות ישראל arena לצעירים בבריכות קצרות,comp.asp?compID=471,48,https://loglig.com:2053/LeagueTable/AthleticsDisciplines/10309,18,100m Freestyle,Boys 12,01:20.00,06/03/2024 17:06:00,30,30,/LeagueTable/AthleticsDisciplineResults/47645?isModal=True
729,אליפות ישראל arena לצעירים בבריכות קצרות,comp.asp?compID=471,48,https://loglig.com:2053/LeagueTable/AthleticsDisciplines/10309,19,100m Freestyle,Girls 13,01:22.00,06/03/2024 17:12:00,30,30,/LeagueTable/AthleticsDisciplineResults/47633?isModal=True
730,אליפות ישראל arena לצעירים בבריכות קצרות,comp.asp?compID=471,48,https://loglig.com:2053/LeagueTable/AthleticsDisciplines/10309,20,100m Freestyle,Boys 13,01:17.00,06/03/2024 17:18:00,30,30,/LeagueTable/AthleticsDisciplineResults/47657?isModal=True
731,אליפות ישראל arena לצעירים בבריכות קצרות,comp.asp?compID=471,48,https://loglig.com:2053/LeagueTable/AthleticsDisciplines/10309,22,100m Freestyle,Boys 14,01:14.00,06/03/2024 17:24:00,30,30,/LeagueTable/AthleticsDisciplineResults/47669?isModal=True
732,אליפות ישראל arena לצעירים בבריכות קצרות,comp.asp?compID=471,48,https://loglig.com:2053/LeagueTable/AthleticsDisciplines/10309,23,200m Butterfly,Girls 12,03:40.00,06/03/2024 17:30:00,9,9,/LeagueTable/AthleticsDisciplineResults/47629?isModal=True
733,אליפות ישראל arena לצעירים בבריכות קצרות,comp.asp?compID=471,48,https://loglig.com:2053/LeagueTable/AthleticsDisciplines/10309,24,200m Butterfly,Boys 12,03:45.00,06/03/2024 17:34:00,31,30,/LeagueTable/AthleticsDisciplineResults/47653?isModal=True
734,אליפות ישראל arena לצעירים בבריכות קצרות,comp.asp?compID=471,48,https://loglig.com:2053/LeagueTable/AthleticsDisciplines/10309,25,200m Butterfly,Girls 13,03:20.00,06/03/2024 17:48:00,15,15,/LeagueTable/AthleticsDisciplineResults/47641?isModal=True
735,אליפות ישראל arena לצעירים בבריכות קצרות,comp.asp?compID=471,48,https://loglig.com:2053/LeagueTable/AthleticsDisciplines/10309,26,200m Butterfly,Boys 13,03:30.00,06/03/2024 17:56:00,23,23,/LeagueTable/AthleticsDisciplineResults/47665?isModal=True
736,אליפות ישראל arena לצעירים בבריכות קצרות,comp.asp?compID=471,48,https://loglig.com:2053/LeagueTable/AthleticsDisciplines/10309,28,200m Butterfly,Boys 14,03:10.00,06/03/2024 18:07:00,25,25,/LeagueTable/AthleticsDisciplineResults/47677?isModal=True
737,אליפות ישראל arena לצעירים בבריכות קצרות,comp.asp?compID=471,48,https://loglig.com:2053/LeagueTable/AthleticsDisciplines/10309,29,100m Breaststroke,Girls 12,01:50.00,06/03/2024 18:17:00,30,30,/LeagueTable/AthleticsDisciplineResults/47622?isModal=True
738,אליפות ישראל arena לצעירים בבריכות קצרות,comp.asp?compID=471,48,https://loglig.com:2053/LeagueTable/AthleticsDisciplines/10309,30,100m Breaststroke,Boys 12,01:45.00,06/03/2024 18:24:00,30,30,/LeagueTable/AthleticsDisciplineResults/47646?isModal=True
739,אליפות ישראל arena לצעירים בבריכות קצרות,comp.asp?compID=471,48,https://loglig.com:2053/LeagueTable/AthleticsDisciplines/10309,31,100m Breaststroke,Girls 13,01:45.00,06/03/2024 18:32:00,30,30,/LeagueTable/AthleticsDisciplineResults/47634?isModal=True
740,אליפות ישראל arena לצעירים בבריכות קצרות,comp.asp?compID=471,48,https://loglig.com:2053/LeagueTable/AthleticsDisciplines/10309,32,100m Breaststroke,Boys 13,01:40.00,06/03/2024 18:39:00,30,30,/LeagueTable/AthleticsDisciplineResults/47658?isModal=True
741,אליפות ישראל arena לצעירים בבריכות קצרות,comp.asp?compID=471,48,https://loglig.com:2053/LeagueTable/AthleticsDisciplines/10309,34,100m Breaststroke,Boys 14,01:35.00,06/03/2024 18:46:30,30,30,/LeagueTable/AthleticsDisciplineResults/47670?isModal=True
742,אליפות ישראל arena לצעירים בבריכות קצרות,comp.asp?compID=471,48,https://loglig.com:2053/LeagueTable/AthleticsDisciplines/10309,35,800m Freestyle,Girls 13,11:40.00,06/03/2024 18:54:00,17,17,/LeagueTable/AthleticsDisciplineResults/47680?isModal=True
743,אליפות ישראל arena לצעירים בבריכות קצרות,comp.asp?compID=471,48,https://loglig.com:2053/LeagueTable/AthleticsDisciplines/10309,36,800m Freestyle,Boys 14,10:45.00,06/03/2024 19:13:00,20,20,/LeagueTable/AthleticsDisciplineResults/47681?isModal=True
744,אליפות ישראל arena לצעירים בבריכות קצרות,comp.asp?compID=471,48,https://loglig.com:2053/LeagueTable/AthleticsDisciplines/10309,37,4X50m Medley Relay Mix,Mix 12,00:00.00,06/03/2024 19:38:00,106,80,/LeagueTable/AthleticsDisciplineResults/47688?isModal=True
745,אליפות ישראל arena לצעירים בבריכות קצרות,comp.asp?compID=471,48,https://loglig.com:2053/LeagueTable/AthleticsDisciplines/10309,38,4X50m Medley Relay Mix,Mix 13-14,00:00.00,06/03/2024 19:48:00,105,80,/LeagueTable/AthleticsDisciplineResults/47690?isModal=True
746,אליפות ישראל arena לצעירים בבריכות קצרות,comp.asp?compID=471,48,https://loglig.com:2053/LeagueTable/AthleticsDisciplines/10309,39,50m Freestyle,Girls 12,00:37.50,07/03/2024 09:30:00,30,30,/LeagueTable/AthleticsDisciplineResults/47682?isModal=True
747,אליפות ישראל arena לצעירים בבריכות קצרות,comp.asp?compID=471,48,https://loglig.com:2053/LeagueTable/AthleticsDisciplines/10309,40,50m Freestyle,Boys 12,00:53.50,07/03/2024 09:34:30,31,30,/LeagueTable/AthleticsDisciplineResults/47684?isModal=True
748,אליפות ישראל arena לצעירים בבריכות קצרות,comp.asp?compID=471,48,https://loglig.com:2053/LeagueTable/AthleticsDisciplines/10309,41,50m Freestyle,Girls 13,00:35.50,07/03/2024 09:39:00,30,30,/LeagueTable/AthleticsDisciplineResults/47683?isModal=True
749,אליפות ישראל arena לצעירים בבריכות קצרות,comp.asp?compID=471,48,https://loglig.com:2053/LeagueTable/AthleticsDisciplines/10309,42,50m Freestyle,Boys 13,00:34.00,07/03/2024 09:43:30,30,30,/LeagueTable/AthleticsDisciplineResults/47685?isModal=True
750,אליפות ישראל arena לצעירים בבריכות קצרות,comp.asp?compID=471,48,https://loglig.com:2053/LeagueTable/AthleticsDisciplines/10309,44,50m Freestyle,Boys 14,00:33.00,07/03/2024 09:48:00,30,30,/LeagueTable/AthleticsDisciplineResults/47686?isModal=True
751,אליפות ישראל arena לצעירים בבריכות קצרות,comp.asp?compID=471,48,https://loglig.com:2053/LeagueTable/AthleticsDisciplines/10309,45,100m Backstroke,Girls 12,01:40.00,07/03/2024 09:52:30,30,30,/LeagueTable/AthleticsDisciplineResults/47620?isModal=True
752,אליפות ישראל arena לצעירים בבריכות קצרות,comp.asp?compID=471,48,https://loglig.com:2053/LeagueTable/AthleticsDisciplines/10309,46,100m Backstroke,Boys 12,01:35.00,07/03/2024 10:00:00,30,30,/LeagueTable/AthleticsDisciplineResults/47644?isModal=True
753,אליפות ישראל arena לצעירים בבריכות קצרות,comp.asp?compID=471,48,https://loglig.com:2053/LeagueTable/AthleticsDisciplines/10309,47,100m Backstroke,Girls 13,01:35.00,07/03/2024 10:07:30,30,30,/LeagueTable/AthleticsDisciplineResults/47632?isModal=True
754,אליפות ישראל arena לצעירים בבריכות קצרות,comp.asp?compID=471,48,https://loglig.com:2053/LeagueTable/AthleticsDisciplines/10309,48,100m Backstroke,Boys 13,01:30.00,07/03/2024 10:15:00,30,30,/LeagueTable/AthleticsDisciplineResults/47656?isModal=True
755,אליפות ישראל arena לצעירים בבריכות קצרות,comp.asp?compID=471,48,https://loglig.com:2053/LeagueTable/AthleticsDisciplines/10309,50,100m Backstroke,Boys 14,01:25.00,07/03/2024 10:22:30,30,30,/LeagueTable/AthleticsDisciplineResults/47668?isModal=True
756,אליפות ישראל arena לצעירים בבריכות קצרות,comp.asp?compID=471,48,https://loglig.com:2053/LeagueTable/AthleticsDisciplines/10309,51,200m Breaststroke,Girls 12,03:40.00,07/03/2024 10:30:00,17,17,/LeagueTable/AthleticsDisciplineResults/47627?isModal=True
757,אליפות ישראל arena לצעירים בבריכות קצרות,comp.asp?compID=471,48,https://loglig.com:2053/LeagueTable/AthleticsDisciplines/10309,52,200m Breaststroke,Boys 12,03:35.00,07/03/2024 10:41:30,27,27,/LeagueTable/AthleticsDisciplineResults/47651?isModal=True
758,אליפות ישראל arena לצעירים בבריכות קצרות,comp.asp?compID=471,48,https://loglig.com:2053/LeagueTable/AthleticsDisciplines/10309,53,200m Breaststroke,Girls 13,03:30.00,07/03/2024 10:53:30,25,25,/LeagueTable/AthleticsDisciplineResults/47639?isModal=True
759,אליפות ישראל arena לצעירים בבריכות קצרות,comp.asp?compID=471,48,https://loglig.com:2053/LeagueTable/AthleticsDisciplines/10309,54,200m Breaststroke,Boys 13,03:25.00,07/03/2024 11:05:30,28,28,/LeagueTable/AthleticsDisciplineResults/47663?isModal=True
760,אליפות ישראל arena לצעירים בבריכות קצרות,comp.asp?compID=471,48,https://loglig.com:2053/LeagueTable/AthleticsDisciplines/10309,56,200m Breaststroke,Boys 14,03:15.00,07/03/2024 11:17:30,31,30,/LeagueTable/AthleticsDisciplineResults/47675?isModal=True
761,אליפות ישראל arena לצעירים בבריכות קצרות,comp.asp?compID=471,48,https://loglig.com:2053/LeagueTable/AthleticsDisciplines/10309,57,4X100m Freestyle Relay Mix,Mix 12,00:00.00,07/03/2024 11:28:00,101,77,/LeagueTable/AthleticsDisciplineResults/47687?isModal=True
762,אליפות ישראל arena לצעירים בבריכות קצרות,comp.asp?compID=471,48,https://loglig.com:2053/LeagueTable/AthleticsDisciplines/10309,58,4X100m Freestyle Relay Mix,Mix 13-14,00:00.00,07/03/2024 11:40:00,105,80,/LeagueTable/AthleticsDisciplineResults/47689?isModal=True
763,אליפות ישראל arena לצעירים בבריכות קצרות,comp.asp?compID=471,48,https://loglig.com:2053/LeagueTable/AthleticsDisciplines/10309,59,200m Freestyle,Girls 12,03:00.00,07/03/2024 17:00:00,23,23,/LeagueTable/AthleticsDisciplineResults/47626?isModal=True
764,אליפות ישראל arena לצעירים בבריכות קצרות,comp.asp?compID=471,48,https://loglig.com:2053/LeagueTable/AthleticsDisciplines/10309,60,200m Freestyle,Boys 12,02:55.00,07/03/2024 17:10:30,30,30,/LeagueTable/AthleticsDisciplineResults/47650?isModal=True
765,אליפות ישראל arena לצעירים בבריכות קצרות,comp.asp?compID=471,48,https://loglig.com:2053/LeagueTable/AthleticsDisciplines/10309,61,200m Freestyle,Girls 13,02:50.00,07/03/2024 17:19:30,30,30,/LeagueTable/AthleticsDisciplineResults/47638?isModal=True
766,אליפות ישראל arena לצעירים בבריכות קצרות,comp.asp?compID=471,48,https://loglig.com:2053/LeagueTable/AthleticsDisciplines/10309,62,200m Freestyle,Boys 13,02:45.00,07/03/2024 17:28:30,30,30,/LeagueTable/AthleticsDisciplineResults/47662?isModal=True
767,אליפות ישראל arena לצעירים בבריכות קצרות,comp.asp?compID=471,48,https://loglig.com:2053/LeagueTable/AthleticsDisciplines/10309,64,200m Freestyle,Boys 14,02:35.00,07/03/2024 17:37:30,30,30,/LeagueTable/AthleticsDisciplineResults/47674?isModal=True
768,אליפות ישראל arena לצעירים בבריכות קצרות,comp.asp?compID=471,48,https://loglig.com:2053/LeagueTable/AthleticsDisciplines/10309,65,100m Individual Medley,Girls 12,01:40.00,07/03/2024 17:46:30,31,30,/LeagueTable/AthleticsDisciplineResults/47623?isModal=True
769,אליפות ישראל arena לצעירים בבריכות קצרות,comp.asp?compID=471,48,https://loglig.com:2053/LeagueTable/AthleticsDisciplines/10309,66,100m Individual Medley,Boys 12,01:35.00,07/03/2024 17:52:30,30,29,/LeagueTable/AthleticsDisciplineResults/47647?isModal=True
770,אליפות ישראל arena לצעירים בבריכות קצרות,comp.asp?compID=471,48,https://loglig.com:2053/LeagueTable/AthleticsDisciplines/10309,67,100m Individual Medley,Girls 13,01:40.00,07/03/2024 17:58:30,30,30,/LeagueTable/AthleticsDisciplineResults/47635?isModal=True
771,אליפות ישראל arena לצעירים בבריכות קצרות,comp.asp?compID=471,48,https://loglig.com:2053/LeagueTable/AthleticsDisciplines/10309,68,100m Individual Medley,Boys 13,01:30.00,07/03/2024 18:04:30,30,30,/LeagueTable/AthleticsDisciplineResults/47659?isModal=True
772,אליפות ישראל arena לצעירים בבריכות קצרות,comp.asp?compID=471,48,https://loglig.com:2053/LeagueTable/AthleticsDisciplines/10309,70,100m Individual Medley,Boys 14,01:25.00,07/03/2024 18:10:30,31,30,/LeagueTable/AthleticsDisciplineResults/47671?isModal=True
773,אליפות ישראל arena לצעירים בבריכות קצרות,comp.asp?compID=471,48,https://loglig.com:2053/LeagueTable/AthleticsDisciplines/10309,71,200m Backstroke,Girls 12,03:20.00,07/03/2024 18:16:30,24,24,/LeagueTable/AthleticsDisciplineResults/47625?isModal=True
774,אליפות ישראל arena לצעירים בבריכות קצרות,comp.asp?compID=471,48,https://loglig.com:2053/LeagueTable/AthleticsDisciplines/10309,72,200m Backstroke,Boys 12,03:15.00,07/03/2024 18:28:30,30,30,/LeagueTable/AthleticsDisciplineResults/47649?isModal=True
775,אליפות ישראל arena לצעירים בבריכות קצרות,comp.asp?compID=471,48,https://loglig.com:2053/LeagueTable/AthleticsDisciplines/10309,73,200m Backstroke,Girls 13,03:10.00,07/03/2024 18:40:00,30,30,/LeagueTable/AthleticsDisciplineResults/47637?isModal=True
776,אליפות ישראל arena לצעירים בבריכות קצרות,comp.asp?compID=471,48,https://loglig.com:2053/LeagueTable/AthleticsDisciplines/10309,74,200m Backstroke,Boys 13,03:10.00,07/03/2024 18:52:00,30,30,/LeagueTable/AthleticsDisciplineResults/47661?isModal=True
777,אליפות ישראל arena לצעירים בבריכות קצרות,comp.asp?compID=471,48,https://loglig.com:2053/LeagueTable/AthleticsDisciplines/10309,76,200m Backstroke,Boys 14,03:00.00,07/03/2024 19:04:00,30,30,/LeagueTable/AthleticsDisciplineResults/47673?isModal=True
778,אליפות ישראל arena לצעירים בבריכות קצרות,comp.asp?compID=471,48,https://loglig.com:2053/LeagueTable/AthleticsDisciplines/10309,77,100m Butterfly,Girls 12,01:45.00,08/03/2024 09:30:00,22,21,/LeagueTable/AthleticsDisciplineResults/47624?isModal=True
779,אליפות ישראל arena לצעירים בבריכות קצרות,comp.asp?compID=471,48,https://loglig.com:2053/LeagueTable/AthleticsDisciplines/10309,78,100m Butterfly,Boys 12,01:40.00,08/03/2024 09:36:00,32,29,/LeagueTable/AthleticsDisciplineResults/47648?isModal=True
780,אליפות ישראל arena לצעירים בבריכות קצרות,comp.asp?compID=471,48,https://loglig.com:2053/LeagueTable/AthleticsDisciplines/10309,79,100m Butterfly,Girls 13,01:40.00,08/03/2024 09:42:00,31,30,/LeagueTable/AthleticsDisciplineResults/47636?isModal=True
781,אליפות ישראל arena לצעירים בבריכות קצרות,comp.asp?compID=471,48,https://loglig.com:2053/LeagueTable/AthleticsDisciplines/10309,80,100m Butterfly,Boys 13,01:35.00,08/03/2024 09:48:00,31,30,/LeagueTable/AthleticsDisciplineResults/47660?isModal=True
782,אליפות ישראל arena לצעירים בבריכות קצרות,comp.asp?compID=471,48,https://loglig.com:2053/LeagueTable/AthleticsDisciplines/10309,82,100m Butterfly,Boys 14,01:30.00,08/03/2024 09:54:00,30,30,/LeagueTable/AthleticsDisciplineResults/47672?isModal=True
783,אליפות ישראל arena לצעירים בבריכות קצרות,comp.asp?compID=471,48,https://loglig.com:2053/LeagueTable/AthleticsDisciplines/10309,83,400m Individual Medley,Girls 12,06:40.00,08/03/2024 10:00:00,7,6,/LeagueTable/AthleticsDisciplineResults/47631?isModal=True
784,אליפות ישראל arena לצעירים בבריכות קצרות,comp.asp?compID=471,48,https://loglig.com:2053/LeagueTable/AthleticsDisciplines/10309,84,400m Individual Medley,Boys 12,06:30.00,08/03/2024 10:07:00,18,18,/LeagueTable/AthleticsDisciplineResults/47655?isModal=True
785,אליפות ישראל arena לצעירים בבריכות קצרות,comp.asp?compID=471,48,https://loglig.com:2053/LeagueTable/AthleticsDisciplines/10309,85,400m Individual Medley,Girls 13,06:20.00,08/03/2024 10:21:00,13,13,/LeagueTable/AthleticsDisciplineResults/47643?isModal=True
786,אליפות ישראל arena לצעירים בבריכות קצרות,comp.asp?compID=471,48,https://loglig.com:2053/LeagueTable/AthleticsDisciplines/10309,86,400m Individual Medley,Boys 13,06:10.00,08/03/2024 10:34:00,17,17,/LeagueTable/AthleticsDisciplineResults/47667?isModal=True
787,אליפות ישראל arena לצעירים בבריכות קצרות,comp.asp?compID=471,48,https://loglig.com:2053/LeagueTable/AthleticsDisciplines/10309,88,400m Individual Medley,Boys 14,05:50.00,08/03/2024 10:47:00,20,18,/LeagueTable/AthleticsDisciplineResults/47679?isModal=True
788,אליפות ישראל arena לצעירים בבריכות קצרות,comp.asp?compID=471,48,https://loglig.com:2053/LeagueTable/AthleticsDisciplines/10309,89,4X50m Medley Relay,Girls 12-13,00:00.00,08/03/2024 11:00:00,100,80,/LeagueTable/AthleticsDisciplineResults/47692?isModal=True
789,אליפות ישראל arena לצעירים בבריכות קצרות,comp.asp?compID=471,48,https://loglig.com:2053/LeagueTable/AthleticsDisciplines/10309,90,4X50m Medley Relay,Boys 12,00:00.00,08/03/2024 11:10:00,99,80,/LeagueTable/AthleticsDisciplineResults/47694?isModal=True
790,אליפות ישראל arena לצעירים בבריכות קצרות,comp.asp?compID=471,48,https://loglig.com:2053/LeagueTable/AthleticsDisciplines/10309,92,4X50m Medley Relay,,00:00.00,08/03/2024 11:20:00,105,80,/LeagueTable/AthleticsDisciplineResults/47696?isModal=True
791,ליגה מאסטר פאסטר,comp.asp?compID=1505,49,https://loglig.com:2053/LeagueTable/AthleticsDisciplines/10233,1,50m Backstroke,Women 20-99,00:00.00,08/03/2024 15:30:00,11,11,/LeagueTable/AthleticsDisciplineResults/47028?isModal=True
792,ליגה מאסטר פאסטר,comp.asp?compID=1505,49,https://loglig.com:2053/LeagueTable/AthleticsDisciplines/10233,2,50m Backstroke,Man 20-99,00:00.00,08/03/2024 15:34:00,12,12,/LeagueTable/AthleticsDisciplineResults/47023?isModal=True
793,ליגה מאסטר פאסטר,comp.asp?compID=1505,49,https://loglig.com:2053/LeagueTable/AthleticsDisciplines/10233,3,50m Breaststroke,Women 20-99,00:00.00,08/03/2024 15:38:00,8,8,/LeagueTable/AthleticsDisciplineResults/47030?isModal=True
794,ליגה מאסטר פאסטר,comp.asp?compID=1505,49,https://loglig.com:2053/LeagueTable/AthleticsDisciplines/10233,4,50m Breaststroke,Man 20-99,00:00.00,08/03/2024 15:42:00,20,20,/LeagueTable/AthleticsDisciplineResults/47025?isModal=True
795,ליגה מאסטר פאסטר,comp.asp?compID=1505,49,https://loglig.com:2053/LeagueTable/AthleticsDisciplines/10233,5,50m Butterfly,Women 20-99,00:00.00,08/03/2024 15:48:00,9,9,/LeagueTable/AthleticsDisciplineResults/47031?isModal=True
796,ליגה מאסטר פאסטר,comp.asp?compID=1505,49,https://loglig.com:2053/LeagueTable/AthleticsDisciplines/10233,6,50m Butterfly,Man 20-99,00:00.00,08/03/2024 15:52:00,14,14,/LeagueTable/AthleticsDisciplineResults/47026?isModal=True
797,ליגה מאסטר פאסטר,comp.asp?compID=1505,49,https://loglig.com:2053/LeagueTable/AthleticsDisciplines/10233,7,100m Individual Medley,Women 20-99,00:00.00,08/03/2024 15:56:00,7,7,/LeagueTable/AthleticsDisciplineResults/47027?isModal=True
798,ליגה מאסטר פאסטר,comp.asp?compID=1505,49,https://loglig.com:2053/LeagueTable/AthleticsDisciplines/10233,8,100m Individual Medley,Man 20-99,00:00.00,08/03/2024 15:59:00,21,21,/LeagueTable/AthleticsDisciplineResults/47022?isModal=True
799,ליגה מאסטר פאסטר,comp.asp?compID=1505,49,https://loglig.com:2053/LeagueTable/AthleticsDisciplines/10233,9,50m Freestyle,Women 20-99,00:00.00,08/03/2024 16:08:00,11,11,/LeagueTable/AthleticsDisciplineResults/47029?isModal=True
800,ליגה מאסטר פאסטר,comp.asp?compID=1505,49,https://loglig.com:2053/LeagueTable/AthleticsDisciplines/10233,10,50m Freestyle,Man 20-99,00:00.00,08/03/2024 16:12:00,28,28,/LeagueTable/AthleticsDisciplineResults/47024?isModal=True
801,ליגה נוער ובוגרים צפון - ביאליק,comp.asp?compID=1511,50,https://loglig.com:2053/LeagueTable/AthleticsDisciplines/10337,1,100m Breaststroke,Women 14-99,00:00.00,08/03/2024 15:10:00,15,11,/LeagueTable/AthleticsDisciplineResults/48012?isModal=True
802,ליגה נוער ובוגרים צפון - ביאליק,comp.asp?compID=1511,50,https://loglig.com:2053/LeagueTable/AthleticsDisciplines/10337,2,100m Breaststroke,Men 15-99,00:00.00,08/03/2024 15:14:00,20,14,/LeagueTable/AthleticsDisciplineResults/48007?isModal=True
803,ליגה נוער ובוגרים צפון - ביאליק,comp.asp?compID=1511,50,https://loglig.com:2053/LeagueTable/AthleticsDisciplines/10337,3,50m Butterfly,Women 14-99,00:00.00,08/03/2024 15:20:00,20,17,/LeagueTable/AthleticsDisciplineResults/48015?isModal=True
804,ליגה נוער ובוגרים צפון - ביאליק,comp.asp?compID=1511,50,https://loglig.com:2053/LeagueTable/AthleticsDisciplines/10337,4,50m Butterfly,Men 15-99,00:00.00,08/03/2024 15:24:30,25,20,/LeagueTable/AthleticsDisciplineResults/48010?isModal=True
805,ליגה נוער ובוגרים צפון - ביאליק,comp.asp?compID=1511,50,https://loglig.com:2053/LeagueTable/AthleticsDisciplines/10337,5,200m Freestyle,Women 14-99,00:00.00,08/03/2024 15:30:30,7,7,/LeagueTable/AthleticsDisciplineResults/48013?isModal=True
806,ליגה נוער ובוגרים צפון - ביאליק,comp.asp?compID=1511,50,https://loglig.com:2053/LeagueTable/AthleticsDisciplines/10337,6,200m Freestyle,Men 15-99,00:00.00,08/03/2024 15:35:00,14,12,/LeagueTable/AthleticsDisciplineResults/48008?isModal=True
807,ליגה נוער ובוגרים צפון - ביאליק,comp.asp?compID=1511,50,https://loglig.com:2053/LeagueTable/AthleticsDisciplines/10337,7,100m Backstroke,Women 14-99,00:00.00,08/03/2024 15:44:00,6,2,/LeagueTable/AthleticsDisciplineResults/48011?isModal=True
808,ליגה נוער ובוגרים צפון - ביאליק,comp.asp?compID=1511,50,https://loglig.com:2053/LeagueTable/AthleticsDisciplines/10337,8,100m Backstroke,Men 15-99,00:00.00,08/03/2024 15:46:30,18,11,/LeagueTable/AthleticsDisciplineResults/48006?isModal=True
809,ליגה נוער ובוגרים צפון - ביאליק,comp.asp?compID=1511,50,https://loglig.com:2053/LeagueTable/AthleticsDisciplines/10337,9,200m Individual Medley,Women 14-99,00:00.00,08/03/2024 15:54:00,4,4,/LeagueTable/AthleticsDisciplineResults/48014?isModal=True
810,ליגה נוער ובוגרים צפון - ביאליק,comp.asp?compID=1511,50,https://loglig.com:2053/LeagueTable/AthleticsDisciplines/10337,10,200m Individual Medley,Men 15-99,00:00.00,08/03/2024 15:58:30,11,9,/LeagueTable/AthleticsDisciplineResults/48009?isModal=True
811,"ליגה עתודה ראשל""צ - הרצליה 1",comp.asp?compID=1507,51,https://loglig.com:2053/LeagueTable/AthleticsDisciplines/10317,1,100m Backstroke,Girls 10-18,00:00.00,15/03/2024 14:30:00,16,16,/LeagueTable/AthleticsDisciplineResults/47848?isModal=True
812,"ליגה עתודה ראשל""צ - הרצליה 1",comp.asp?compID=1507,51,https://loglig.com:2053/LeagueTable/AthleticsDisciplines/10317,2,100m Backstroke,Boys 10-18,00:00.00,15/03/2024 14:42:00,21,21,/LeagueTable/AthleticsDisciplineResults/47852?isModal=True
813,"ליגה עתודה ראשל""צ - הרצליה 1",comp.asp?compID=1507,51,https://loglig.com:2053/LeagueTable/AthleticsDisciplines/10317,3,50m Butterfly,Girls 10-18,00:00.00,15/03/2024 14:57:00,20,20,/LeagueTable/AthleticsDisciplineResults/47851?isModal=True
814,"ליגה עתודה ראשל""צ - הרצליה 1",comp.asp?compID=1507,51,https://loglig.com:2053/LeagueTable/AthleticsDisciplines/10317,4,50m Butterfly,Boys 10-18,00:00.00,15/03/2024 15:05:00,41,41,/LeagueTable/AthleticsDisciplineResults/47855?isModal=True
815,"ליגה עתודה ראשל""צ - הרצליה 1",comp.asp?compID=1507,51,https://loglig.com:2053/LeagueTable/AthleticsDisciplines/10317,5,100m Breaststroke,Girls 10-18,00:00.00,15/03/2024 15:23:00,21,21,/LeagueTable/AthleticsDisciplineResults/47849?isModal=True
816,"ליגה עתודה ראשל""צ - הרצליה 1",comp.asp?compID=1507,51,https://loglig.com:2053/LeagueTable/AthleticsDisciplines/10317,6,100m Breaststroke,Boys 10-18,00:00.00,15/03/2024 15:38:00,23,23,/LeagueTable/AthleticsDisciplineResults/47853?isModal=True
817,"ליגה עתודה ראשל""צ - הרצליה 1",comp.asp?compID=1507,51,https://loglig.com:2053/LeagueTable/AthleticsDisciplines/10317,7,50m Freestyle,Girls 10-18,00:00.00,15/03/2024 15:53:00,44,42,/LeagueTable/AthleticsDisciplineResults/47850?isModal=True
818,"ליגה עתודה ראשל""צ - הרצליה 1",comp.asp?compID=1507,51,https://loglig.com:2053/LeagueTable/AthleticsDisciplines/10317,8,50m Freestyle,Boys 10-18,00:00.00,15/03/2024 16:11:00,70,68,/LeagueTable/AthleticsDisciplineResults/47854?isModal=True
819,ליגה הפועל בית שמש,comp.asp?compID=1509,52,https://loglig.com:2053/LeagueTable/AthleticsDisciplines/10319,1,50m Freestyle,Women 9-99,00:00.00,20/03/2024 17:30:00,127,121,/LeagueTable/AthleticsDisciplineResults/47865?isModal=True
820,ליגה הפועל בית שמש,comp.asp?compID=1509,52,https://loglig.com:2053/LeagueTable/AthleticsDisciplines/10319,2,50m Freestyle,Men 9-99,00:00.00,20/03/2024 18:14:00,50,48,/LeagueTable/AthleticsDisciplineResults/47863?isModal=True
821,ליגה הפועל בית שמש,comp.asp?compID=1509,52,https://loglig.com:2053/LeagueTable/AthleticsDisciplines/10319,3,100m Breaststroke,Women 9-99,00:00.00,20/03/2024 18:32:00,11,11,/LeagueTable/AthleticsDisciplineResults/47864?isModal=True
822,ליגה הפועל בית שמש,comp.asp?compID=1509,52,https://loglig.com:2053/LeagueTable/AthleticsDisciplines/10319,4,100m Breaststroke,Men 9-99,00:00.00,20/03/2024 18:38:00,6,6,/LeagueTable/AthleticsDisciplineResults/47862?isModal=True
823,ליגה 2 הפועל ירושלים,comp.asp?compID=1512,53,https://loglig.com:2053/LeagueTable/AthleticsDisciplines/10338,1,50m Freestyle,Women 10-99,00:00.00,22/03/2024 13:15:00,57,26,/LeagueTable/AthleticsDisciplineResults/48021?isModal=True
824,ליגה 2 הפועל ירושלים,comp.asp?compID=1512,53,https://loglig.com:2053/LeagueTable/AthleticsDisciplines/10338,2,50m Freestyle,Men 10-99,00:00.00,22/03/2024 13:35:00,45,23,/LeagueTable/AthleticsDisciplineResults/48018?isModal=True
825,ליגה 2 הפועל ירושלים,comp.asp?compID=1512,53,https://loglig.com:2053/LeagueTable/AthleticsDisciplines/10338,3,200m Freestyle,Women 10-99,00:00.00,22/03/2024 13:51:00,15,11,/LeagueTable/AthleticsDisciplineResults/48019?isModal=True
826,ליגה 2 הפועל ירושלים,comp.asp?compID=1512,53,https://loglig.com:2053/LeagueTable/AthleticsDisciplines/10338,4,200m Freestyle,Men 10-99,00:00.00,22/03/2024 14:04:30,27,24,/LeagueTable/AthleticsDisciplineResults/48016?isModal=True
827,ליגה 2 הפועל ירושלים,comp.asp?compID=1512,53,https://loglig.com:2053/LeagueTable/AthleticsDisciplines/10338,5,200m Individual Medley,Women 10-99,00:00.00,22/03/2024 14:27:00,8,7,/LeagueTable/AthleticsDisciplineResults/48020?isModal=True
828,ליגה 2 הפועל ירושלים,comp.asp?compID=1512,53,https://loglig.com:2053/LeagueTable/AthleticsDisciplines/10338,6,200m Individual Medley,Men 10-99,00:00.00,22/03/2024 14:37:00,13,11,/LeagueTable/AthleticsDisciplineResults/48017?isModal=True
829,ליגה בוגרים ומסטרס צפונית 3,comp.asp?compID=1502,54,https://loglig.com:2053/LeagueTable/AthleticsDisciplines/10053,1,50m Freestyle,Girls 8-99,00:00.00,22/03/2024 10:30:00,15,15,/LeagueTable/AthleticsDisciplineResults/44690?isModal=True
830,ליגה בוגרים ומסטרס צפונית 3,comp.asp?compID=1502,54,https://loglig.com:2053/LeagueTable/AthleticsDisciplines/10053,2,50m Freestyle,Boys 8-99,00:00.00,22/03/2024 10:34:00,44,44,/LeagueTable/AthleticsDisciplineResults/44685?isModal=True
831,ליגה בוגרים ומסטרס צפונית 3,comp.asp?compID=1502,54,https://loglig.com:2053/LeagueTable/AthleticsDisciplines/10053,3,100m Breaststroke,Girls 8-99,00:00.00,22/03/2024 10:46:00,8,8,/LeagueTable/AthleticsDisciplineResults/44686?isModal=True
832,ליגה בוגרים ומסטרס צפונית 3,comp.asp?compID=1502,54,https://loglig.com:2053/LeagueTable/AthleticsDisciplines/10053,4,100m Breaststroke,Boys 8-99,00:00.00,22/03/2024 10:49:00,21,21,/LeagueTable/AthleticsDisciplineResults/44681?isModal=True
833,ליגה בוגרים ומסטרס צפונית 3,comp.asp?compID=1502,54,https://loglig.com:2053/LeagueTable/AthleticsDisciplines/10053,5,200m Individual Medley,Girls 8-99,00:00.00,22/03/2024 10:58:00,1,1,/LeagueTable/AthleticsDisciplineResults/44689?isModal=True
834,ליגה בוגרים ומסטרס צפונית 3,comp.asp?compID=1502,54,https://loglig.com:2053/LeagueTable/AthleticsDisciplines/10053,6,200m Individual Medley,Boys 8-99,00:00.00,22/03/2024 11:02:00,15,15,/LeagueTable/AthleticsDisciplineResults/44683?isModal=True
835,ליגה בוגרים ומסטרס צפונית 3,comp.asp?compID=1502,54,https://loglig.com:2053/LeagueTable/AthleticsDisciplines/10053,7,50m Butterfly,Girls 8-99,00:00.00,22/03/2024 11:10:00,1,1,/LeagueTable/AthleticsDisciplineResults/48023?isModal=True
836,ליגה בוגרים ומסטרס צפונית 3,comp.asp?compID=1502,54,https://loglig.com:2053/LeagueTable/AthleticsDisciplines/10053,8,50m Butterfly,Boys 8-99,00:00.00,22/03/2024 11:12:00,12,12,/LeagueTable/AthleticsDisciplineResults/48025?isModal=True
837,ליגה בוגרים ומסטרס צפונית 3,comp.asp?compID=1502,54,https://loglig.com:2053/LeagueTable/AthleticsDisciplines/10053,9,200m Freestyle,Girls 8-99,00:00.00,22/03/2024 11:16:00,2,2,/LeagueTable/AthleticsDisciplineResults/48022?isModal=True
838,ליגה בוגרים ומסטרס צפונית 3,comp.asp?compID=1502,54,https://loglig.com:2053/LeagueTable/AthleticsDisciplines/10053,10,200m Freestyle,Boys 8-99,00:00.00,22/03/2024 11:20:30,18,18,/LeagueTable/AthleticsDisciplineResults/48024?isModal=True
839,אליפות גיל 11-10: אזור צפון,comp.asp?compID=473,55,https://loglig.com:2053/LeagueTable/AthleticsDisciplines/10359,1,100m Individual Medley,Girls 10,00:00.00,27/03/2024 09:30:00,10,9,/LeagueTable/AthleticsDisciplineResults/48272?isModal=True
840,אליפות גיל 11-10: אזור צפון,comp.asp?compID=473,55,https://loglig.com:2053/LeagueTable/AthleticsDisciplines/10359,2,100m Individual Medley,Boys 10,00:00.00,27/03/2024 09:35:00,14,12,/LeagueTable/AthleticsDisciplineResults/48284?isModal=True
841,אליפות גיל 11-10: אזור צפון,comp.asp?compID=473,55,https://loglig.com:2053/LeagueTable/AthleticsDisciplines/10359,3,100m Individual Medley,Girls 11,00:00.00,27/03/2024 09:40:00,20,19,/LeagueTable/AthleticsDisciplineResults/48278?isModal=True
842,אליפות גיל 11-10: אזור צפון,comp.asp?compID=473,55,https://loglig.com:2053/LeagueTable/AthleticsDisciplines/10359,4,100m Individual Medley,Boys 11,00:00.00,27/03/2024 09:47:30,22,21,/LeagueTable/AthleticsDisciplineResults/48290?isModal=True
843,אליפות גיל 11-10: אזור צפון,comp.asp?compID=473,55,https://loglig.com:2053/LeagueTable/AthleticsDisciplines/10359,5,200m Freestyle,Girls 10,00:00.00,27/03/2024 09:55:00,10,9,/LeagueTable/AthleticsDisciplineResults/48273?isModal=True
844,אליפות גיל 11-10: אזור צפון,comp.asp?compID=473,55,https://loglig.com:2053/LeagueTable/AthleticsDisciplines/10359,6,200m Freestyle,Boys 10,00:00.00,27/03/2024 10:04:00,18,18,/LeagueTable/AthleticsDisciplineResults/48285?isModal=True
845,אליפות גיל 11-10: אזור צפון,comp.asp?compID=473,55,https://loglig.com:2053/LeagueTable/AthleticsDisciplines/10359,7,200m Freestyle,Girls 11,00:00.00,27/03/2024 10:17:30,18,16,/LeagueTable/AthleticsDisciplineResults/48279?isModal=True
846,אליפות גיל 11-10: אזור צפון,comp.asp?compID=473,55,https://loglig.com:2053/LeagueTable/AthleticsDisciplines/10359,8,200m Freestyle,Boys 11,00:00.00,27/03/2024 10:31:00,19,17,/LeagueTable/AthleticsDisciplineResults/48291?isModal=True
847,אליפות גיל 11-10: אזור צפון,comp.asp?compID=473,55,https://loglig.com:2053/LeagueTable/AthleticsDisciplines/10359,9,50m Butterfly,Girls 10,00:00.00,27/03/2024 10:44:30,9,9,/LeagueTable/AthleticsDisciplineResults/48294?isModal=True
848,אליפות גיל 11-10: אזור צפון,comp.asp?compID=473,55,https://loglig.com:2053/LeagueTable/AthleticsDisciplines/10359,10,50m Butterfly,Boys 10,00:00.00,27/03/2024 10:47:30,16,16,/LeagueTable/AthleticsDisciplineResults/48296?isModal=True
849,אליפות גיל 11-10: אזור צפון,comp.asp?compID=473,55,https://loglig.com:2053/LeagueTable/AthleticsDisciplines/10359,11,100m Butterfly,Girls 11,00:00.00,27/03/2024 10:50:30,6,6,/LeagueTable/AthleticsDisciplineResults/48297?isModal=True
850,אליפות גיל 11-10: אזור צפון,comp.asp?compID=473,55,https://loglig.com:2053/LeagueTable/AthleticsDisciplines/10359,12,100m Butterfly,Boys 11,00:00.00,27/03/2024 10:53:30,6,5,/LeagueTable/AthleticsDisciplineResults/48299?isModal=True
851,אליפות גיל 11-10: אזור צפון,comp.asp?compID=473,55,https://loglig.com:2053/LeagueTable/AthleticsDisciplines/10359,13,100m Backstroke,Girls 10,00:00.00,27/03/2024 10:56:00,25,20,/LeagueTable/AthleticsDisciplineResults/48269?isModal=True
852,אליפות גיל 11-10: אזור צפון,comp.asp?compID=473,55,https://loglig.com:2053/LeagueTable/AthleticsDisciplines/10359,14,100m Backstroke,Boys 10,00:00.00,27/03/2024 11:08:00,30,27,/LeagueTable/AthleticsDisciplineResults/48281?isModal=True
853,אליפות גיל 11-10: אזור צפון,comp.asp?compID=473,55,https://loglig.com:2053/LeagueTable/AthleticsDisciplines/10359,15,100m Backstroke,Girls 11,00:00.00,27/03/2024 11:20:00,26,24,/LeagueTable/AthleticsDisciplineResults/48275?isModal=True
854,אליפות גיל 11-10: אזור צפון,comp.asp?compID=473,55,https://loglig.com:2053/LeagueTable/AthleticsDisciplines/10359,16,100m Backstroke,Boys 11,00:00.00,27/03/2024 11:30:00,30,26,/LeagueTable/AthleticsDisciplineResults/48287?isModal=True
855,אליפות גיל 11-10: אזור צפון,comp.asp?compID=473,55,https://loglig.com:2053/LeagueTable/AthleticsDisciplines/10359,17,4X50m Freestyle Relay,Girls 10-11,00:00.00,27/03/2024 11:40:00,42,32,/LeagueTable/AthleticsDisciplineResults/48301?isModal=True
856,אליפות גיל 11-10: אזור צפון,comp.asp?compID=473,55,https://loglig.com:2053/LeagueTable/AthleticsDisciplines/10359,18,4X50m Freestyle Relay,Boys 10-11,00:00.00,27/03/2024 11:45:00,65,52,/LeagueTable/AthleticsDisciplineResults/48303?isModal=True
857,אליפות גיל 11-10: אזור צפון,comp.asp?compID=473,55,https://loglig.com:2053/LeagueTable/AthleticsDisciplines/10359,19,200m Individual Medley,Girls 10,00:00.00,,2,0,/LeagueTable/AthleticsDisciplineResults/48274?isModal=True
858,אליפות גיל 11-10: אזור צפון,comp.asp?compID=473,55,https://loglig.com:2053/LeagueTable/AthleticsDisciplines/10359,20,200m Individual Medley,Boys 10,00:00.00,,5,0,/LeagueTable/AthleticsDisciplineResults/48286?isModal=True
859,אליפות גיל 11-10: אזור צפון,comp.asp?compID=473,55,https://loglig.com:2053/LeagueTable/AthleticsDisciplines/10359,21,200m Individual Medley,Girls 11,00:00.00,27/03/2024 14:00:00,6,6,/LeagueTable/AthleticsDisciplineResults/48280?isModal=True
860,אליפות גיל 11-10: אזור צפון,comp.asp?compID=473,55,https://loglig.com:2053/LeagueTable/AthleticsDisciplines/10359,22,200m Individual Medley,Boys 11,00:00.00,27/03/2024 14:04:30,8,8,/LeagueTable/AthleticsDisciplineResults/48292?isModal=True
861,אליפות גיל 11-10: אזור צפון,comp.asp?compID=473,55,https://loglig.com:2053/LeagueTable/AthleticsDisciplines/10359,23,100m Freestyle,Girls 10,00:00.00,27/03/2024 14:09:00,25,23,/LeagueTable/AthleticsDisciplineResults/48270?isModal=True
862,אליפות גיל 11-10: אזור צפון,comp.asp?compID=473,55,https://loglig.com:2053/LeagueTable/AthleticsDisciplines/10359,24,100m Freestyle,Boys 10,00:00.00,27/03/2024 14:19:00,47,39,/LeagueTable/AthleticsDisciplineResults/48282?isModal=True
863,אליפות גיל 11-10: אזור צפון,comp.asp?compID=473,55,https://loglig.com:2053/LeagueTable/AthleticsDisciplines/10359,25,100m Freestyle,Girls 11,00:00.00,27/03/2024 14:29:30,39,36,/LeagueTable/AthleticsDisciplineResults/48276?isModal=True
864,אליפות גיל 11-10: אזור צפון,comp.asp?compID=473,55,https://loglig.com:2053/LeagueTable/AthleticsDisciplines/10359,26,100m Freestyle,Boys 11,00:00.00,27/03/2024 14:42:00,50,43,/LeagueTable/AthleticsDisciplineResults/48288?isModal=True
865,אליפות גיל 11-10: אזור צפון,comp.asp?compID=473,55,https://loglig.com:2053/LeagueTable/AthleticsDisciplines/10359,27,100m Breaststroke,Girls 10,00:00.00,27/03/2024 14:59:30,10,8,/LeagueTable/AthleticsDisciplineResults/48271?isModal=True
866,אליפות גיל 11-10: אזור צפון,comp.asp?compID=473,55,https://loglig.com:2053/LeagueTable/AthleticsDisciplines/10359,28,100m Breaststroke,Boys 10,00:00.00,27/03/2024 15:05:30,23,21,/LeagueTable/AthleticsDisciplineResults/48283?isModal=True
867,אליפות גיל 11-10: אזור צפון,comp.asp?compID=473,55,https://loglig.com:2053/LeagueTable/AthleticsDisciplines/10359,29,100m Breaststroke,Girls 11,00:00.00,27/03/2024 15:14:30,22,21,/LeagueTable/AthleticsDisciplineResults/48277?isModal=True
868,אליפות גיל 11-10: אזור צפון,comp.asp?compID=473,55,https://loglig.com:2053/LeagueTable/AthleticsDisciplines/10359,30,100m Breaststroke,Boys 11,00:00.00,27/03/2024 15:22:00,17,17,/LeagueTable/AthleticsDisciplineResults/48289?isModal=True
869,אליפות גיל 11-10: אזור צפון,comp.asp?compID=473,55,https://loglig.com:2053/LeagueTable/AthleticsDisciplines/10359,31,50m Backstroke,Girls 10,00:00.00,27/03/2024 15:29:30,19,16,/LeagueTable/AthleticsDisciplineResults/48293?isModal=True
870,אליפות גיל 11-10: אזור צפון,comp.asp?compID=473,55,https://loglig.com:2053/LeagueTable/AthleticsDisciplines/10359,32,50m Backstroke,Boys 10,00:00.00,27/03/2024 15:34:00,28,19,/LeagueTable/AthleticsDisciplineResults/48295?isModal=True
871,אליפות גיל 11-10: אזור צפון,comp.asp?compID=473,55,https://loglig.com:2053/LeagueTable/AthleticsDisciplines/10359,33,200m Backstroke,Girls 11,00:00.00,27/03/2024 15:40:00,4,4,/LeagueTable/AthleticsDisciplineResults/48298?isModal=True
872,אליפות גיל 11-10: אזור צפון,comp.asp?compID=473,55,https://loglig.com:2053/LeagueTable/AthleticsDisciplines/10359,34,200m Backstroke,Boys 11,00:00.00,27/03/2024 15:44:30,8,8,/LeagueTable/AthleticsDisciplineResults/48300?isModal=True
873,אליפות גיל 11-10: אזור צפון,comp.asp?compID=473,55,https://loglig.com:2053/LeagueTable/AthleticsDisciplines/10359,35,4X50m Medley Relay,Girls 10-11,00:00.00,27/03/2024 15:48:30,37,24,/LeagueTable/AthleticsDisciplineResults/48302?isModal=True
874,אליפות גיל 11-10: אזור צפון,comp.asp?compID=473,55,https://loglig.com:2053/LeagueTable/AthleticsDisciplines/10359,36,4X50m Medley Relay,Boys 10-11,00:00.00,27/03/2024 15:53:30,52,40,/LeagueTable/AthleticsDisciplineResults/48304?isModal=True
875,אליפות גיל 11-10: אזור מרכז,comp.asp?compID=1510,56,https://loglig.com:2053/LeagueTable/AthleticsDisciplines/10358,1,100m Individual Medley,Girls 10,00:00.00,29/03/2024 09:30:00,12,12,/LeagueTable/AthleticsDisciplineResults/48236?isModal=True
876,אליפות גיל 11-10: אזור מרכז,comp.asp?compID=1510,56,https://loglig.com:2053/LeagueTable/AthleticsDisciplines/10358,2,100m Individual Medley,Boys 10,00:00.00,29/03/2024 09:35:00,23,22,/LeagueTable/AthleticsDisciplineResults/48248?isModal=True
877,אליפות גיל 11-10: אזור מרכז,comp.asp?compID=1510,56,https://loglig.com:2053/LeagueTable/AthleticsDisciplines/10358,3,100m Individual Medley,Girls 11,00:00.00,29/03/2024 09:42:30,35,34,/LeagueTable/AthleticsDisciplineResults/48242?isModal=True
878,אליפות גיל 11-10: אזור מרכז,comp.asp?compID=1510,56,https://loglig.com:2053/LeagueTable/AthleticsDisciplines/10358,4,100m Individual Medley,Boys 11,00:00.00,29/03/2024 09:55:00,32,32,/LeagueTable/AthleticsDisciplineResults/48254?isModal=True
879,אליפות גיל 11-10: אזור מרכז,comp.asp?compID=1510,56,https://loglig.com:2053/LeagueTable/AthleticsDisciplines/10358,5,200m Freestyle,Girls 10,00:00.00,29/03/2024 10:05:00,18,17,/LeagueTable/AthleticsDisciplineResults/48237?isModal=True
880,אליפות גיל 11-10: אזור מרכז,comp.asp?compID=1510,56,https://loglig.com:2053/LeagueTable/AthleticsDisciplines/10358,6,200m Freestyle,Boys 10,00:00.00,29/03/2024 10:18:30,22,21,/LeagueTable/AthleticsDisciplineResults/48249?isModal=True
881,אליפות גיל 11-10: אזור מרכז,comp.asp?compID=1510,56,https://loglig.com:2053/LeagueTable/AthleticsDisciplines/10358,7,200m Freestyle,Girls 11,00:00.00,29/03/2024 10:32:00,25,24,/LeagueTable/AthleticsDisciplineResults/48243?isModal=True
882,אליפות גיל 11-10: אזור מרכז,comp.asp?compID=1510,56,https://loglig.com:2053/LeagueTable/AthleticsDisciplines/10358,8,200m Freestyle,Boys 11,00:00.00,29/03/2024 10:50:00,27,27,/LeagueTable/AthleticsDisciplineResults/48255?isModal=True
883,אליפות גיל 11-10: אזור מרכז,comp.asp?compID=1510,56,https://loglig.com:2053/LeagueTable/AthleticsDisciplines/10358,9,50m Butterfly,Girls 10,00:00.00,29/03/2024 11:08:00,14,14,/LeagueTable/AthleticsDisciplineResults/48258?isModal=True
884,אליפות גיל 11-10: אזור מרכז,comp.asp?compID=1510,56,https://loglig.com:2053/LeagueTable/AthleticsDisciplines/10358,10,50m Butterfly,Boys 10,00:00.00,29/03/2024 11:11:00,18,17,/LeagueTable/AthleticsDisciplineResults/48260?isModal=True
885,אליפות גיל 11-10: אזור מרכז,comp.asp?compID=1510,56,https://loglig.com:2053/LeagueTable/AthleticsDisciplines/10358,11,100m Butterfly,Girls 11,00:00.00,29/03/2024 11:15:30,13,13,/LeagueTable/AthleticsDisciplineResults/48261?isModal=True
886,אליפות גיל 11-10: אזור מרכז,comp.asp?compID=1510,56,https://loglig.com:2053/LeagueTable/AthleticsDisciplines/10358,12,100m Butterfly,Boys 11,00:00.00,29/03/2024 11:20:30,22,22,/LeagueTable/AthleticsDisciplineResults/48263?isModal=True
887,אליפות גיל 11-10: אזור מרכז,comp.asp?compID=1510,56,https://loglig.com:2053/LeagueTable/AthleticsDisciplines/10358,13,100m Backstroke,Girls 10,00:00.00,29/03/2024 11:28:00,33,32,/LeagueTable/AthleticsDisciplineResults/48233?isModal=True
888,אליפות גיל 11-10: אזור מרכז,comp.asp?compID=1510,56,https://loglig.com:2053/LeagueTable/AthleticsDisciplines/10358,14,100m Backstroke,Boys 10,00:00.00,29/03/2024 11:40:00,26,25,/LeagueTable/AthleticsDisciplineResults/48245?isModal=True
889,אליפות גיל 11-10: אזור מרכז,comp.asp?compID=1510,56,https://loglig.com:2053/LeagueTable/AthleticsDisciplines/10358,15,100m Backstroke,Girls 11,00:00.00,29/03/2024 11:52:30,34,33,/LeagueTable/AthleticsDisciplineResults/48239?isModal=True
890,אליפות גיל 11-10: אזור מרכז,comp.asp?compID=1510,56,https://loglig.com:2053/LeagueTable/AthleticsDisciplines/10358,16,100m Backstroke,Boys 11,00:00.00,29/03/2024 12:05:00,32,32,/LeagueTable/AthleticsDisciplineResults/48251?isModal=True
891,אליפות גיל 11-10: אזור מרכז,comp.asp?compID=1510,56,https://loglig.com:2053/LeagueTable/AthleticsDisciplines/10358,17,4X50m Freestyle Relay,Girls 10-11,00:00.00,29/03/2024 12:14:30,94,76,/LeagueTable/AthleticsDisciplineResults/48265?isModal=True
892,אליפות גיל 11-10: אזור מרכז,comp.asp?compID=1510,56,https://loglig.com:2053/LeagueTable/AthleticsDisciplines/10358,18,4X50m Freestyle Relay,Boys 10-11,00:00.00,29/03/2024 12:29:30,90,72,/LeagueTable/AthleticsDisciplineResults/48267?isModal=True
893,אליפות גיל 11-10: אזור מרכז,comp.asp?compID=1510,56,https://loglig.com:2053/LeagueTable/AthleticsDisciplines/10358,19,200m Individual Medley,Girls 10,00:00.00,29/03/2024 12:44:00,4,4,/LeagueTable/AthleticsDisciplineResults/48238?isModal=True
894,אליפות גיל 11-10: אזור מרכז,comp.asp?compID=1510,56,https://loglig.com:2053/LeagueTable/AthleticsDisciplines/10358,20,200m Individual Medley,Boys 10,00:00.00,29/03/2024 15:04:00,11,10,/LeagueTable/AthleticsDisciplineResults/48250?isModal=True
895,אליפות גיל 11-10: אזור מרכז,comp.asp?compID=1510,56,https://loglig.com:2053/LeagueTable/AthleticsDisciplines/10358,21,200m Individual Medley,Girls 11,00:00.00,29/03/2024 15:13:00,10,10,/LeagueTable/AthleticsDisciplineResults/48244?isModal=True
896,אליפות גיל 11-10: אזור מרכז,comp.asp?compID=1510,56,https://loglig.com:2053/LeagueTable/AthleticsDisciplines/10358,22,200m Individual Medley,Boys 11,00:00.00,29/03/2024 15:22:00,21,21,/LeagueTable/AthleticsDisciplineResults/48256?isModal=True
897,אליפות גיל 11-10: אזור מרכז,comp.asp?compID=1510,56,https://loglig.com:2053/LeagueTable/AthleticsDisciplines/10358,23,100m Freestyle,Girls 10,00:00.00,29/03/2024 15:35:30,53,50,/LeagueTable/AthleticsDisciplineResults/48234?isModal=True
898,אליפות גיל 11-10: אזור מרכז,comp.asp?compID=1510,56,https://loglig.com:2053/LeagueTable/AthleticsDisciplines/10358,24,100m Freestyle,Boys 10,00:00.00,29/03/2024 15:53:00,55,52,/LeagueTable/AthleticsDisciplineResults/48246?isModal=True
899,אליפות גיל 11-10: אזור מרכז,comp.asp?compID=1510,56,https://loglig.com:2053/LeagueTable/AthleticsDisciplines/10358,25,100m Freestyle,Girls 11,00:00.00,29/03/2024 16:10:30,44,41,/LeagueTable/AthleticsDisciplineResults/48240?isModal=True
900,אליפות גיל 11-10: אזור מרכז,comp.asp?compID=1510,56,https://loglig.com:2053/LeagueTable/AthleticsDisciplines/10358,26,100m Freestyle,Boys 11,00:00.00,29/03/2024 16:25:30,59,58,/LeagueTable/AthleticsDisciplineResults/48252?isModal=True
901,אליפות גיל 11-10: אזור מרכז,comp.asp?compID=1510,56,https://loglig.com:2053/LeagueTable/AthleticsDisciplines/10358,27,100m Breaststroke,Girls 10,00:00.00,29/03/2024 16:45:30,30,28,/LeagueTable/AthleticsDisciplineResults/48235?isModal=True
902,אליפות גיל 11-10: אזור מרכז,comp.asp?compID=1510,56,https://loglig.com:2053/LeagueTable/AthleticsDisciplines/10358,28,100m Breaststroke,Boys 10,00:00.00,29/03/2024 16:55:30,34,31,/LeagueTable/AthleticsDisciplineResults/48247?isModal=True
903,אליפות גיל 11-10: אזור מרכז,comp.asp?compID=1510,56,https://loglig.com:2053/LeagueTable/AthleticsDisciplines/10358,29,100m Breaststroke,Girls 11,00:00.00,29/03/2024 17:08:00,39,38,/LeagueTable/AthleticsDisciplineResults/48241?isModal=True
904,אליפות גיל 11-10: אזור מרכז,comp.asp?compID=1510,56,https://loglig.com:2053/LeagueTable/AthleticsDisciplines/10358,30,100m Breaststroke,Boys 11,00:00.00,29/03/2024 17:20:30,38,37,/LeagueTable/AthleticsDisciplineResults/48253?isModal=True
905,אליפות גיל 11-10: אזור מרכז,comp.asp?compID=1510,56,https://loglig.com:2053/LeagueTable/AthleticsDisciplines/10358,31,50m Backstroke,Girls 10,00:00.00,29/03/2024 17:33:00,24,23,/LeagueTable/AthleticsDisciplineResults/48257?isModal=True
906,אליפות גיל 11-10: אזור מרכז,comp.asp?compID=1510,56,https://loglig.com:2053/LeagueTable/AthleticsDisciplines/10358,32,50m Backstroke,Boys 10,00:00.00,29/03/2024 17:39:00,27,25,/LeagueTable/AthleticsDisciplineResults/48259?isModal=True
907,אליפות גיל 11-10: אזור מרכז,comp.asp?compID=1510,56,https://loglig.com:2053/LeagueTable/AthleticsDisciplines/10358,33,200m Backstroke,Girls 11,00:00.00,29/03/2024 17:47:00,12,12,/LeagueTable/AthleticsDisciplineResults/48262?isModal=True
908,אליפות גיל 11-10: אזור מרכז,comp.asp?compID=1510,56,https://loglig.com:2053/LeagueTable/AthleticsDisciplines/10358,34,200m Backstroke,Boys 11,00:00.00,29/03/2024 17:50:00,18,18,/LeagueTable/AthleticsDisciplineResults/48264?isModal=True
909,אליפות גיל 11-10: אזור מרכז,comp.asp?compID=1510,56,https://loglig.com:2053/LeagueTable/AthleticsDisciplines/10358,35,4X50m Medley Relay,Girls 10-11,00:00.00,29/03/2024 17:54:00,93,76,/LeagueTable/AthleticsDisciplineResults/48266?isModal=True
910,אליפות גיל 11-10: אזור מרכז,comp.asp?compID=1510,56,https://loglig.com:2053/LeagueTable/AthleticsDisciplines/10358,36,4X50m Medley Relay,Boys 10-11,00:00.00,29/03/2024 19:29:00,87,68,/LeagueTable/AthleticsDisciplineResults/48268?isModal=True
911,אליפות גיל 11-10: אזור דרום,comp.asp?compID=472,57,https://loglig.com:2053/LeagueTable/AthleticsDisciplines/10357,1,100m Individual Medley,Girls 10,00:00.00,03/04/2024 10:00:00,9,9,/LeagueTable/AthleticsDisciplineResults/48200?isModal=True
912,אליפות גיל 11-10: אזור דרום,comp.asp?compID=472,57,https://loglig.com:2053/LeagueTable/AthleticsDisciplines/10357,2,100m Individual Medley,Boys 10,00:00.00,03/04/2024 10:05:00,14,14,/LeagueTable/AthleticsDisciplineResults/48212?isModal=True
913,אליפות גיל 11-10: אזור דרום,comp.asp?compID=472,57,https://loglig.com:2053/LeagueTable/AthleticsDisciplines/10357,3,100m Individual Medley,Girls 11,00:00.00,03/04/2024 10:10:00,28,27,/LeagueTable/AthleticsDisciplineResults/48206?isModal=True
914,אליפות גיל 11-10: אזור דרום,comp.asp?compID=472,57,https://loglig.com:2053/LeagueTable/AthleticsDisciplines/10357,4,100m Individual Medley,Boys 11,00:00.00,03/04/2024 10:20:00,33,30,/LeagueTable/AthleticsDisciplineResults/48218?isModal=True
915,אליפות גיל 11-10: אזור דרום,comp.asp?compID=472,57,https://loglig.com:2053/LeagueTable/AthleticsDisciplines/10357,5,200m Freestyle,Girls 10,00:00.00,03/04/2024 10:35:00,9,9,/LeagueTable/AthleticsDisciplineResults/48201?isModal=True
916,אליפות גיל 11-10: אזור דרום,comp.asp?compID=472,57,https://loglig.com:2053/LeagueTable/AthleticsDisciplines/10357,6,200m Freestyle,Boys 10,00:00.00,03/04/2024 10:44:00,16,15,/LeagueTable/AthleticsDisciplineResults/48213?isModal=True
917,אליפות גיל 11-10: אזור דרום,comp.asp?compID=472,57,https://loglig.com:2053/LeagueTable/AthleticsDisciplines/10357,7,200m Freestyle,Girls 11,00:00.00,03/04/2024 10:57:30,18,18,/LeagueTable/AthleticsDisciplineResults/48207?isModal=True
918,אליפות גיל 11-10: אזור דרום,comp.asp?compID=472,57,https://loglig.com:2053/LeagueTable/AthleticsDisciplines/10357,8,200m Freestyle,Boys 11,00:00.00,03/04/2024 11:11:00,19,18,/LeagueTable/AthleticsDisciplineResults/48219?isModal=True
919,אליפות גיל 11-10: אזור דרום,comp.asp?compID=472,57,https://loglig.com:2053/LeagueTable/AthleticsDisciplines/10357,9,50m Butterfly,Girls 10,00:00.00,03/04/2024 11:24:30,12,12,/LeagueTable/AthleticsDisciplineResults/48222?isModal=True
920,אליפות גיל 11-10: אזור דרום,comp.asp?compID=472,57,https://loglig.com:2053/LeagueTable/AthleticsDisciplines/10357,10,50m Butterfly,Boys 10,00:00.00,03/04/2024 11:27:30,15,14,/LeagueTable/AthleticsDisciplineResults/48224?isModal=True
921,אליפות גיל 11-10: אזור דרום,comp.asp?compID=472,57,https://loglig.com:2053/LeagueTable/AthleticsDisciplines/10357,11,100m Butterfly,Girls 11,00:00.00,03/04/2024 11:33:30,10,10,/LeagueTable/AthleticsDisciplineResults/48225?isModal=True
922,אליפות גיל 11-10: אזור דרום,comp.asp?compID=472,57,https://loglig.com:2053/LeagueTable/AthleticsDisciplines/10357,12,100m Butterfly,Boys 11,00:00.00,03/04/2024 11:38:30,13,11,/LeagueTable/AthleticsDisciplineResults/48227?isModal=True
923,אליפות גיל 11-10: אזור דרום,comp.asp?compID=472,57,https://loglig.com:2053/LeagueTable/AthleticsDisciplines/10357,13,100m Backstroke,Girls 10,00:00.00,03/04/2024 11:43:30,14,14,/LeagueTable/AthleticsDisciplineResults/48197?isModal=True
924,אליפות גיל 11-10: אזור דרום,comp.asp?compID=472,57,https://loglig.com:2053/LeagueTable/AthleticsDisciplines/10357,14,100m Backstroke,Boys 10,00:00.00,03/04/2024 11:49:30,9,8,/LeagueTable/AthleticsDisciplineResults/48209?isModal=True
925,אליפות גיל 11-10: אזור דרום,comp.asp?compID=472,57,https://loglig.com:2053/LeagueTable/AthleticsDisciplines/10357,15,100m Backstroke,Girls 11,00:00.00,03/04/2024 11:55:30,32,31,/LeagueTable/AthleticsDisciplineResults/48203?isModal=True
926,אליפות גיל 11-10: אזור דרום,comp.asp?compID=472,57,https://loglig.com:2053/LeagueTable/AthleticsDisciplines/10357,16,100m Backstroke,Boys 11,00:00.00,03/04/2024 12:08:00,18,18,/LeagueTable/AthleticsDisciplineResults/48215?isModal=True
927,אליפות גיל 11-10: אזור דרום,comp.asp?compID=472,57,https://loglig.com:2053/LeagueTable/AthleticsDisciplines/10357,17,4X50m Freestyle Relay,Girls 10-11,00:00.00,03/04/2024 12:15:00,81,72,/LeagueTable/AthleticsDisciplineResults/48229?isModal=True
928,אליפות גיל 11-10: אזור דרום,comp.asp?compID=472,57,https://loglig.com:2053/LeagueTable/AthleticsDisciplines/10357,18,4X50m Freestyle Relay,Boys 10-11,00:00.00,03/04/2024 12:30:00,65,56,/LeagueTable/AthleticsDisciplineResults/48231?isModal=True
929,אליפות גיל 11-10: אזור דרום,comp.asp?compID=472,57,https://loglig.com:2053/LeagueTable/AthleticsDisciplines/10357,19,200m Individual Medley,Girls 10,00:00.00,,1,0,/LeagueTable/AthleticsDisciplineResults/48202?isModal=True
930,אליפות גיל 11-10: אזור דרום,comp.asp?compID=472,57,https://loglig.com:2053/LeagueTable/AthleticsDisciplines/10357,20,200m Individual Medley,Boys 10,00:00.00,03/04/2024 14:30:00,6,6,/LeagueTable/AthleticsDisciplineResults/48214?isModal=True
931,אליפות גיל 11-10: אזור דרום,comp.asp?compID=472,57,https://loglig.com:2053/LeagueTable/AthleticsDisciplines/10357,21,200m Individual Medley,Girls 11,00:00.00,03/04/2024 14:35:00,10,10,/LeagueTable/AthleticsDisciplineResults/48208?isModal=True
932,אליפות גיל 11-10: אזור דרום,comp.asp?compID=472,57,https://loglig.com:2053/LeagueTable/AthleticsDisciplines/10357,22,200m Individual Medley,Boys 11,00:00.00,03/04/2024 14:44:00,14,14,/LeagueTable/AthleticsDisciplineResults/48220?isModal=True
933,אליפות גיל 11-10: אזור דרום,comp.asp?compID=472,57,https://loglig.com:2053/LeagueTable/AthleticsDisciplines/10357,23,100m Freestyle,Girls 10,00:00.00,03/04/2024 14:52:00,29,28,/LeagueTable/AthleticsDisciplineResults/48198?isModal=True
934,אליפות גיל 11-10: אזור דרום,comp.asp?compID=472,57,https://loglig.com:2053/LeagueTable/AthleticsDisciplines/10357,24,100m Freestyle,Boys 10,00:00.00,03/04/2024 15:04:00,40,38,/LeagueTable/AthleticsDisciplineResults/48210?isModal=True
935,אליפות גיל 11-10: אזור דרום,comp.asp?compID=472,57,https://loglig.com:2053/LeagueTable/AthleticsDisciplines/10357,25,100m Freestyle,Girls 11,00:00.00,03/04/2024 15:19:00,35,35,/LeagueTable/AthleticsDisciplineResults/48204?isModal=True
936,אליפות גיל 11-10: אזור דרום,comp.asp?compID=472,57,https://loglig.com:2053/LeagueTable/AthleticsDisciplines/10357,26,100m Freestyle,Boys 11,00:00.00,03/04/2024 15:31:30,43,40,/LeagueTable/AthleticsDisciplineResults/48216?isModal=True
937,אליפות גיל 11-10: אזור דרום,comp.asp?compID=472,57,https://loglig.com:2053/LeagueTable/AthleticsDisciplines/10357,27,100m Breaststroke,Girls 10,00:00.00,03/04/2024 15:49:00,13,13,/LeagueTable/AthleticsDisciplineResults/48199?isModal=True
938,אליפות גיל 11-10: אזור דרום,comp.asp?compID=472,57,https://loglig.com:2053/LeagueTable/AthleticsDisciplines/10357,28,100m Breaststroke,Boys 10,00:00.00,03/04/2024 15:54:00,18,18,/LeagueTable/AthleticsDisciplineResults/48211?isModal=True
939,אליפות גיל 11-10: אזור דרום,comp.asp?compID=472,57,https://loglig.com:2053/LeagueTable/AthleticsDisciplines/10357,29,100m Breaststroke,Girls 11,00:00.00,03/04/2024 16:01:30,33,32,/LeagueTable/AthleticsDisciplineResults/48205?isModal=True
940,אליפות גיל 11-10: אזור דרום,comp.asp?compID=472,57,https://loglig.com:2053/LeagueTable/AthleticsDisciplines/10357,30,100m Breaststroke,Boys 11,00:00.00,03/04/2024 16:14:00,17,16,/LeagueTable/AthleticsDisciplineResults/48217?isModal=True
941,אליפות גיל 11-10: אזור דרום,comp.asp?compID=472,57,https://loglig.com:2053/LeagueTable/AthleticsDisciplines/10357,31,50m Backstroke,Girls 10,00:00.00,03/04/2024 16:21:30,15,15,/LeagueTable/AthleticsDisciplineResults/48221?isModal=True
942,אליפות גיל 11-10: אזור דרום,comp.asp?compID=472,57,https://loglig.com:2053/LeagueTable/AthleticsDisciplines/10357,32,50m Backstroke,Boys 10,00:00.00,03/04/2024 16:27:30,18,17,/LeagueTable/AthleticsDisciplineResults/48223?isModal=True
943,אליפות גיל 11-10: אזור דרום,comp.asp?compID=472,57,https://loglig.com:2053/LeagueTable/AthleticsDisciplines/10357,33,200m Backstroke,Girls 11,00:00.00,03/04/2024 16:33:30,4,4,/LeagueTable/AthleticsDisciplineResults/48226?isModal=True
944,אליפות גיל 11-10: אזור דרום,comp.asp?compID=472,57,https://loglig.com:2053/LeagueTable/AthleticsDisciplines/10357,34,200m Backstroke,Boys 11,00:00.00,03/04/2024 16:38:00,6,5,/LeagueTable/AthleticsDisciplineResults/48228?isModal=True
945,אליפות גיל 11-10: אזור דרום,comp.asp?compID=472,57,https://loglig.com:2053/LeagueTable/AthleticsDisciplines/10357,35,4X50m Medley Relay,Girls 10-11,00:00.00,03/04/2024 16:42:00,69,60,/LeagueTable/AthleticsDisciplineResults/48230?isModal=True
946,אליפות גיל 11-10: אזור דרום,comp.asp?compID=472,57,https://loglig.com:2053/LeagueTable/AthleticsDisciplines/10357,36,4X50m Medley Relay,Boys 10-11,00:00.00,03/04/2024 16:57:00,68,60,/LeagueTable/AthleticsDisciplineResults/48232?isModal=True
947,ליגה צעירים בת ים,comp.asp?compID=1513,58,https://loglig.com:2053/LeagueTable/AthleticsDisciplines/10339,1,200m Freestyle,Girls 10-13,00:00.00,12/04/2024 09:00:00,38,38,/LeagueTable/AthleticsDisciplineResults/48028?isModal=True
948,ליגה צעירים בת ים,comp.asp?compID=1513,58,https://loglig.com:2053/LeagueTable/AthleticsDisciplines/10339,2,200m Freestyle,Boys 10-14,00:00.00,12/04/2024 09:40:00,71,71,/LeagueTable/AthleticsDisciplineResults/48032?isModal=True
949,ליגה צעירים בת ים,comp.asp?compID=1513,58,https://loglig.com:2053/LeagueTable/AthleticsDisciplines/10339,3,100m Breaststroke,Girls 10-13,00:00.00,12/04/2024 10:55:00,29,29,/LeagueTable/AthleticsDisciplineResults/48026?isModal=True
950,ליגה צעירים בת ים,comp.asp?compID=1513,58,https://loglig.com:2053/LeagueTable/AthleticsDisciplines/10339,4,100m Breaststroke,Boys 10-14,00:00.00,12/04/2024 11:13:00,54,54,/LeagueTable/AthleticsDisciplineResults/48030?isModal=True
951,ליגה צעירים בת ים,comp.asp?compID=1513,58,https://loglig.com:2053/LeagueTable/AthleticsDisciplines/10339,5,200m Individual Medley,Girls 10-13,00:00.00,12/04/2024 11:46:00,21,21,/LeagueTable/AthleticsDisciplineResults/48029?isModal=True
952,ליגה צעירים בת ים,comp.asp?compID=1513,58,https://loglig.com:2053/LeagueTable/AthleticsDisciplines/10339,6,200m Individual Medley,Boys 10-14,00:00.00,12/04/2024 12:11:00,46,46,/LeagueTable/AthleticsDisciplineResults/48033?isModal=True
953,ליגה צעירים בת ים,comp.asp?compID=1513,58,https://loglig.com:2053/LeagueTable/AthleticsDisciplines/10339,7,100m Butterfly,Girls 10-13,00:00.00,12/04/2024 13:01:00,12,12,/LeagueTable/AthleticsDisciplineResults/48027?isModal=True
954,ליגה צעירים בת ים,comp.asp?compID=1513,58,https://loglig.com:2053/LeagueTable/AthleticsDisciplines/10339,8,100m Butterfly,Boys 10-14,00:00.00,12/04/2024 13:10:00,38,38,/LeagueTable/AthleticsDisciplineResults/48031?isModal=True
955,ליגה ראשון - הרצליה 3,comp.asp?compID=1514,59,https://loglig.com:2053/LeagueTable/AthleticsDisciplines/10480,0,400m Freestyle,Boys10-19,00:00.00,12/04/2024 14:18:00,51,51,/LeagueTable/AthleticsDisciplineResults/49137?isModal=True
956,ליגה ראשון - הרצליה 3,comp.asp?compID=1514,59,https://loglig.com:2053/LeagueTable/AthleticsDisciplines/10480,1,400m Freestyle,Girls 10-19,00:00.00,12/04/2024 14:00:00,18,18,/LeagueTable/AthleticsDisciplineResults/49131?isModal=True
957,ליגה ראשון - הרצליה 3,comp.asp?compID=1514,59,https://loglig.com:2053/LeagueTable/AthleticsDisciplines/10480,3,100m Butterfly,Girls 10-19,00:00.00,12/04/2024 15:00:00,28,28,/LeagueTable/AthleticsDisciplineResults/49127?isModal=True
958,ליגה ראשון - הרצליה 3,comp.asp?compID=1514,59,https://loglig.com:2053/LeagueTable/AthleticsDisciplines/10480,4,100m Butterfly,Boys10-19,00:00.00,12/04/2024 15:12:00,45,45,/LeagueTable/AthleticsDisciplineResults/49133?isModal=True
959,ליגה ראשון - הרצליה 3,comp.asp?compID=1514,59,https://loglig.com:2053/LeagueTable/AthleticsDisciplines/10480,5,200m Breaststroke,Girls 10-19,00:00.00,12/04/2024 15:30:00,19,19,/LeagueTable/AthleticsDisciplineResults/49129?isModal=True
960,ליגה ראשון - הרצליה 3,comp.asp?compID=1514,59,https://loglig.com:2053/LeagueTable/AthleticsDisciplines/10480,6,200m Breaststroke,Boys10-19,00:00.00,12/04/2024 15:45:00,29,29,/LeagueTable/AthleticsDisciplineResults/49135?isModal=True
961,ליגה ראשון - הרצליה 3,comp.asp?compID=1514,59,https://loglig.com:2053/LeagueTable/AthleticsDisciplines/10480,7,100m Freestyle,Girls 10-19,00:00.00,12/04/2024 16:05:00,42,42,/LeagueTable/AthleticsDisciplineResults/49126?isModal=True
962,ליגה ראשון - הרצליה 3,comp.asp?compID=1514,59,https://loglig.com:2053/LeagueTable/AthleticsDisciplines/10480,8,100m Freestyle,Boys10-19,00:00.00,12/04/2024 16:23:00,66,66,/LeagueTable/AthleticsDisciplineResults/49132?isModal=True
963,ליגה ראשון - הרצליה 3,comp.asp?compID=1514,59,https://loglig.com:2053/LeagueTable/AthleticsDisciplines/10480,9,200m Backstroke,Girls 10-19,00:00.00,12/04/2024 16:50:00,27,27,/LeagueTable/AthleticsDisciplineResults/49128?isModal=True
964,ליגה ראשון - הרצליה 3,comp.asp?compID=1514,59,https://loglig.com:2053/LeagueTable/AthleticsDisciplines/10480,10,200m Backstroke,Boys10-19,00:00.00,12/04/2024 17:10:00,31,31,/LeagueTable/AthleticsDisciplineResults/49134?isModal=True
965,ליגה ראשון - הרצליה 3,comp.asp?compID=1514,59,https://loglig.com:2053/LeagueTable/AthleticsDisciplines/10480,11,200m Individual Medley,Girls 10-19,00:00.00,12/04/2024 17:30:00,35,35,/LeagueTable/AthleticsDisciplineResults/49130?isModal=True
966,ליגה ראשון - הרצליה 3,comp.asp?compID=1514,59,https://loglig.com:2053/LeagueTable/AthleticsDisciplines/10480,12,200m Individual Medley,Boys10-19,00:00.00,12/04/2024 17:55:00,58,58,/LeagueTable/AthleticsDisciplineResults/49136?isModal=True
967,ליגה צעירים 3 מכבי ביאליק,comp.asp?compID=1516,60,https://loglig.com:2053/LeagueTable/AthleticsDisciplines/10523,1,400m Individual Medley,Girls 10-13,00:00.00,19/04/2024 09:45:00,3,0,/LeagueTable/AthleticsDisciplineResults/49590?isModal=True
968,ליגה צעירים 3 מכבי ביאליק,comp.asp?compID=1516,60,https://loglig.com:2053/LeagueTable/AthleticsDisciplines/10523,2,400m Individual Medley,Boys 10-14,00:00.00,19/04/2024 09:53:00,11,0,/LeagueTable/AthleticsDisciplineResults/49595?isModal=True
969,ליגה צעירים 3 מכבי ביאליק,comp.asp?compID=1516,60,https://loglig.com:2053/LeagueTable/AthleticsDisciplines/10523,3,100m Butterfly,Girls 10-13,00:00.00,19/04/2024 10:09:00,8,0,/LeagueTable/AthleticsDisciplineResults/49587?isModal=True
970,ליגה צעירים 3 מכבי ביאליק,comp.asp?compID=1516,60,https://loglig.com:2053/LeagueTable/AthleticsDisciplines/10523,4,100m Butterfly,Boys 10-14,00:00.00,19/04/2024 10:12:00,13,0,/LeagueTable/AthleticsDisciplineResults/49592?isModal=True
971,ליגה צעירים 3 מכבי ביאליק,comp.asp?compID=1516,60,https://loglig.com:2053/LeagueTable/AthleticsDisciplines/10523,5,200m Backstroke,Girls 10-13,00:00.00,19/04/2024 10:18:00,6,0,/LeagueTable/AthleticsDisciplineResults/49588?isModal=True
972,ליגה צעירים 3 מכבי ביאליק,comp.asp?compID=1516,60,https://loglig.com:2053/LeagueTable/AthleticsDisciplines/10523,6,200m Backstroke,Boys 10-14,00:00.00,19/04/2024 10:23:00,22,0,/LeagueTable/AthleticsDisciplineResults/49593?isModal=True
973,ליגה צעירים 3 מכבי ביאליק,comp.asp?compID=1516,60,https://loglig.com:2053/LeagueTable/AthleticsDisciplines/10523,7,100m Breaststroke,Girls 10-13,00:00.00,19/04/2024 10:38:00,20,0,/LeagueTable/AthleticsDisciplineResults/49586?isModal=True
974,ליגה צעירים 3 מכבי ביאליק,comp.asp?compID=1516,60,https://loglig.com:2053/LeagueTable/AthleticsDisciplines/10523,8,100m Breaststroke,Boys 10-14,00:00.00,19/04/2024 10:47:00,26,0,/LeagueTable/AthleticsDisciplineResults/49591?isModal=True
975,ליגה צעירים 3 מכבי ביאליק,comp.asp?compID=1516,60,https://loglig.com:2053/LeagueTable/AthleticsDisciplines/10523,9,200m Freestyle,Girls 10-13,00:00.00,19/04/2024 10:59:00,29,0,/LeagueTable/AthleticsDisciplineResults/49589?isModal=True
976,ליגה צעירים 3 מכבי ביאליק,comp.asp?compID=1516,60,https://loglig.com:2053/LeagueTable/AthleticsDisciplines/10523,10,200m Freestyle,Boys 10-14,00:00.00,19/04/2024 11:17:00,48,0,/LeagueTable/AthleticsDisciplineResults/49594?isModal=True
977,"ליגה עתודה ראשל""צ - הרצליה 2",comp.asp?compID=1508,61,https://loglig.com:2053/LeagueTable/AthleticsDisciplines/10318,1,100m Freestyle,Girls 10-18,00:00.00,19/04/2024 15:30:00,48,48,/LeagueTable/AthleticsDisciplineResults/47859?isModal=True
978,"ליגה עתודה ראשל""צ - הרצליה 2",comp.asp?compID=1508,61,https://loglig.com:2053/LeagueTable/AthleticsDisciplines/10318,2,100m Freestyle,Boys 10-18,00:00.00,19/04/2024 15:48:00,72,72,/LeagueTable/AthleticsDisciplineResults/47856?isModal=True
979,"ליגה עתודה ראשל""צ - הרצליה 2",comp.asp?compID=1508,61,https://loglig.com:2053/LeagueTable/AthleticsDisciplines/10318,3,50m Breaststroke,Girls 10-18,00:00.00,19/04/2024 16:15:00,29,29,/LeagueTable/AthleticsDisciplineResults/47861?isModal=True
980,"ליגה עתודה ראשל""צ - הרצליה 2",comp.asp?compID=1508,61,https://loglig.com:2053/LeagueTable/AthleticsDisciplines/10318,4,50m Breaststroke,Boys 10-18,00:00.00,19/04/2024 16:23:00,28,28,/LeagueTable/AthleticsDisciplineResults/47858?isModal=True
981,"ליגה עתודה ראשל""צ - הרצליה 2",comp.asp?compID=1508,61,https://loglig.com:2053/LeagueTable/AthleticsDisciplines/10318,5,100m Individual Medley,Girls 10-18,00:00.00,19/04/2024 16:31:00,29,29,/LeagueTable/AthleticsDisciplineResults/47860?isModal=True
982,"ליגה עתודה ראשל""צ - הרצליה 2",comp.asp?compID=1508,61,https://loglig.com:2053/LeagueTable/AthleticsDisciplines/10318,6,100m Individual Medley,Boys 10-18,00:00.00,19/04/2024 16:43:00,55,51,/LeagueTable/AthleticsDisciplineResults/47857?isModal=True
983,ליגה בוגרים ומסטרס צפונית 4,comp.asp?compID=1503,62,https://loglig.com:2053/LeagueTable/AthleticsDisciplines/10054,1,50m Freestyle,Women 10-99,00:00.00,19/04/2024 10:30:00,0,0,/LeagueTable/AthleticsDisciplineResults/44700?isModal=True
984,ליגה בוגרים ומסטרס צפונית 4,comp.asp?compID=1503,62,https://loglig.com:2053/LeagueTable/AthleticsDisciplines/10054,2,50m Freestyle,Men 10-99,00:00.00,,0,0,/LeagueTable/AthleticsDisciplineResults/44695?isModal=True
985,ליגה בוגרים ומסטרס צפונית 4,comp.asp?compID=1503,62,https://loglig.com:2053/LeagueTable/AthleticsDisciplines/10054,3,100m Backstroke,Women 10-99,00:00.00,,0,0,/LeagueTable/AthleticsDisciplineResults/44696?isModal=True
986,ליגה בוגרים ומסטרס צפונית 4,comp.asp?compID=1503,62,https://loglig.com:2053/LeagueTable/AthleticsDisciplines/10054,4,100m Backstroke,Men 10-99,00:00.00,,0,0,/LeagueTable/AthleticsDisciplineResults/44691?isModal=True
987,ליגה בוגרים ומסטרס צפונית 4,comp.asp?compID=1503,62,https://loglig.com:2053/LeagueTable/AthleticsDisciplines/10054,5,200m Individual Medley,Women 10-99,00:00.00,,0,0,/LeagueTable/AthleticsDisciplineResults/44698?isModal=True
988,ליגה בוגרים ומסטרס צפונית 4,comp.asp?compID=1503,62,https://loglig.com:2053/LeagueTable/AthleticsDisciplines/10054,6,200m Individual Medley,Men 10-99,00:00.00,,0,0,/LeagueTable/AthleticsDisciplineResults/44693?isModal=True
989,ליגה בוגרים ומסטרס צפונית 4,comp.asp?compID=1503,62,https://loglig.com:2053/LeagueTable/AthleticsDisciplines/10054,7,200m Breaststroke,Women 10-99,00:00.00,,0,0,/LeagueTable/AthleticsDisciplineResults/44699?isModal=True
990,ליגה בוגרים ומסטרס צפונית 4,comp.asp?compID=1503,62,https://loglig.com:2053/LeagueTable/AthleticsDisciplines/10054,8,200m Breaststroke,Men 10-99,00:00.00,,0,0,/LeagueTable/AthleticsDisciplineResults/44694?isModal=True
991,ליגה בוגרים ומסטרס צפונית 4,comp.asp?compID=1503,62,https://loglig.com:2053/LeagueTable/AthleticsDisciplines/10054,9,50m Butterfly,Women 10-99,00:00.00,,0,0,/LeagueTable/AthleticsDisciplineResults/44697?isModal=True
992,ליגה בוגרים ומסטרס צפונית 4,comp.asp?compID=1503,62,https://loglig.com:2053/LeagueTable/AthleticsDisciplines/10054,10,50m Butterfly,Men 10-99,00:00.00,,0,0,/LeagueTable/AthleticsDisciplineResults/44692?isModal=True
993,"ליגה מכבי ת""א 2",comp.asp?compID=1506,63,https://loglig.com:2053/LeagueTable/AthleticsDisciplines/10282,1,200m Freestyle,Girls 12-13,00:00.00,19/04/2024 14:50:00,17,17,/LeagueTable/AthleticsDisciplineResults/47322?isModal=True
994,"ליגה מכבי ת""א 2",comp.asp?compID=1506,63,https://loglig.com:2053/LeagueTable/AthleticsDisciplines/10282,2,200m Freestyle,Boys 12-14,00:00.00,19/04/2024 15:06:00,28,28,/LeagueTable/AthleticsDisciplineResults/47326?isModal=True
995,"ליגה מכבי ת""א 2",comp.asp?compID=1506,63,https://loglig.com:2053/LeagueTable/AthleticsDisciplines/10282,3,50m Butterfly,Girls 10-13,00:00.00,19/04/2024 15:30:00,29,29,/LeagueTable/AthleticsDisciplineResults/47319?isModal=True
996,"ליגה מכבי ת""א 2",comp.asp?compID=1506,63,https://loglig.com:2053/LeagueTable/AthleticsDisciplines/10282,4,50m Butterfly,Boys 10-14,00:00.00,19/04/2024 15:48:00,35,35,/LeagueTable/AthleticsDisciplineResults/47323?isModal=True
997,"ליגה מכבי ת""א 2",comp.asp?compID=1506,63,https://loglig.com:2053/LeagueTable/AthleticsDisciplines/10282,5,100m Breaststroke,Girls 10-13,00:00.00,19/04/2024 16:09:00,23,23,/LeagueTable/AthleticsDisciplineResults/47321?isModal=True
998,"ליגה מכבי ת""א 2",comp.asp?compID=1506,63,https://loglig.com:2053/LeagueTable/AthleticsDisciplines/10282,6,100m Breaststroke,Boys 10-14,00:00.00,19/04/2024 16:24:00,38,38,/LeagueTable/AthleticsDisciplineResults/47325?isModal=True
999,"ליגה מכבי ת""א 2",comp.asp?compID=1506,63,https://loglig.com:2053/LeagueTable/AthleticsDisciplines/10282,7,100m Individual Medley,Girls 10-13,00:00.00,19/04/2024 16:48:00,27,27,/LeagueTable/AthleticsDisciplineResults/47320?isModal=True
1000,"ליגה מכבי ת""א 2",comp.asp?compID=1506,63,https://loglig.com:2053/LeagueTable/AthleticsDisciplines/10282,8,100m Individual Medley,Boys 10-14,00:00.00,19/04/2024 17:06:00,41,39,/LeagueTable/AthleticsDisciplineResults/47324?isModal=True
1001,אליפות עמק חפר,comp.asp?compID=475,64,https://loglig.com:2053/LeagueTable/AthleticsDisciplines/10454,1,100m Backstroke,Women 13-99,CategoryMinimumבנות 13-1501:23.00נשים 16-9901:20.00,19/04/2024 09:30:00,98,95,/LeagueTable/AthleticsDisciplineResults/48926?isModal=True
1002,אליפות עמק חפר,comp.asp?compID=475,64,https://loglig.com:2053/LeagueTable/AthleticsDisciplines/10454,2,100m Butterfly,Men 14-99,CategoryMinimumגברים 17-9901:10.00בנים 14-1601:15.00,19/04/2024 09:55:00,120,118,/LeagueTable/AthleticsDisciplineResults/48912?isModal=True
1003,אליפות עמק חפר,comp.asp?compID=475,64,https://loglig.com:2053/LeagueTable/AthleticsDisciplines/10454,3,400m Individual Medley,Women 13-99,CategoryMinimumבנות 13-1505:50.00נשים 16-9906:00.00,19/04/2024 10:19:00,28,27,/LeagueTable/AthleticsDisciplineResults/48937?isModal=True
1004,אליפות עמק חפר,comp.asp?compID=475,64,https://loglig.com:2053/LeagueTable/AthleticsDisciplines/10454,4,200m Breaststroke,Men 14-99,CategoryMinimumגברים 17-9902:52.00בנים 14-1603:00.00,19/04/2024 10:38:30,79,76,/LeagueTable/AthleticsDisciplineResults/48916?isModal=True
1005,אליפות עמק חפר,comp.asp?compID=475,64,https://loglig.com:2053/LeagueTable/AthleticsDisciplines/10454,5,50m Butterfly,Women 13-99,CategoryMinimumבנות 13-1500:39.00נשים 16-9900:37.00,19/04/2024 11:06:30,124,121,/LeagueTable/AthleticsDisciplineResults/48941?isModal=True
1006,אליפות עמק חפר,comp.asp?compID=475,64,https://loglig.com:2053/LeagueTable/AthleticsDisciplines/10454,6,50m Backstroke,Men 14-99,CategoryMinimumבנים 14-1600:35.00גברים 17-9900:33.00,19/04/2024 11:26:00,100,99,/LeagueTable/AthleticsDisciplineResults/48921?isModal=True
1007,אליפות עמק חפר,comp.asp?compID=475,64,https://loglig.com:2053/LeagueTable/AthleticsDisciplines/10454,7,200m Freestyle,Women 13-99,CategoryMinimumנשים 16-9902:35.00בנות 13-1502:40.00,19/04/2024 11:41:00,91,87,/LeagueTable/AthleticsDisciplineResults/48932?isModal=True
1008,אליפות עמק חפר,comp.asp?compID=475,64,https://loglig.com:2053/LeagueTable/AthleticsDisciplines/10454,8,400m Freestyle,Men 14-99,CategoryMinimumבנים 14-1605:50.00גברים 17-9904:50.00,19/04/2024 12:09:30,80,79,/LeagueTable/AthleticsDisciplineResults/48919?isModal=True
1009,אליפות עמק חפר,comp.asp?compID=475,64,https://loglig.com:2053/LeagueTable/AthleticsDisciplines/10454,9,4X50m Medley Relay,Mix 13-99,00:00.00,19/04/2024 12:53:00,124,96,/LeagueTable/AthleticsDisciplineResults/48943?isModal=True
1010,אליפות עמק חפר,comp.asp?compID=475,64,https://loglig.com:2053/LeagueTable/AthleticsDisciplines/10454,10,100m Backstroke,Men 14-99,CategoryMinimumבנים 14-1601:14.00גברים 17-9901:11.00,19/04/2024 16:20:00,108,106,/LeagueTable/AthleticsDisciplineResults/48909?isModal=True
1011,אליפות עמק חפר,comp.asp?compID=475,64,https://loglig.com:2053/LeagueTable/AthleticsDisciplines/10454,11,100m Butterfly,Women 13-99,CategoryMinimumבנות 13-1501:25.00נשים 16-9901:21.00,19/04/2024 16:47:00,77,73,/LeagueTable/AthleticsDisciplineResults/48929?isModal=True
1012,אליפות עמק חפר,comp.asp?compID=475,64,https://loglig.com:2053/LeagueTable/AthleticsDisciplines/10454,12,400m Individual Medley,Men 14-99,CategoryMinimumבנים 14-1605:30.00גברים 17-9905:20.00,19/04/2024 17:03:00,57,56,/LeagueTable/AthleticsDisciplineResults/48920?isModal=True
1013,אליפות עמק חפר,comp.asp?compID=475,64,https://loglig.com:2053/LeagueTable/AthleticsDisciplines/10454,13,200m Breaststroke,Women 13-99,CategoryMinimumבנות 13-1503:15.00נשים 16-9903:08.00,19/04/2024 17:42:00,43,41,/LeagueTable/AthleticsDisciplineResults/48933?isModal=True
1014,אליפות עמק חפר,comp.asp?compID=475,64,https://loglig.com:2053/LeagueTable/AthleticsDisciplines/10454,14,50m Butterfly,Men 14-99,CategoryMinimumבנים 14-1600:33.00גברים 17-9900:31.00,19/04/2024 18:00:00,136,129,/LeagueTable/AthleticsDisciplineResults/48924?isModal=True
1015,אליפות עמק חפר,comp.asp?compID=475,64,https://loglig.com:2053/LeagueTable/AthleticsDisciplines/10454,15,50m Backstroke,Women 13-99,CategoryMinimumבנות 13-1500:39.00נשים 16-9900:37.50,19/04/2024 18:21:00,83,78,/LeagueTable/AthleticsDisciplineResults/48938?isModal=True
1016,אליפות עמק חפר,comp.asp?compID=475,64,https://loglig.com:2053/LeagueTable/AthleticsDisciplines/10454,16,200m Freestyle,Men 14-99,CategoryMinimumבנים 14-1602:18.00גברים 17-9902:12.00,19/04/2024 18:34:00,111,102,/LeagueTable/AthleticsDisciplineResults/48915?isModal=True
1017,אליפות עמק חפר,comp.asp?compID=475,64,https://loglig.com:2053/LeagueTable/AthleticsDisciplines/10454,17,400m Freestyle,Women 13-99,CategoryMinimumבנות 13-1505:25.00נשים 16-9905:10.00,19/04/2024 19:07:00,60,55,/LeagueTable/AthleticsDisciplineResults/48936?isModal=True
1018,אליפות עמק חפר,comp.asp?compID=475,64,https://loglig.com:2053/LeagueTable/AthleticsDisciplines/10454,19,4X50m Freestyle Relay,Women 13-99,00:00.00,19/04/2024 19:40:00,63,48,/LeagueTable/AthleticsDisciplineResults/48945?isModal=True
1019,אליפות עמק חפר,comp.asp?compID=475,64,https://loglig.com:2053/LeagueTable/AthleticsDisciplines/10454,20,4X50m Freestyle Relay,Men 14-99,00:00.00,19/04/2024 19:50:00,76,56,/LeagueTable/AthleticsDisciplineResults/48944?isModal=True
1020,אליפות עמק חפר,comp.asp?compID=475,64,https://loglig.com:2053/LeagueTable/AthleticsDisciplines/10454,22,200m Backstroke,Men 14-99,CategoryMinimumגברים 17-9902:40.00בנים 14-1602:32.00,20/04/2024 09:30:00,88,86,/LeagueTable/AthleticsDisciplineResults/48914?isModal=True
1021,אליפות עמק חפר,comp.asp?compID=475,64,https://loglig.com:2053/LeagueTable/AthleticsDisciplines/10454,23,200m Butterfly,Women 13-99,CategoryMinimumבנות 13-1503:00.00נשים 16-9902:50.00,20/04/2024 10:01:30,36,34,/LeagueTable/AthleticsDisciplineResults/48935?isModal=True
1022,אליפות עמק חפר,comp.asp?compID=475,64,https://loglig.com:2053/LeagueTable/AthleticsDisciplines/10454,24,100m Breaststroke,Men 14-99,CategoryMinimumבנים 14-1601:25.00גברים 17-9901:20.00,20/04/2024 10:15:30,99,97,/LeagueTable/AthleticsDisciplineResults/48911?isModal=True
1023,אליפות עמק חפר,comp.asp?compID=475,64,https://loglig.com:2053/LeagueTable/AthleticsDisciplines/10454,25,50m Breaststroke,Women 13-99,CategoryMinimumבנות 13-1500:44.00נשים 16-9900:42.00,20/04/2024 10:35:30,55,53,/LeagueTable/AthleticsDisciplineResults/48940?isModal=True
1024,אליפות עמק חפר,comp.asp?compID=475,64,https://loglig.com:2053/LeagueTable/AthleticsDisciplines/10454,26,50m Freestyle,Men 14-99,CategoryMinimumבנים 14-1600:31.00גברים 17-9900:28.00,20/04/2024 10:44:30,191,181,/LeagueTable/AthleticsDisciplineResults/48922?isModal=True
1025,אליפות עמק חפר,comp.asp?compID=475,64,https://loglig.com:2053/LeagueTable/AthleticsDisciplines/10454,27,200m Individual Medley,Women 13-99,CategoryMinimumבנות 13-1503:00.00נשים 16-9902:55.00,20/04/2024 11:14:30,82,78,/LeagueTable/AthleticsDisciplineResults/48934?isModal=True
1026,אליפות עמק חפר,comp.asp?compID=475,64,https://loglig.com:2053/LeagueTable/AthleticsDisciplines/10454,28,1500m Freestyle,Men 14-99,CategoryMinimumגברים 17-9918:00.00בנים 14-1618:30.00,20/04/2024 11:49:00,19,17,/LeagueTable/AthleticsDisciplineResults/48913?isModal=True
1027,אליפות עמק חפר,comp.asp?compID=475,64,https://loglig.com:2053/LeagueTable/AthleticsDisciplines/10454,29,100m Freestyle,Women 13-99,CategoryMinimumבנות 13-1501:12.00נשים 16-9901:09.00,20/04/2024 12:31:00,122,120,/LeagueTable/AthleticsDisciplineResults/48927?isModal=True
1028,אליפות עמק חפר,comp.asp?compID=475,64,https://loglig.com:2053/LeagueTable/AthleticsDisciplines/10454,30,4X50m Freestyle Relay,Mix 13-99,00:00.00,20/04/2024 12:57:00,135,108,/LeagueTable/AthleticsDisciplineResults/48946?isModal=True
1029,אליפות עמק חפר,comp.asp?compID=475,64,https://loglig.com:2053/LeagueTable/AthleticsDisciplines/10454,31,1500m Freestyle,Women 13-99,CategoryMinimumנשים 16-9919:00.00בנות 13-1519:30.00,20/04/2024 13:12:00,7,7,/LeagueTable/AthleticsDisciplineResults/48930?isModal=True
1030,אליפות עמק חפר,comp.asp?compID=475,64,https://loglig.com:2053/LeagueTable/AthleticsDisciplines/10454,33,200m Backstroke,Women 13-99,CategoryMinimumבנות 13-1502:58.00נשים 16-9902:50.00,20/04/2024 16:30:00,67,61,/LeagueTable/AthleticsDisciplineResults/48931?isModal=True
1031,אליפות עמק חפר,comp.asp?compID=475,64,https://loglig.com:2053/LeagueTable/AthleticsDisciplines/10454,34,200m Butterfly,Men 14-99,CategoryMinimumבנים 14-1602:45.00גברים 17-9902:35.00,20/04/2024 16:54:30,50,48,/LeagueTable/AthleticsDisciplineResults/48918?isModal=True
1032,אליפות עמק חפר,comp.asp?compID=475,64,https://loglig.com:2053/LeagueTable/AthleticsDisciplines/10454,35,100m Breaststroke,Women 13-99,CategoryMinimumבנות 13-1501:33.00נשים 16-9901:28.00,20/04/2024 17:12:00,59,59,/LeagueTable/AthleticsDisciplineResults/48928?isModal=True
1033,אליפות עמק חפר,comp.asp?compID=475,64,https://loglig.com:2053/LeagueTable/AthleticsDisciplines/10454,36,50m Breaststroke,Men 14-99,CategoryMinimumבנים 14-1600:40.00גברים 17-9900:37.00,20/04/2024 17:24:00,92,90,/LeagueTable/AthleticsDisciplineResults/48923?isModal=True
1034,אליפות עמק חפר,comp.asp?compID=475,64,https://loglig.com:2053/LeagueTable/AthleticsDisciplines/10454,37,50m Freestyle,Women 13-99,CategoryMinimumנשים 16-9900:31.50בנות 13-1500:33.00,20/04/2024 17:39:00,117,114,/LeagueTable/AthleticsDisciplineResults/48939?isModal=True
1035,אליפות עמק חפר,comp.asp?compID=475,64,https://loglig.com:2053/LeagueTable/AthleticsDisciplines/10454,38,200m Individual Medley,Men 14-99,CategoryMinimumבנים 14-1602:40.00גברים 17-9902:32.00,20/04/2024 17:57:00,104,100,/LeagueTable/AthleticsDisciplineResults/48917?isModal=True
1036,אליפות עמק חפר,comp.asp?compID=475,64,https://loglig.com:2053/LeagueTable/AthleticsDisciplines/10454,39,800m Freestyle,Women 13-99,CategoryMinimumבנות 13-1510:45.00נשים 16-9910:30.00,20/04/2024 18:35:30,30,26,/LeagueTable/AthleticsDisciplineResults/48942?isModal=True
1037,אליפות עמק חפר,comp.asp?compID=475,64,https://loglig.com:2053/LeagueTable/AthleticsDisciplines/10454,40,100m Freestyle,Men 14-99,CategoryMinimumבנים 14-1601:04.00גברים 17-9901:01.00,20/04/2024 19:08:30,170,161,/LeagueTable/AthleticsDisciplineResults/48910?isModal=True
1038,אליפות עמק חפר,comp.asp?compID=475,64,https://loglig.com:2053/LeagueTable/AthleticsDisciplines/10454,41,4X50m Medley Relay,Women 13-99,00:00.00,20/04/2024 19:42:30,52,40,/LeagueTable/AthleticsDisciplineResults/48948?isModal=True
1039,אליפות עמק חפר,comp.asp?compID=475,64,https://loglig.com:2053/LeagueTable/AthleticsDisciplines/10454,42,800m Freestyle,Men 14-99,CategoryMinimumבנים 14-1610:00.00גברים 17-9909:30.00,20/04/2024 19:47:30,20,19,/LeagueTable/AthleticsDisciplineResults/48925?isModal=True
1040,אליפות עמק חפר,comp.asp?compID=475,64,https://loglig.com:2053/LeagueTable/AthleticsDisciplines/10454,43,4X50m Medley Relay,Men 14-99,00:00.00,20/04/2024 20:15:30,66,48,/LeagueTable/AthleticsDisciplineResults/48947?isModal=True
1041,ליגה מודיעין 1,comp.asp?compID=1521,65,https://loglig.com:2053/LeagueTable/AthleticsDisciplines/10367,1,800m Freestyle,,00:00.00,21/04/2024 10:40:00,7,5,/LeagueTable/AthleticsDisciplineResults/48334?isModal=True
1042,ליגה מודיעין 1,comp.asp?compID=1521,65,https://loglig.com:2053/LeagueTable/AthleticsDisciplines/10367,2,800m Freestyle,,00:00.00,21/04/2024 10:52:00,16,14,/LeagueTable/AthleticsDisciplineResults/48332?isModal=True
1043,ליגה מודיעין 1,comp.asp?compID=1521,65,https://loglig.com:2053/LeagueTable/AthleticsDisciplines/10367,3,400m Freestyle,,00:00.00,21/04/2024 11:28:00,19,15,/LeagueTable/AthleticsDisciplineResults/48333?isModal=True
1044,ליגה מודיעין 1,comp.asp?compID=1521,65,https://loglig.com:2053/LeagueTable/AthleticsDisciplines/10367,4,400m Freestyle,,00:00.00,21/04/2024 11:43:00,27,22,/LeagueTable/AthleticsDisciplineResults/48331?isModal=True
1045,ליגה מודיעין 1,comp.asp?compID=1521,65,https://loglig.com:2053/LeagueTable/AthleticsDisciplines/10367,5,50m Freestyle,,00:00.00,21/04/2024 12:03:00,25,19,/LeagueTable/AthleticsDisciplineResults/48348?isModal=True
1046,ליגה מודיעין 1,comp.asp?compID=1521,65,https://loglig.com:2053/LeagueTable/AthleticsDisciplines/10367,6,50m Freestyle,,00:00.00,21/04/2024 12:11:00,34,29,/LeagueTable/AthleticsDisciplineResults/48347?isModal=True
1047,ליגה הוד השרון 1,comp.asp?compID=1522,66,https://loglig.com:2053/LeagueTable/AthleticsDisciplines/10498,1,200m Freestyle,Girls 10-13,00:00.00,21/04/2024 10:00:00,13,0,/LeagueTable/AthleticsDisciplineResults/49330?isModal=True
1048,ליגה הוד השרון 1,comp.asp?compID=1522,66,https://loglig.com:2053/LeagueTable/AthleticsDisciplines/10498,2,200m Freestyle,Boys 10-14,00:00.00,21/04/2024 10:15:00,18,0,/LeagueTable/AthleticsDisciplineResults/49336?isModal=True
1049,ליגה הוד השרון 1,comp.asp?compID=1522,66,https://loglig.com:2053/LeagueTable/AthleticsDisciplines/10498,3,200m Individual Medley,Girls 10-13,00:00.00,21/04/2024 10:35:00,8,0,/LeagueTable/AthleticsDisciplineResults/49331?isModal=True
1050,ליגה הוד השרון 1,comp.asp?compID=1522,66,https://loglig.com:2053/LeagueTable/AthleticsDisciplines/10498,4,200m Individual Medley,Boys 10-14,00:00.00,21/04/2024 10:45:00,9,0,/LeagueTable/AthleticsDisciplineResults/49337?isModal=True
1051,ליגה הוד השרון 1,comp.asp?compID=1522,66,https://loglig.com:2053/LeagueTable/AthleticsDisciplines/10498,5,100m Backstroke,Girls 10-13,00:00.00,21/04/2024 10:55:00,12,0,/LeagueTable/AthleticsDisciplineResults/49328?isModal=True
1052,ליגה הוד השרון 1,comp.asp?compID=1522,66,https://loglig.com:2053/LeagueTable/AthleticsDisciplines/10498,6,100m Backstroke,Boys 10-14,00:00.00,21/04/2024 11:04:00,5,0,/LeagueTable/AthleticsDisciplineResults/49334?isModal=True
1053,ליגה הוד השרון 1,comp.asp?compID=1522,66,https://loglig.com:2053/LeagueTable/AthleticsDisciplines/10498,7,100m Breaststroke,Girls 10-13,00:00.00,21/04/2024 11:07:00,10,0,/LeagueTable/AthleticsDisciplineResults/49329?isModal=True
1054,ליגה הוד השרון 1,comp.asp?compID=1522,66,https://loglig.com:2053/LeagueTable/AthleticsDisciplines/10498,8,100m Breaststroke,Boys 10-14,00:00.00,21/04/2024 11:13:00,14,0,/LeagueTable/AthleticsDisciplineResults/49335?isModal=True
1055,ליגה הוד השרון 1,comp.asp?compID=1522,66,https://loglig.com:2053/LeagueTable/AthleticsDisciplines/10498,9,50m Butterfly,Girls 10-13,00:00.00,21/04/2024 11:22:00,10,0,/LeagueTable/AthleticsDisciplineResults/49333?isModal=True
1056,ליגה הוד השרון 1,comp.asp?compID=1522,66,https://loglig.com:2053/LeagueTable/AthleticsDisciplines/10498,10,50m Butterfly,Boys 10-14,00:00.00,21/04/2024 11:26:00,11,0,/LeagueTable/AthleticsDisciplineResults/49339?isModal=True
1057,ליגה הוד השרון 1,comp.asp?compID=1522,66,https://loglig.com:2053/LeagueTable/AthleticsDisciplines/10498,11,50m Freestyle,Girls 10-13,00:00.00,21/04/2024 11:32:00,7,0,/LeagueTable/AthleticsDisciplineResults/49332?isModal=True
1058,ליגה הוד השרון 1,comp.asp?compID=1522,66,https://loglig.com:2053/LeagueTable/AthleticsDisciplines/10498,12,50m Freestyle,Boys 10-14,00:00.00,21/04/2024 11:36:00,13,0,/LeagueTable/AthleticsDisciplineResults/49338?isModal=True
