,level_0,level_0_production,index,competition_name,competition_link,competition_tabindex,discipline_link,Event number,Event,Category,Minimum,Start Time,Total Entries,Total Participants,results_link,competition_link_check,results_link_check,TotalParticipantsInt,Date,Year,Time,Status,Place,Full name,Year Of Birth,Club,Heat,Lane,Results,Points,table_first_row
0,24,173,173,"תחרות ""ההזדמנות האחרונה"" 2023",comp.asp?compID=488,35,https://loglig.com:2053/LeagueTable/AthleticsDisciplines/9817,1,400m Freestyle,Women 14-99,05:05.00,23/12/2023 09:00:00,33,33,/LeagueTable/AthleticsDisciplineResults/42968?isModal=True,1,1,33,2023-12-23 00:00:00,2023,09:00:00,Passed,25,Noa Karni,2009,Maccabbi Weisgal,2,0,04:55.65,495,Direct Finals
1,24,174,174,"תחרות ""ההזדמנות האחרונה"" 2023",comp.asp?compID=488,35,https://loglig.com:2053/LeagueTable/AthleticsDisciplines/9817,2,400m Freestyle,Men 14-99,04:45.00,23/12/2023 09:24:00,40,38,/LeagueTable/AthleticsDisciplineResults/42957?isModal=True,1,1,38,2023-12-23 00:00:00,2023,09:24:00,Passed,25,Ariel Alon,2009,Maccabbi Weisgal,2,3,04:21.56,534,Direct Finals
2,36,174,174,"תחרות ""ההזדמנות האחרונה"" 2023",comp.asp?compID=488,35,https://loglig.com:2053/LeagueTable/AthleticsDisciplines/9817,2,400m Freestyle,Men 14-99,04:45.00,23/12/2023 09:24:00,40,38,/LeagueTable/AthleticsDisciplineResults/42957?isModal=True,1,1,38,2023-12-23 00:00:00,2023,09:24:00,Passed,37,Matan Epshtein,2009,Maccabbi Weisgal,1,0,04:38.11,444,Direct Finals
3,20,175,175,"תחרות ""ההזדמנות האחרונה"" 2023",comp.asp?compID=488,35,https://loglig.com:2053/LeagueTable/AthleticsDisciplines/9817,3,100m Butterfly,Women 14-99,00:00.00,23/12/2023 09:48:00,42,42,/LeagueTable/AthleticsDisciplineResults/42964?isModal=True,1,1,42,2023-12-23 00:00:00,2023,09:48:00,Passed,21,Ellah Manna,2009,Maccabbi Weisgal,3,5,01:11.50,447,Direct Finals
4,9,176,176,"תחרות ""ההזדמנות האחרונה"" 2023",comp.asp?compID=488,35,https://loglig.com:2053/LeagueTable/AthleticsDisciplines/9817,4,100m Butterfly,Men 14-99,00:00.00,23/12/2023 10:00:30,78,74,/LeagueTable/AthleticsDisciplineResults/42953?isModal=True,1,1,74,2023-12-23 00:00:00,2023,10:00:30,Passed,10,Itay Shpayzer,2008,Maccabbi Weisgal,7,2,00:58.12,555,Direct Finals
5,19,176,176,"תחרות ""ההזדמנות האחרונה"" 2023",comp.asp?compID=488,35,https://loglig.com:2053/LeagueTable/AthleticsDisciplines/9817,4,100m Butterfly,Men 14-99,00:00.00,23/12/2023 10:00:30,78,74,/LeagueTable/AthleticsDisciplineResults/42953?isModal=True,1,1,74,2023-12-23 00:00:00,2023,10:00:30,Passed,20,Eran Grubman,2007,Maccabbi Weisgal,7,8,00:59.78,510,Direct Finals
6,47,176,176,"תחרות ""ההזדמנות האחרונה"" 2023",comp.asp?compID=488,35,https://loglig.com:2053/LeagueTable/AthleticsDisciplines/9817,4,100m Butterfly,Men 14-99,00:00.00,23/12/2023 10:00:30,78,74,/LeagueTable/AthleticsDisciplineResults/42953?isModal=True,1,1,74,2023-12-23 00:00:00,2023,10:00:30,Passed,48,Ariel Alon,2009,Maccabbi Weisgal,5,1,01:05.49,388,Direct Finals
7,20,177,177,"תחרות ""ההזדמנות האחרונה"" 2023",comp.asp?compID=488,35,https://loglig.com:2053/LeagueTable/AthleticsDisciplines/9817,5,200m Backstroke,Women 14-99,00:00.00,23/12/2023 10:16:30,41,41,/LeagueTable/AthleticsDisciplineResults/42965?isModal=True,1,1,41,2023-12-23 00:00:00,2023,10:16:30,Passed,21,GilVered Cipele,2009,Maccabbi Weisgal,3,3,02:40.74,405,Direct Finals
8,34,177,177,"תחרות ""ההזדמנות האחרונה"" 2023",comp.asp?compID=488,35,https://loglig.com:2053/LeagueTable/AthleticsDisciplines/9817,5,200m Backstroke,Women 14-99,00:00.00,23/12/2023 10:16:30,41,41,/LeagueTable/AthleticsDisciplineResults/42965?isModal=True,1,1,41,2023-12-23 00:00:00,2023,10:16:30,Passed,35,SHIRLI DUBOVICH,2010,Maccabbi Weisgal,2,7,02:49.94,342,Direct Finals
9,2,178,178,"תחרות ""ההזדמנות האחרונה"" 2023",comp.asp?compID=488,35,https://loglig.com:2053/LeagueTable/AthleticsDisciplines/9817,6,200m Backstroke,Men 14-99,00:00.00,23/12/2023 10:34:00,47,44,/LeagueTable/AthleticsDisciplineResults/42954?isModal=True,1,1,44,2023-12-23 00:00:00,2023,10:34:00,Passed,3,Ron Morgulis,2006,Maccabbi Weisgal,5,2,02:11.82,514,Direct Finals
10,21,178,178,"תחרות ""ההזדמנות האחרונה"" 2023",comp.asp?compID=488,35,https://loglig.com:2053/LeagueTable/AthleticsDisciplines/9817,6,200m Backstroke,Men 14-99,00:00.00,23/12/2023 10:34:00,47,44,/LeagueTable/AthleticsDisciplineResults/42954?isModal=True,1,1,44,2023-12-23 00:00:00,2023,10:34:00,Passed,22,Matan Epshtein,2009,Maccabbi Weisgal,3,3,02:23.28,400,Direct Finals
11,46,178,178,"תחרות ""ההזדמנות האחרונה"" 2023",comp.asp?compID=488,35,https://loglig.com:2053/LeagueTable/AthleticsDisciplines/9817,6,200m Backstroke,Men 14-99,00:00.00,23/12/2023 10:34:00,47,44,/LeagueTable/AthleticsDisciplineResults/42954?isModal=True,1,1,44,2023-12-23 00:00:00,2023,10:34:00,Passed,45,ANDREI GAIDOKOV,2007,Maccabbi Weisgal,4,3,NS,0,Direct Finals
12,11,179,179,"תחרות ""ההזדמנות האחרונה"" 2023",comp.asp?compID=488,35,https://loglig.com:2053/LeagueTable/AthleticsDisciplines/9817,7,100m Breaststroke,Women 14-99,00:00.00,23/12/2023 10:51:30,47,45,/LeagueTable/AthleticsDisciplineResults/42963?isModal=True,1,1,45,2023-12-23 00:00:00,2023,10:51:30,Passed,12,Ariel Shahar,2009,Maccabbi Weisgal,5,9,01:17.98,511,Direct Finals
13,31,179,179,"תחרות ""ההזדמנות האחרונה"" 2023",comp.asp?compID=488,35,https://loglig.com:2053/LeagueTable/AthleticsDisciplines/9817,7,100m Breaststroke,Women 14-99,00:00.00,23/12/2023 10:51:30,47,45,/LeagueTable/AthleticsDisciplineResults/42963?isModal=True,1,1,45,2023-12-23 00:00:00,2023,10:51:30,Passed,32,Ariel Mizrahi,2010,Maccabbi Weisgal,2,8,01:26.33,376,Direct Finals
14,12,180,180,"תחרות ""ההזדמנות האחרונה"" 2023",comp.asp?compID=488,35,https://loglig.com:2053/LeagueTable/AthleticsDisciplines/9817,8,100m Breaststroke,Men 14-99,00:00.00,23/12/2023 11:04:00,66,64,/LeagueTable/AthleticsDisciplineResults/42952?isModal=True,1,1,64,2023-12-23 00:00:00,2023,11:04:00,Passed,13,Jonatan Veprinsky,2007,Maccabbi Weisgal,6,5,01:08.82,518,Direct Finals
15,31,180,180,"תחרות ""ההזדמנות האחרונה"" 2023",comp.asp?compID=488,35,https://loglig.com:2053/LeagueTable/AthleticsDisciplines/9817,8,100m Breaststroke,Men 14-99,00:00.00,23/12/2023 11:04:00,66,64,/LeagueTable/AthleticsDisciplineResults/42952?isModal=True,1,1,64,2023-12-23 00:00:00,2023,11:04:00,Passed,32,Noam Steinberg,2009,Maccabbi Weisgal,6,9,01:12.06,451,Direct Finals
16,9,181,181,"תחרות ""ההזדמנות האחרונה"" 2023",comp.asp?compID=488,35,https://loglig.com:2053/LeagueTable/AthleticsDisciplines/9817,9,50m Freestyle,Women 14-99,00:00.00,23/12/2023 11:18:00,91,86,/LeagueTable/AthleticsDisciplineResults/42969?isModal=True,1,1,86,2023-12-23 00:00:00,2023,11:18:00,Passed,10,Ellah Manna,2009,Maccabbi Weisgal,8,8,00:28.61,514,Direct Finals
17,30,181,181,"תחרות ""ההזדמנות האחרונה"" 2023",comp.asp?compID=488,35,https://loglig.com:2053/LeagueTable/AthleticsDisciplines/9817,9,50m Freestyle,Women 14-99,00:00.00,23/12/2023 11:18:00,91,86,/LeagueTable/AthleticsDisciplineResults/42969?isModal=True,1,1,86,2023-12-23 00:00:00,2023,11:18:00,Passed,31,Noa Karni,2009,Maccabbi Weisgal,5,9,00:29.79,456,Direct Finals
18,41,181,181,"תחרות ""ההזדמנות האחרונה"" 2023",comp.asp?compID=488,35,https://loglig.com:2053/LeagueTable/AthleticsDisciplines/9817,9,50m Freestyle,Women 14-99,00:00.00,23/12/2023 11:18:00,91,86,/LeagueTable/AthleticsDisciplineResults/42969?isModal=True,1,1,86,2023-12-23 00:00:00,2023,11:18:00,Passed,42,MAYA CHN-LEVI,2008,Maccabbi Weisgal,4,3,00:30.19,438,Direct Finals
19,58,181,181,"תחרות ""ההזדמנות האחרונה"" 2023",comp.asp?compID=488,35,https://loglig.com:2053/LeagueTable/AthleticsDisciplines/9817,9,50m Freestyle,Women 14-99,00:00.00,23/12/2023 11:18:00,91,86,/LeagueTable/AthleticsDisciplineResults/42969?isModal=True,1,1,86,2023-12-23 00:00:00,2023,11:18:00,Passed,59,Gaia Benis,2010,Maccabbi Weisgal,5,6,00:31.22,396,Direct Finals
20,32,182,182,"תחרות ""ההזדמנות האחרונה"" 2023",comp.asp?compID=488,35,https://loglig.com:2053/LeagueTable/AthleticsDisciplines/9817,10,50m Freestyle,Men 14-99,00:00.00,23/12/2023 11:33:00,128,120,/LeagueTable/AthleticsDisciplineResults/42958?isModal=True,1,1,120,2023-12-23 00:00:00,2023,11:33:00,Passed,33,Ron Morgulis,2006,Maccabbi Weisgal,10,5,00:25.44,497,Direct Finals
21,118,182,182,"תחרות ""ההזדמנות האחרונה"" 2023",comp.asp?compID=488,35,https://loglig.com:2053/LeagueTable/AthleticsDisciplines/9817,10,50m Freestyle,Men 14-99,00:00.00,23/12/2023 11:33:00,128,120,/LeagueTable/AthleticsDisciplineResults/42958?isModal=True,1,1,120,2023-12-23 00:00:00,2023,11:33:00,Passed,119,ANDREI GAIDOKOV,2007,Maccabbi Weisgal,2,7,NS,0,Direct Finals
22,5,183,183,"תחרות ""ההזדמנות האחרונה"" 2023",comp.asp?compID=488,35,https://loglig.com:2053/LeagueTable/AthleticsDisciplines/9817,11,200m Breaststroke,Women 14-99,00:00.00,23/12/2023 14:05:00,28,26,/LeagueTable/AthleticsDisciplineResults/42966?isModal=True,1,1,26,2023-12-23 00:00:00,2023,14:05:00,Passed,6,Ariel Shahar,2009,Maccabbi Weisgal,3,7,02:45.91,533,Direct Finals
23,12,184,184,"תחרות ""ההזדמנות האחרונה"" 2023",comp.asp?compID=488,35,https://loglig.com:2053/LeagueTable/AthleticsDisciplines/9817,12,200m Breaststroke,Men 14-99,00:00.00,23/12/2023 14:15:30,40,40,/LeagueTable/AthleticsDisciplineResults/42955?isModal=True,1,1,40,2023-12-23 00:00:00,2023,14:15:30,Passed,13,Noam Steinberg,2009,Maccabbi Weisgal,4,9,02:36.64,451,Direct Finals
24,19,185,185,"תחרות ""ההזדמנות האחרונה"" 2023",comp.asp?compID=488,35,https://loglig.com:2053/LeagueTable/AthleticsDisciplines/9817,13,200m Individual Medley,Women 14-99,00:00.00,23/12/2023 14:29:30,40,40,/LeagueTable/AthleticsDisciplineResults/42967?isModal=True,1,1,40,2023-12-23 00:00:00,2023,14:29:30,Passed,20,Noa Karni,2009,Maccabbi Weisgal,4,2,02:37.45,463,Direct Finals
25,28,186,186,"תחרות ""ההזדמנות האחרונה"" 2023",comp.asp?compID=488,35,https://loglig.com:2053/LeagueTable/AthleticsDisciplines/9817,14,200m Individual Medley,Men 14-99,00:00.00,23/12/2023 14:47:00,59,55,/LeagueTable/AthleticsDisciplineResults/42956?isModal=True,1,1,55,2023-12-23 00:00:00,2023,14:47:00,Passed,29,Jonatan Veprinsky,2007,Maccabbi Weisgal,4,0,02:23.40,446,Direct Finals
26,18,187,187,"תחרות ""ההזדמנות האחרונה"" 2023",comp.asp?compID=488,35,https://loglig.com:2053/LeagueTable/AthleticsDisciplines/9817,15,50m Butterfly,Women 14-99,00:00.00,23/12/2023 15:08:00,45,44,/LeagueTable/AthleticsDisciplineResults/42971?isModal=True,1,1,44,2023-12-23 00:00:00,2023,15:08:00,Passed,19,GilVered Cipele,2009,Maccabbi Weisgal,4,9,00:32.45,424,Direct Finals
27,29,187,187,"תחרות ""ההזדמנות האחרונה"" 2023",comp.asp?compID=488,35,https://loglig.com:2053/LeagueTable/AthleticsDisciplines/9817,15,50m Butterfly,Women 14-99,00:00.00,23/12/2023 15:08:00,45,44,/LeagueTable/AthleticsDisciplineResults/42971?isModal=True,1,1,44,2023-12-23 00:00:00,2023,15:08:00,Passed,30,MAYA CHN-LEVI,2008,Maccabbi Weisgal,2,7,00:34.82,343,Direct Finals
28,31,187,187,"תחרות ""ההזדמנות האחרונה"" 2023",comp.asp?compID=488,35,https://loglig.com:2053/LeagueTable/AthleticsDisciplines/9817,15,50m Butterfly,Women 14-99,00:00.00,23/12/2023 15:08:00,45,44,/LeagueTable/AthleticsDisciplineResults/42971?isModal=True,1,1,44,2023-12-23 00:00:00,2023,15:08:00,Passed,32,Gaia Benis,2010,Maccabbi Weisgal,3,8,00:35.02,337,Direct Finals
29,38,187,187,"תחרות ""ההזדמנות האחרונה"" 2023",comp.asp?compID=488,35,https://loglig.com:2053/LeagueTable/AthleticsDisciplines/9817,15,50m Butterfly,Women 14-99,00:00.00,23/12/2023 15:08:00,45,44,/LeagueTable/AthleticsDisciplineResults/42971?isModal=True,1,1,44,2023-12-23 00:00:00,2023,15:08:00,Passed,39,SHIRLI DUBOVICH,2010,Maccabbi Weisgal,2,9,00:36.81,290,Direct Finals
30,11,188,188,"תחרות ""ההזדמנות האחרונה"" 2023",comp.asp?compID=488,35,https://loglig.com:2053/LeagueTable/AthleticsDisciplines/9817,16,50m Butterfly,Men 14-99,00:00.00,23/12/2023 15:15:30,60,57,/LeagueTable/AthleticsDisciplineResults/42960?isModal=True,1,1,57,2023-12-23 00:00:00,2023,15:15:30,Passed,12,Itay Shpayzer,2008,Maccabbi Weisgal,6,0,00:27.04,520,Direct Finals
31,33,188,188,"תחרות ""ההזדמנות האחרונה"" 2023",comp.asp?compID=488,35,https://loglig.com:2053/LeagueTable/AthleticsDisciplines/9817,16,50m Butterfly,Men 14-99,00:00.00,23/12/2023 15:15:30,60,57,/LeagueTable/AthleticsDisciplineResults/42960?isModal=True,1,1,57,2023-12-23 00:00:00,2023,15:15:30,Passed,34,Ariel Alon,2009,Maccabbi Weisgal,3,3,00:29.37,406,Direct Finals
32,22,189,189,"תחרות ""ההזדמנות האחרונה"" 2023",comp.asp?compID=488,35,https://loglig.com:2053/LeagueTable/AthleticsDisciplines/9817,17,100m Backstroke,Women 14-99,00:00.00,23/12/2023 15:24:30,55,54,/LeagueTable/AthleticsDisciplineResults/42961?isModal=True,1,1,54,2023-12-23 00:00:00,2023,15:24:30,Passed,23,GilVered Cipele,2009,Maccabbi Weisgal,4,3,01:13.61,414,Direct Finals
33,10,190,190,"תחרות ""ההזדמנות האחרונה"" 2023",comp.asp?compID=488,35,https://loglig.com:2053/LeagueTable/AthleticsDisciplines/9817,18,100m Backstroke,Men 14-99,00:00.00,23/12/2023 15:38:00,66,61,/LeagueTable/AthleticsDisciplineResults/42950?isModal=True,1,1,61,2023-12-23 00:00:00,2023,15:38:00,Passed,11,Eran Grubman,2007,Maccabbi Weisgal,7,1,01:00.17,518,Direct Finals
34,31,190,190,"תחרות ""ההזדמנות האחרונה"" 2023",comp.asp?compID=488,35,https://loglig.com:2053/LeagueTable/AthleticsDisciplines/9817,18,100m Backstroke,Men 14-99,00:00.00,23/12/2023 15:38:00,66,61,/LeagueTable/AthleticsDisciplineResults/42950?isModal=True,1,1,61,2023-12-23 00:00:00,2023,15:38:00,Passed,32,Matan Epshtein,2009,Maccabbi Weisgal,4,1,01:07.57,365,Direct Finals
35,61,190,190,"תחרות ""ההזדמנות האחרונה"" 2023",comp.asp?compID=488,35,https://loglig.com:2053/LeagueTable/AthleticsDisciplines/9817,18,100m Backstroke,Men 14-99,00:00.00,23/12/2023 15:38:00,66,61,/LeagueTable/AthleticsDisciplineResults/42950?isModal=True,1,1,61,2023-12-23 00:00:00,2023,15:38:00,Passed,62,ANDREI GAIDOKOV,2007,Maccabbi Weisgal,1,4,NS,0,Direct Finals
36,7,191,191,"תחרות ""ההזדמנות האחרונה"" 2023",comp.asp?compID=488,35,https://loglig.com:2053/LeagueTable/AthleticsDisciplines/9817,19,50m Breaststroke,Women 14-99,00:00.00,23/12/2023 15:52:00,42,41,/LeagueTable/AthleticsDisciplineResults/42970?isModal=True,1,1,41,2023-12-23 00:00:00,2023,15:52:00,Passed,7,Ariel Shahar,2009,Maccabbi Weisgal,5,2,00:35.82,506,Direct Finals
37,21,191,191,"תחרות ""ההזדמנות האחרונה"" 2023",comp.asp?compID=488,35,https://loglig.com:2053/LeagueTable/AthleticsDisciplines/9817,19,50m Breaststroke,Women 14-99,00:00.00,23/12/2023 15:52:00,42,41,/LeagueTable/AthleticsDisciplineResults/42970?isModal=True,1,1,41,2023-12-23 00:00:00,2023,15:52:00,Passed,22,Ariel Mizrahi,2010,Maccabbi Weisgal,3,2,00:39.02,392,Direct Finals
38,23,192,192,"תחרות ""ההזדמנות האחרונה"" 2023",comp.asp?compID=488,35,https://loglig.com:2053/LeagueTable/AthleticsDisciplines/9817,20,50m Breaststroke,Men 14-99,00:00.00,23/12/2023 15:59:30,60,59,/LeagueTable/AthleticsDisciplineResults/42959?isModal=True,1,1,59,2023-12-23 00:00:00,2023,15:59:30,Passed,23,Jonatan Veprinsky,2007,Maccabbi Weisgal,5,9,00:32.09,470,Direct Finals
39,30,192,192,"תחרות ""ההזדמנות האחרונה"" 2023",comp.asp?compID=488,35,https://loglig.com:2053/LeagueTable/AthleticsDisciplines/9817,20,50m Breaststroke,Men 14-99,00:00.00,23/12/2023 15:59:30,60,59,/LeagueTable/AthleticsDisciplineResults/42959?isModal=True,1,1,59,2023-12-23 00:00:00,2023,15:59:30,Passed,31,Noam Steinberg,2009,Maccabbi Weisgal,4,0,00:33.76,403,Direct Finals
40,20,193,193,"תחרות ""ההזדמנות האחרונה"" 2023",comp.asp?compID=488,35,https://loglig.com:2053/LeagueTable/AthleticsDisciplines/9817,21,100m Freestyle,Women 14-99,00:00.00,23/12/2023 16:08:30,75,72,/LeagueTable/AthleticsDisciplineResults/42962?isModal=True,1,1,72,2023-12-23 00:00:00,2023,16:08:30,Passed,21,Ellah Manna,2009,Maccabbi Weisgal,5,7,01:04.08,482,Direct Finals
41,41,193,193,"תחרות ""ההזדמנות האחרונה"" 2023",comp.asp?compID=488,35,https://loglig.com:2053/LeagueTable/AthleticsDisciplines/9817,21,100m Freestyle,Women 14-99,00:00.00,23/12/2023 16:08:30,75,72,/LeagueTable/AthleticsDisciplineResults/42962?isModal=True,1,1,72,2023-12-23 00:00:00,2023,16:08:30,Passed,42,MAYA CHN-LEVI,2008,Maccabbi Weisgal,2,8,01:06.81,425,Direct Finals
42,55,193,193,"תחרות ""ההזדמנות האחרונה"" 2023",comp.asp?compID=488,35,https://loglig.com:2053/LeagueTable/AthleticsDisciplines/9817,21,100m Freestyle,Women 14-99,00:00.00,23/12/2023 16:08:30,75,72,/LeagueTable/AthleticsDisciplineResults/42962?isModal=True,1,1,72,2023-12-23 00:00:00,2023,16:08:30,Passed,56,Gaia Benis,2010,Maccabbi Weisgal,4,3,01:09.84,372,Direct Finals
43,67,193,193,"תחרות ""ההזדמנות האחרונה"" 2023",comp.asp?compID=488,35,https://loglig.com:2053/LeagueTable/AthleticsDisciplines/9817,21,100m Freestyle,Women 14-99,00:00.00,23/12/2023 16:08:30,75,72,/LeagueTable/AthleticsDisciplineResults/42962?isModal=True,1,1,72,2023-12-23 00:00:00,2023,16:08:30,Passed,68,SHIRLI DUBOVICH,2010,Maccabbi Weisgal,2,7,01:13.18,323,Direct Finals
44,28,194,194,"תחרות ""ההזדמנות האחרונה"" 2023",comp.asp?compID=488,35,https://loglig.com:2053/LeagueTable/AthleticsDisciplines/9817,22,100m Freestyle,Men 14-99,00:00.00,23/12/2023 16:24:30,143,136,/LeagueTable/AthleticsDisciplineResults/42951?isModal=True,1,1,136,2023-12-23 00:00:00,2023,16:24:30,Passed,29,Itay Shpayzer,2008,Maccabbi Weisgal,12,7,00:54.26,564,Direct Finals
45,38,194,194,"תחרות ""ההזדמנות האחרונה"" 2023",comp.asp?compID=488,35,https://loglig.com:2053/LeagueTable/AthleticsDisciplines/9817,22,100m Freestyle,Men 14-99,00:00.00,23/12/2023 16:24:30,143,136,/LeagueTable/AthleticsDisciplineResults/42951?isModal=True,1,1,136,2023-12-23 00:00:00,2023,16:24:30,Passed,39,Ron Morgulis,2006,Maccabbi Weisgal,14,9,00:55.25,534,Direct Finals
46,42,194,194,"תחרות ""ההזדמנות האחרונה"" 2023",comp.asp?compID=488,35,https://loglig.com:2053/LeagueTable/AthleticsDisciplines/9817,22,100m Freestyle,Men 14-99,00:00.00,23/12/2023 16:24:30,143,136,/LeagueTable/AthleticsDisciplineResults/42951?isModal=True,1,1,136,2023-12-23 00:00:00,2023,16:24:30,Passed,43,Eran Grubman,2007,Maccabbi Weisgal,12,6,00:55.55,525,Direct Finals
47,2,203,203,ליגה צעירים וייסגל - בת ים,comp.asp?compID=1493,37,https://loglig.com:2053/LeagueTable/AthleticsDisciplines/9635,1,800m Freestyle,Girls 13,00:00.00,12/01/2024 08:45:00,4,4,/LeagueTable/AthleticsDisciplineResults/44056?isModal=True,1,1,4,2024-01-12 00:00:00,2024,08:45:00,Passed,3,TAMAR AROUETTY,2011,Maccabbi Weisgal,1,4,10:46.07,408,Direct Finals
48,3,203,203,ליגה צעירים וייסגל - בת ים,comp.asp?compID=1493,37,https://loglig.com:2053/LeagueTable/AthleticsDisciplines/9635,1,800m Freestyle,Girls 13,00:00.00,12/01/2024 08:45:00,4,4,/LeagueTable/AthleticsDisciplineResults/44056?isModal=True,1,1,4,2024-01-12 00:00:00,2024,08:45:00,Passed,4,BAR STACHI,2011,Maccabbi Weisgal,1,6,11:31.59,332,Direct Finals
49,4,204,204,ליגה צעירים וייסגל - בת ים,comp.asp?compID=1493,37,https://loglig.com:2053/LeagueTable/AthleticsDisciplines/9635,2,800m Freestyle,Boys 14,00:00.00,12/01/2024 08:57:00,9,9,/LeagueTable/AthleticsDisciplineResults/44057?isModal=True,1,1,9,2024-01-12 00:00:00,2024,08:57:00,Passed,5,DROR HASIDI,2010,Maccabbi Weisgal,2,4,10:23.88,359,Direct Finals
50,7,204,204,ליגה צעירים וייסגל - בת ים,comp.asp?compID=1493,37,https://loglig.com:2053/LeagueTable/AthleticsDisciplines/9635,2,800m Freestyle,Boys 14,00:00.00,12/01/2024 08:57:00,9,9,/LeagueTable/AthleticsDisciplineResults/44057?isModal=True,1,1,9,2024-01-12 00:00:00,2024,08:57:00,Passed,8,ROZENSHTRAKH ITAMAR,2010,Maccabbi Weisgal,1,3,10:47.00,321,Direct Finals
51,1,205,205,ליגה צעירים וייסגל - בת ים,comp.asp?compID=1493,37,https://loglig.com:2053/LeagueTable/AthleticsDisciplines/9635,3,200m Individual Medley,Girls 10-13,00:00.00,12/01/2024 09:21:00,14,14,/LeagueTable/AthleticsDisciplineResults/44058?isModal=True,1,1,14,2024-01-12 00:00:00,2024,09:21:00,Passed,2,LIEL NIKOLAEV,2012,Maccabbi Weisgal,1,6,03:01.00,305,Direct Finals
52,2,205,205,ליגה צעירים וייסגל - בת ים,comp.asp?compID=1493,37,https://loglig.com:2053/LeagueTable/AthleticsDisciplines/9635,3,200m Individual Medley,Girls 10-13,00:00.00,12/01/2024 09:21:00,14,14,/LeagueTable/AthleticsDisciplineResults/44058?isModal=True,1,1,14,2024-01-12 00:00:00,2024,09:21:00,Passed,3,Liam Turjeman,2013,Maccabbi Weisgal,2,4,03:06.35,279,Direct Finals
53,5,205,205,ליגה צעירים וייסגל - בת ים,comp.asp?compID=1493,37,https://loglig.com:2053/LeagueTable/AthleticsDisciplines/9635,3,200m Individual Medley,Girls 10-13,00:00.00,12/01/2024 09:21:00,14,14,/LeagueTable/AthleticsDisciplineResults/44058?isModal=True,1,1,14,2024-01-12 00:00:00,2024,09:21:00,Passed,6,NEOMI SHARABI,2013,Maccabbi Weisgal,2,3,03:13.49,249,Direct Finals
54,7,205,205,ליגה צעירים וייסגל - בת ים,comp.asp?compID=1493,37,https://loglig.com:2053/LeagueTable/AthleticsDisciplines/9635,3,200m Individual Medley,Girls 10-13,00:00.00,12/01/2024 09:21:00,14,14,/LeagueTable/AthleticsDisciplineResults/44058?isModal=True,1,1,14,2024-01-12 00:00:00,2024,09:21:00,Passed,8,Karin Margolis,2012,Maccabbi Weisgal,2,5,03:14.41,246,Direct Finals
55,9,205,205,ליגה צעירים וייסגל - בת ים,comp.asp?compID=1493,37,https://loglig.com:2053/LeagueTable/AthleticsDisciplines/9635,3,200m Individual Medley,Girls 10-13,00:00.00,12/01/2024 09:21:00,14,14,/LeagueTable/AthleticsDisciplineResults/44058?isModal=True,1,1,14,2024-01-12 00:00:00,2024,09:21:00,Passed,10,SAPIR KAUSHANSKY,2012,Maccabbi Weisgal,1,5,03:30.35,194,Direct Finals
56,10,205,205,ליגה צעירים וייסגל - בת ים,comp.asp?compID=1493,37,https://loglig.com:2053/LeagueTable/AthleticsDisciplines/9635,3,200m Individual Medley,Girls 10-13,00:00.00,12/01/2024 09:21:00,14,14,/LeagueTable/AthleticsDisciplineResults/44058?isModal=True,1,1,14,2024-01-12 00:00:00,2024,09:21:00,Passed,11,LI - CHEN OVADEA,2012,Maccabbi Weisgal,1,1,03:31.36,191,Direct Finals
57,12,205,205,ליגה צעירים וייסגל - בת ים,comp.asp?compID=1493,37,https://loglig.com:2053/LeagueTable/AthleticsDisciplines/9635,3,200m Individual Medley,Girls 10-13,00:00.00,12/01/2024 09:21:00,14,14,/LeagueTable/AthleticsDisciplineResults/44058?isModal=True,1,1,14,2024-01-12 00:00:00,2024,09:21:00,Passed,13,Lia Goralik,2012,Maccabbi Weisgal,1,4,03:38.21,174,Direct Finals
58,13,205,205,ליגה צעירים וייסגל - בת ים,comp.asp?compID=1493,37,https://loglig.com:2053/LeagueTable/AthleticsDisciplines/9635,3,200m Individual Medley,Girls 10-13,00:00.00,12/01/2024 09:21:00,14,14,/LeagueTable/AthleticsDisciplineResults/44058?isModal=True,1,1,14,2024-01-12 00:00:00,2024,09:21:00,Passed,14,Avia Mizrahi,2012,Maccabbi Weisgal,1,7,NS,0,Direct Finals
59,6,206,206,ליגה צעירים וייסגל - בת ים,comp.asp?compID=1493,37,https://loglig.com:2053/LeagueTable/AthleticsDisciplines/9635,4,200m Individual Medley,Boys 10-14,00:00.00,12/01/2024 09:30:00,42,42,/LeagueTable/AthleticsDisciplineResults/44059?isModal=True,1,1,42,2024-01-12 00:00:00,2024,09:30:00,Passed,7,BEN KISHINEVSKI,2011,Maccabbi Weisgal,6,6,02:49.89,268,Direct Finals
60,12,206,206,ליגה צעירים וייסגל - בת ים,comp.asp?compID=1493,37,https://loglig.com:2053/LeagueTable/AthleticsDisciplines/9635,4,200m Individual Medley,Boys 10-14,00:00.00,12/01/2024 09:30:00,42,42,/LeagueTable/AthleticsDisciplineResults/44059?isModal=True,1,1,42,2024-01-12 00:00:00,2024,09:30:00,Passed,13,YOTAM RAIZNER,2011,Maccabbi Weisgal,5,7,02:53.97,250,Direct Finals
61,13,206,206,ליגה צעירים וייסגל - בת ים,comp.asp?compID=1493,37,https://loglig.com:2053/LeagueTable/AthleticsDisciplines/9635,4,200m Individual Medley,Boys 10-14,00:00.00,12/01/2024 09:30:00,42,42,/LeagueTable/AthleticsDisciplineResults/44059?isModal=True,1,1,42,2024-01-12 00:00:00,2024,09:30:00,Passed,13,ITAY PEKLRE,2010,Maccabbi Weisgal,6,1,02:53.97,250,Direct Finals
62,14,206,206,ליגה צעירים וייסגל - בת ים,comp.asp?compID=1493,37,https://loglig.com:2053/LeagueTable/AthleticsDisciplines/9635,4,200m Individual Medley,Boys 10-14,00:00.00,12/01/2024 09:30:00,42,42,/LeagueTable/AthleticsDisciplineResults/44059?isModal=True,1,1,42,2024-01-12 00:00:00,2024,09:30:00,Passed,15,ron charnitsky,2012,Maccabbi Weisgal,4,7,02:54.47,248,Direct Finals
63,15,206,206,ליגה צעירים וייסגל - בת ים,comp.asp?compID=1493,37,https://loglig.com:2053/LeagueTable/AthleticsDisciplines/9635,4,200m Individual Medley,Boys 10-14,00:00.00,12/01/2024 09:30:00,42,42,/LeagueTable/AthleticsDisciplineResults/44059?isModal=True,1,1,42,2024-01-12 00:00:00,2024,09:30:00,Passed,16,ronen pesin,2012,Maccabbi Weisgal,5,6,02:54.61,247,Direct Finals
64,16,206,206,ליגה צעירים וייסגל - בת ים,comp.asp?compID=1493,37,https://loglig.com:2053/LeagueTable/AthleticsDisciplines/9635,4,200m Individual Medley,Boys 10-14,00:00.00,12/01/2024 09:30:00,42,42,/LeagueTable/AthleticsDisciplineResults/44059?isModal=True,1,1,42,2024-01-12 00:00:00,2024,09:30:00,Passed,17,RON EZRA,2011,Maccabbi Weisgal,5,5,02:54.96,246,Direct Finals
65,19,206,206,ליגה צעירים וייסגל - בת ים,comp.asp?compID=1493,37,https://loglig.com:2053/LeagueTable/AthleticsDisciplines/9635,4,200m Individual Medley,Boys 10-14,00:00.00,12/01/2024 09:30:00,42,42,/LeagueTable/AthleticsDisciplineResults/44059?isModal=True,1,1,42,2024-01-12 00:00:00,2024,09:30:00,Passed,20,Yahel Berihun,2010,Maccabbi Weisgal,4,5,02:58.42,231,Direct Finals
66,22,206,206,ליגה צעירים וייסגל - בת ים,comp.asp?compID=1493,37,https://loglig.com:2053/LeagueTable/AthleticsDisciplines/9635,4,200m Individual Medley,Boys 10-14,00:00.00,12/01/2024 09:30:00,42,42,/LeagueTable/AthleticsDisciplineResults/44059?isModal=True,1,1,42,2024-01-12 00:00:00,2024,09:30:00,Passed,23,MAAYAN MAROUANI,2011,Maccabbi Weisgal,3,7,03:02.25,217,Direct Finals
67,24,206,206,ליגה צעירים וייסגל - בת ים,comp.asp?compID=1493,37,https://loglig.com:2053/LeagueTable/AthleticsDisciplines/9635,4,200m Individual Medley,Boys 10-14,00:00.00,12/01/2024 09:30:00,42,42,/LeagueTable/AthleticsDisciplineResults/44059?isModal=True,1,1,42,2024-01-12 00:00:00,2024,09:30:00,Passed,25,ITAY AVNY,2011,Maccabbi Weisgal,5,1,03:03.47,213,Direct Finals
68,25,206,206,ליגה צעירים וייסגל - בת ים,comp.asp?compID=1493,37,https://loglig.com:2053/LeagueTable/AthleticsDisciplines/9635,4,200m Individual Medley,Boys 10-14,00:00.00,12/01/2024 09:30:00,42,42,/LeagueTable/AthleticsDisciplineResults/44059?isModal=True,1,1,42,2024-01-12 00:00:00,2024,09:30:00,Passed,26,NITAY BEN YOSEF,2012,Maccabbi Weisgal,4,6,03:05.60,206,Direct Finals
69,26,206,206,ליגה צעירים וייסגל - בת ים,comp.asp?compID=1493,37,https://loglig.com:2053/LeagueTable/AthleticsDisciplines/9635,4,200m Individual Medley,Boys 10-14,00:00.00,12/01/2024 09:30:00,42,42,/LeagueTable/AthleticsDisciplineResults/44059?isModal=True,1,1,42,2024-01-12 00:00:00,2024,09:30:00,Passed,27,MAOR GOTLIB,2011,Maccabbi Weisgal,4,2,03:10.15,191,Direct Finals
70,29,206,206,ליגה צעירים וייסגל - בת ים,comp.asp?compID=1493,37,https://loglig.com:2053/LeagueTable/AthleticsDisciplines/9635,4,200m Individual Medley,Boys 10-14,00:00.00,12/01/2024 09:30:00,42,42,/LeagueTable/AthleticsDisciplineResults/44059?isModal=True,1,1,42,2024-01-12 00:00:00,2024,09:30:00,Passed,30,Eitan Barak,2012,Maccabbi Weisgal,3,5,03:14.84,178,Direct Finals
71,31,206,206,ליגה צעירים וייסגל - בת ים,comp.asp?compID=1493,37,https://loglig.com:2053/LeagueTable/AthleticsDisciplines/9635,4,200m Individual Medley,Boys 10-14,00:00.00,12/01/2024 09:30:00,42,42,/LeagueTable/AthleticsDisciplineResults/44059?isModal=True,1,1,42,2024-01-12 00:00:00,2024,09:30:00,Passed,32,Yanay Daon Moyal,2013,Maccabbi Weisgal,3,3,03:17.61,170,Direct Finals
72,32,206,206,ליגה צעירים וייסגל - בת ים,comp.asp?compID=1493,37,https://loglig.com:2053/LeagueTable/AthleticsDisciplines/9635,4,200m Individual Medley,Boys 10-14,00:00.00,12/01/2024 09:30:00,42,42,/LeagueTable/AthleticsDisciplineResults/44059?isModal=True,1,1,42,2024-01-12 00:00:00,2024,09:30:00,Passed,33,Ido Maruani,2013,Maccabbi Weisgal,1,7,03:20.09,164,Direct Finals
73,33,206,206,ליגה צעירים וייסגל - בת ים,comp.asp?compID=1493,37,https://loglig.com:2053/LeagueTable/AthleticsDisciplines/9635,4,200m Individual Medley,Boys 10-14,00:00.00,12/01/2024 09:30:00,42,42,/LeagueTable/AthleticsDisciplineResults/44059?isModal=True,1,1,42,2024-01-12 00:00:00,2024,09:30:00,Passed,34,YHALI AZARZAR,2012,Maccabbi Weisgal,3,2,03:23.36,156,Direct Finals
74,34,206,206,ליגה צעירים וייסגל - בת ים,comp.asp?compID=1493,37,https://loglig.com:2053/LeagueTable/AthleticsDisciplines/9635,4,200m Individual Medley,Boys 10-14,00:00.00,12/01/2024 09:30:00,42,42,/LeagueTable/AthleticsDisciplineResults/44059?isModal=True,1,1,42,2024-01-12 00:00:00,2024,09:30:00,Passed,35,MATAN VIGDIRSKI,2011,Maccabbi Weisgal,3,1,03:24.40,154,Direct Finals
75,35,206,206,ליגה צעירים וייסגל - בת ים,comp.asp?compID=1493,37,https://loglig.com:2053/LeagueTable/AthleticsDisciplines/9635,4,200m Individual Medley,Boys 10-14,00:00.00,12/01/2024 09:30:00,42,42,/LeagueTable/AthleticsDisciplineResults/44059?isModal=True,1,1,42,2024-01-12 00:00:00,2024,09:30:00,Passed,36,YONATAN EDEN,2013,Maccabbi Weisgal,1,1,03:26.93,148,Direct Finals
76,37,206,206,ליגה צעירים וייסגל - בת ים,comp.asp?compID=1493,37,https://loglig.com:2053/LeagueTable/AthleticsDisciplines/9635,4,200m Individual Medley,Boys 10-14,00:00.00,12/01/2024 09:30:00,42,42,/LeagueTable/AthleticsDisciplineResults/44059?isModal=True,1,1,42,2024-01-12 00:00:00,2024,09:30:00,Passed,38,ITAMAR AHARONI,2011,Maccabbi Weisgal,2,7,03:33.55,135,Direct Finals
77,38,206,206,ליגה צעירים וייסגל - בת ים,comp.asp?compID=1493,37,https://loglig.com:2053/LeagueTable/AthleticsDisciplines/9635,4,200m Individual Medley,Boys 10-14,00:00.00,12/01/2024 09:30:00,42,42,/LeagueTable/AthleticsDisciplineResults/44059?isModal=True,1,1,42,2024-01-12 00:00:00,2024,09:30:00,Passed,39,OZ BEN DAVID,2012,Maccabbi Weisgal,2,4,03:34.17,134,Direct Finals
78,39,206,206,ליגה צעירים וייסגל - בת ים,comp.asp?compID=1493,37,https://loglig.com:2053/LeagueTable/AthleticsDisciplines/9635,4,200m Individual Medley,Boys 10-14,00:00.00,12/01/2024 09:30:00,42,42,/LeagueTable/AthleticsDisciplineResults/44059?isModal=True,1,1,42,2024-01-12 00:00:00,2024,09:30:00,Passed,40,Yaniv Grovman,2012,Maccabbi Weisgal,1,5,03:37.40,128,Direct Finals
79,41,206,206,ליגה צעירים וייסגל - בת ים,comp.asp?compID=1493,37,https://loglig.com:2053/LeagueTable/AthleticsDisciplines/9635,4,200m Individual Medley,Boys 10-14,00:00.00,12/01/2024 09:30:00,42,42,/LeagueTable/AthleticsDisciplineResults/44059?isModal=True,1,1,42,2024-01-12 00:00:00,2024,09:30:00,Passed,41,Yehonatan Nahoum,2010,Maccabbi Weisgal,6,5,NS,0,Direct Finals
80,0,207,207,ליגה צעירים וייסגל - בת ים,comp.asp?compID=1493,37,https://loglig.com:2053/LeagueTable/AthleticsDisciplines/9635,5,50m Freestyle,Girls 10-13,00:00.00,12/01/2024 09:57:00,40,40,/LeagueTable/AthleticsDisciplineResults/44060?isModal=True,1,1,40,2024-01-12 00:00:00,2024,09:57:00,Passed,1,TAMAR AROUETTY,2011,Maccabbi Weisgal,6,4,00:31.98,368,Direct Finals
81,2,207,207,ליגה צעירים וייסגל - בת ים,comp.asp?compID=1493,37,https://loglig.com:2053/LeagueTable/AthleticsDisciplines/9635,5,50m Freestyle,Girls 10-13,00:00.00,12/01/2024 09:57:00,40,40,/LeagueTable/AthleticsDisciplineResults/44060?isModal=True,1,1,40,2024-01-12 00:00:00,2024,09:57:00,Passed,3,OMER SHANI,2012,Maccabbi Weisgal,5,4,00:33.80,312,Direct Finals
82,4,207,207,ליגה צעירים וייסגל - בת ים,comp.asp?compID=1493,37,https://loglig.com:2053/LeagueTable/AthleticsDisciplines/9635,5,50m Freestyle,Girls 10-13,00:00.00,12/01/2024 09:57:00,40,40,/LeagueTable/AthleticsDisciplineResults/44060?isModal=True,1,1,40,2024-01-12 00:00:00,2024,09:57:00,Passed,5,LIEL NIKOLAEV,2012,Maccabbi Weisgal,6,5,00:34.26,299,Direct Finals
83,6,207,207,ליגה צעירים וייסגל - בת ים,comp.asp?compID=1493,37,https://loglig.com:2053/LeagueTable/AthleticsDisciplines/9635,5,50m Freestyle,Girls 10-13,00:00.00,12/01/2024 09:57:00,40,40,/LeagueTable/AthleticsDisciplineResults/44060?isModal=True,1,1,40,2024-01-12 00:00:00,2024,09:57:00,Passed,7,EMILY KUKLINSKY,2011,Maccabbi Weisgal,6,7,00:34.75,287,Direct Finals
84,7,207,207,ליגה צעירים וייסגל - בת ים,comp.asp?compID=1493,37,https://loglig.com:2053/LeagueTable/AthleticsDisciplines/9635,5,50m Freestyle,Girls 10-13,00:00.00,12/01/2024 09:57:00,40,40,/LeagueTable/AthleticsDisciplineResults/44060?isModal=True,1,1,40,2024-01-12 00:00:00,2024,09:57:00,Passed,8,BAR STACHI,2011,Maccabbi Weisgal,6,2,00:34.97,281,Direct Finals
85,11,207,207,ליגה צעירים וייסגל - בת ים,comp.asp?compID=1493,37,https://loglig.com:2053/LeagueTable/AthleticsDisciplines/9635,5,50m Freestyle,Girls 10-13,00:00.00,12/01/2024 09:57:00,40,40,/LeagueTable/AthleticsDisciplineResults/44060?isModal=True,1,1,40,2024-01-12 00:00:00,2024,09:57:00,Passed,12,HADAR BACHAR,2012,Maccabbi Weisgal,5,2,00:36.83,241,Direct Finals
86,12,207,207,ליגה צעירים וייסגל - בת ים,comp.asp?compID=1493,37,https://loglig.com:2053/LeagueTable/AthleticsDisciplines/9635,5,50m Freestyle,Girls 10-13,00:00.00,12/01/2024 09:57:00,40,40,/LeagueTable/AthleticsDisciplineResults/44060?isModal=True,1,1,40,2024-01-12 00:00:00,2024,09:57:00,Passed,13,SAPIR KAUSHANSKY,2012,Maccabbi Weisgal,5,3,00:37.40,230,Direct Finals
87,13,207,207,ליגה צעירים וייסגל - בת ים,comp.asp?compID=1493,37,https://loglig.com:2053/LeagueTable/AthleticsDisciplines/9635,5,50m Freestyle,Girls 10-13,00:00.00,12/01/2024 09:57:00,40,40,/LeagueTable/AthleticsDisciplineResults/44060?isModal=True,1,1,40,2024-01-12 00:00:00,2024,09:57:00,Passed,14,LI - CHEN OVADEA,2012,Maccabbi Weisgal,3,1,00:37.61,226,Direct Finals
88,16,207,207,ליגה צעירים וייסגל - בת ים,comp.asp?compID=1493,37,https://loglig.com:2053/LeagueTable/AthleticsDisciplines/9635,5,50m Freestyle,Girls 10-13,00:00.00,12/01/2024 09:57:00,40,40,/LeagueTable/AthleticsDisciplineResults/44060?isModal=True,1,1,40,2024-01-12 00:00:00,2024,09:57:00,Passed,17,YUVAL ORI,2011,Maccabbi Weisgal,5,7,00:38.28,214,Direct Finals
89,17,207,207,ליגה צעירים וייסגל - בת ים,comp.asp?compID=1493,37,https://loglig.com:2053/LeagueTable/AthleticsDisciplines/9635,5,50m Freestyle,Girls 10-13,00:00.00,12/01/2024 09:57:00,40,40,/LeagueTable/AthleticsDisciplineResults/44060?isModal=True,1,1,40,2024-01-12 00:00:00,2024,09:57:00,Passed,18,Lia Goralik,2012,Maccabbi Weisgal,5,1,00:38.39,213,Direct Finals
90,24,207,207,ליגה צעירים וייסגל - בת ים,comp.asp?compID=1493,37,https://loglig.com:2053/LeagueTable/AthleticsDisciplines/9635,5,50m Freestyle,Girls 10-13,00:00.00,12/01/2024 09:57:00,40,40,/LeagueTable/AthleticsDisciplineResults/44060?isModal=True,1,1,40,2024-01-12 00:00:00,2024,09:57:00,Passed,25,Arbel Hadad,2011,Maccabbi Weisgal,3,2,00:41.94,163,Direct Finals
91,26,207,207,ליגה צעירים וייסגל - בת ים,comp.asp?compID=1493,37,https://loglig.com:2053/LeagueTable/AthleticsDisciplines/9635,5,50m Freestyle,Girls 10-13,00:00.00,12/01/2024 09:57:00,40,40,/LeagueTable/AthleticsDisciplineResults/44060?isModal=True,1,1,40,2024-01-12 00:00:00,2024,09:57:00,Passed,27,NOA GOZLAN,2011,Maccabbi Weisgal,3,3,00:43.41,147,Direct Finals
92,32,207,207,ליגה צעירים וייסגל - בת ים,comp.asp?compID=1493,37,https://loglig.com:2053/LeagueTable/AthleticsDisciplines/9635,5,50m Freestyle,Girls 10-13,00:00.00,12/01/2024 09:57:00,40,40,/LeagueTable/AthleticsDisciplineResults/44060?isModal=True,1,1,40,2024-01-12 00:00:00,2024,09:57:00,Passed,33,TOHAR LEVI,2011,Maccabbi Weisgal,3,4,00:47.00,116,Direct Finals
93,37,207,207,ליגה צעירים וייסגל - בת ים,comp.asp?compID=1493,37,https://loglig.com:2053/LeagueTable/AthleticsDisciplines/9635,5,50m Freestyle,Girls 10-13,00:00.00,12/01/2024 09:57:00,40,40,/LeagueTable/AthleticsDisciplineResults/44060?isModal=True,1,1,40,2024-01-12 00:00:00,2024,09:57:00,Passed,38,DANIEL GAZNELI,2011,Maccabbi Weisgal,4,1,NS,0,Direct Finals
94,38,207,207,ליגה צעירים וייסגל - בת ים,comp.asp?compID=1493,37,https://loglig.com:2053/LeagueTable/AthleticsDisciplines/9635,5,50m Freestyle,Girls 10-13,00:00.00,12/01/2024 09:57:00,40,40,/LeagueTable/AthleticsDisciplineResults/44060?isModal=True,1,1,40,2024-01-12 00:00:00,2024,09:57:00,Passed,38,BENMAMAN ODEL,2013,Maccabbi Weisgal,4,4,NS,0,Direct Finals
95,39,207,207,ליגה צעירים וייסגל - בת ים,comp.asp?compID=1493,37,https://loglig.com:2053/LeagueTable/AthleticsDisciplines/9635,5,50m Freestyle,Girls 10-13,00:00.00,12/01/2024 09:57:00,40,40,/LeagueTable/AthleticsDisciplineResults/44060?isModal=True,1,1,40,2024-01-12 00:00:00,2024,09:57:00,Passed,38,ALMA AWAD,2013,Maccabbi Weisgal,4,5,NS,0,Direct Finals
96,5,208,208,ליגה צעירים וייסגל - בת ים,comp.asp?compID=1493,37,https://loglig.com:2053/LeagueTable/AthleticsDisciplines/9635,6,50m Freestyle,boys10-14,00:00.00,12/01/2024 10:09:00,79,79,/LeagueTable/AthleticsDisciplineResults/44061?isModal=True,1,1,79,2024-01-12 00:00:00,2024,10:09:00,Passed,6,Yehonatan Nahoum,2010,Maccabbi Weisgal,12,5,00:30.01,303,Direct Finals
97,6,208,208,ליגה צעירים וייסגל - בת ים,comp.asp?compID=1493,37,https://loglig.com:2053/LeagueTable/AthleticsDisciplines/9635,6,50m Freestyle,boys10-14,00:00.00,12/01/2024 10:09:00,79,79,/LeagueTable/AthleticsDisciplineResults/44061?isModal=True,1,1,79,2024-01-12 00:00:00,2024,10:09:00,Passed,7,BEN KISHINEVSKI,2011,Maccabbi Weisgal,12,3,00:30.64,284,Direct Finals
98,7,208,208,ליגה צעירים וייסגל - בת ים,comp.asp?compID=1493,37,https://loglig.com:2053/LeagueTable/AthleticsDisciplines/9635,6,50m Freestyle,boys10-14,00:00.00,12/01/2024 10:09:00,79,79,/LeagueTable/AthleticsDisciplineResults/44061?isModal=True,1,1,79,2024-01-12 00:00:00,2024,10:09:00,Passed,8,GILAD HOLAND,2010,Maccabbi Weisgal,12,2,00:31.02,274,Direct Finals
99,9,208,208,ליגה צעירים וייסגל - בת ים,comp.asp?compID=1493,37,https://loglig.com:2053/LeagueTable/AthleticsDisciplines/9635,6,50m Freestyle,boys10-14,00:00.00,12/01/2024 10:09:00,79,79,/LeagueTable/AthleticsDisciplineResults/44061?isModal=True,1,1,79,2024-01-12 00:00:00,2024,10:09:00,Passed,10,DROR HASIDI,2010,Maccabbi Weisgal,12,7,00:31.33,266,Direct Finals
100,18,208,208,ליגה צעירים וייסגל - בת ים,comp.asp?compID=1493,37,https://loglig.com:2053/LeagueTable/AthleticsDisciplines/9635,6,50m Freestyle,boys10-14,00:00.00,12/01/2024 10:09:00,79,79,/LeagueTable/AthleticsDisciplineResults/44061?isModal=True,1,1,79,2024-01-12 00:00:00,2024,10:09:00,Passed,19,ELVIN SARABY,2010,Maccabbi Weisgal,5,4,00:32.88,230,Direct Finals
101,25,208,208,ליגה צעירים וייסגל - בת ים,comp.asp?compID=1493,37,https://loglig.com:2053/LeagueTable/AthleticsDisciplines/9635,6,50m Freestyle,boys10-14,00:00.00,12/01/2024 10:09:00,79,79,/LeagueTable/AthleticsDisciplineResults/44061?isModal=True,1,1,79,2024-01-12 00:00:00,2024,10:09:00,Passed,26,ron charnitsky,2012,Maccabbi Weisgal,10,3,00:33.67,214,Direct Finals
102,26,208,208,ליגה צעירים וייסגל - בת ים,comp.asp?compID=1493,37,https://loglig.com:2053/LeagueTable/AthleticsDisciplines/9635,6,50m Freestyle,boys10-14,00:00.00,12/01/2024 10:09:00,79,79,/LeagueTable/AthleticsDisciplineResults/44061?isModal=True,1,1,79,2024-01-12 00:00:00,2024,10:09:00,Passed,27,ROZENSHTRAKH ITAMAR,2010,Maccabbi Weisgal,10,4,00:33.72,213,Direct Finals
103,27,208,208,ליגה צעירים וייסגל - בת ים,comp.asp?compID=1493,37,https://loglig.com:2053/LeagueTable/AthleticsDisciplines/9635,6,50m Freestyle,boys10-14,00:00.00,12/01/2024 10:09:00,79,79,/LeagueTable/AthleticsDisciplineResults/44061?isModal=True,1,1,79,2024-01-12 00:00:00,2024,10:09:00,Passed,28,ITAY AVNY,2011,Maccabbi Weisgal,9,7,00:33.83,211,Direct Finals
104,28,208,208,ליגה צעירים וייסגל - בת ים,comp.asp?compID=1493,37,https://loglig.com:2053/LeagueTable/AthleticsDisciplines/9635,6,50m Freestyle,boys10-14,00:00.00,12/01/2024 10:09:00,79,79,/LeagueTable/AthleticsDisciplineResults/44061?isModal=True,1,1,79,2024-01-12 00:00:00,2024,10:09:00,Passed,29,YHALI AZARZAR,2012,Maccabbi Weisgal,10,2,00:33.97,209,Direct Finals
105,36,208,208,ליגה צעירים וייסגל - בת ים,comp.asp?compID=1493,37,https://loglig.com:2053/LeagueTable/AthleticsDisciplines/9635,6,50m Freestyle,boys10-14,00:00.00,12/01/2024 10:09:00,79,79,/LeagueTable/AthleticsDisciplineResults/44061?isModal=True,1,1,79,2024-01-12 00:00:00,2024,10:09:00,Passed,37,Eitan Barak,2012,Maccabbi Weisgal,9,3,00:36.17,173,Direct Finals
106,37,208,208,ליגה צעירים וייסגל - בת ים,comp.asp?compID=1493,37,https://loglig.com:2053/LeagueTable/AthleticsDisciplines/9635,6,50m Freestyle,boys10-14,00:00.00,12/01/2024 10:09:00,79,79,/LeagueTable/AthleticsDisciplineResults/44061?isModal=True,1,1,79,2024-01-12 00:00:00,2024,10:09:00,Passed,38,EVAN MICHELSON,2012,Maccabbi Weisgal,3,5,00:36.37,170,Direct Finals
107,38,208,208,ליגה צעירים וייסגל - בת ים,comp.asp?compID=1493,37,https://loglig.com:2053/LeagueTable/AthleticsDisciplines/9635,6,50m Freestyle,boys10-14,00:00.00,12/01/2024 10:09:00,79,79,/LeagueTable/AthleticsDisciplineResults/44061?isModal=True,1,1,79,2024-01-12 00:00:00,2024,10:09:00,Passed,39,Yanay Daon Moyal,2013,Maccabbi Weisgal,8,6,00:36.76,164,Direct Finals
108,39,208,208,ליגה צעירים וייסגל - בת ים,comp.asp?compID=1493,37,https://loglig.com:2053/LeagueTable/AthleticsDisciplines/9635,6,50m Freestyle,boys10-14,00:00.00,12/01/2024 10:09:00,79,79,/LeagueTable/AthleticsDisciplineResults/44061?isModal=True,1,1,79,2024-01-12 00:00:00,2024,10:09:00,Passed,40,MATAN VIGDIRSKI,2011,Maccabbi Weisgal,9,1,00:36.77,164,Direct Finals
109,40,208,208,ליגה צעירים וייסגל - בת ים,comp.asp?compID=1493,37,https://loglig.com:2053/LeagueTable/AthleticsDisciplines/9635,6,50m Freestyle,boys10-14,00:00.00,12/01/2024 10:09:00,79,79,/LeagueTable/AthleticsDisciplineResults/44061?isModal=True,1,1,79,2024-01-12 00:00:00,2024,10:09:00,Passed,41,Yaniv Grovman,2012,Maccabbi Weisgal,8,5,00:36.92,162,Direct Finals
110,47,208,208,ליגה צעירים וייסגל - בת ים,comp.asp?compID=1493,37,https://loglig.com:2053/LeagueTable/AthleticsDisciplines/9635,6,50m Freestyle,boys10-14,00:00.00,12/01/2024 10:09:00,79,79,/LeagueTable/AthleticsDisciplineResults/44061?isModal=True,1,1,79,2024-01-12 00:00:00,2024,10:09:00,Passed,48,ITAMAR AHARONI,2011,Maccabbi Weisgal,7,4,00:39.05,137,Direct Finals
111,49,208,208,ליגה צעירים וייסגל - בת ים,comp.asp?compID=1493,37,https://loglig.com:2053/LeagueTable/AthleticsDisciplines/9635,6,50m Freestyle,boys10-14,00:00.00,12/01/2024 10:09:00,79,79,/LeagueTable/AthleticsDisciplineResults/44061?isModal=True,1,1,79,2024-01-12 00:00:00,2024,10:09:00,Passed,50,YAIR COHEN,2010,Maccabbi Weisgal,5,6,00:39.85,129,Direct Finals
112,51,208,208,ליגה צעירים וייסגל - בת ים,comp.asp?compID=1493,37,https://loglig.com:2053/LeagueTable/AthleticsDisciplines/9635,6,50m Freestyle,boys10-14,00:00.00,12/01/2024 10:09:00,79,79,/LeagueTable/AthleticsDisciplineResults/44061?isModal=True,1,1,79,2024-01-12 00:00:00,2024,10:09:00,Passed,52,Dar Jehab,2013,Maccabbi Weisgal,6,5,00:40.21,126,Direct Finals
113,52,208,208,ליגה צעירים וייסגל - בת ים,comp.asp?compID=1493,37,https://loglig.com:2053/LeagueTable/AthleticsDisciplines/9635,6,50m Freestyle,boys10-14,00:00.00,12/01/2024 10:09:00,79,79,/LeagueTable/AthleticsDisciplineResults/44061?isModal=True,1,1,79,2024-01-12 00:00:00,2024,10:09:00,Passed,53,ARIEL BAR,2010,Maccabbi Weisgal,6,7,00:40.46,123,Direct Finals
114,53,208,208,ליגה צעירים וייסגל - בת ים,comp.asp?compID=1493,37,https://loglig.com:2053/LeagueTable/AthleticsDisciplines/9635,6,50m Freestyle,boys10-14,00:00.00,12/01/2024 10:09:00,79,79,/LeagueTable/AthleticsDisciplineResults/44061?isModal=True,1,1,79,2024-01-12 00:00:00,2024,10:09:00,Passed,54,ADAM ALALUF,2010,Maccabbi Weisgal,6,1,00:40.78,120,Direct Finals
115,56,208,208,ליגה צעירים וייסגל - בת ים,comp.asp?compID=1493,37,https://loglig.com:2053/LeagueTable/AthleticsDisciplines/9635,6,50m Freestyle,boys10-14,00:00.00,12/01/2024 10:09:00,79,79,/LeagueTable/AthleticsDisciplineResults/44061?isModal=True,1,1,79,2024-01-12 00:00:00,2024,10:09:00,Passed,57,STEVEN MAZOR,2011,Maccabbi Weisgal,4,5,00:41.63,113,Direct Finals
116,60,208,208,ליגה צעירים וייסגל - בת ים,comp.asp?compID=1493,37,https://loglig.com:2053/LeagueTable/AthleticsDisciplines/9635,6,50m Freestyle,boys10-14,00:00.00,12/01/2024 10:09:00,79,79,/LeagueTable/AthleticsDisciplineResults/44061?isModal=True,1,1,79,2024-01-12 00:00:00,2024,10:09:00,Passed,61,EITAN TIDHAR,2011,Maccabbi Weisgal,5,7,00:43.54,99,Direct Finals
117,63,208,208,ליגה צעירים וייסגל - בת ים,comp.asp?compID=1493,37,https://loglig.com:2053/LeagueTable/AthleticsDisciplines/9635,6,50m Freestyle,boys10-14,00:00.00,12/01/2024 10:09:00,79,79,/LeagueTable/AthleticsDisciplineResults/44061?isModal=True,1,1,79,2024-01-12 00:00:00,2024,10:09:00,Passed,64,OMER LESHEM,2010,Maccabbi Weisgal,5,5,00:45.81,85,Direct Finals
118,68,208,208,ליגה צעירים וייסגל - בת ים,comp.asp?compID=1493,37,https://loglig.com:2053/LeagueTable/AthleticsDisciplines/9635,6,50m Freestyle,boys10-14,00:00.00,12/01/2024 10:09:00,79,79,/LeagueTable/AthleticsDisciplineResults/44061?isModal=True,1,1,79,2024-01-12 00:00:00,2024,10:09:00,Passed,69,OFIR WAITZMAN,2011,Maccabbi Weisgal,5,1,00:48.98,69,Direct Finals
119,69,208,208,ליגה צעירים וייסגל - בת ים,comp.asp?compID=1493,37,https://loglig.com:2053/LeagueTable/AthleticsDisciplines/9635,6,50m Freestyle,boys10-14,00:00.00,12/01/2024 10:09:00,79,79,/LeagueTable/AthleticsDisciplineResults/44061?isModal=True,1,1,79,2024-01-12 00:00:00,2024,10:09:00,Passed,70,OR BENJAMIN,2011,Maccabbi Weisgal,4,3,00:50.00,65,Direct Finals
120,71,208,208,ליגה צעירים וייסגל - בת ים,comp.asp?compID=1493,37,https://loglig.com:2053/LeagueTable/AthleticsDisciplines/9635,6,50m Freestyle,boys10-14,00:00.00,12/01/2024 10:09:00,79,79,/LeagueTable/AthleticsDisciplineResults/44061?isModal=True,1,1,79,2024-01-12 00:00:00,2024,10:09:00,Passed,72,ALON RAZ,2011,Maccabbi Weisgal,5,2,00:50.16,64,Direct Finals
121,78,208,208,ליגה צעירים וייסגל - בת ים,comp.asp?compID=1493,37,https://loglig.com:2053/LeagueTable/AthleticsDisciplines/9635,6,50m Freestyle,boys10-14,00:00.00,12/01/2024 10:09:00,79,79,/LeagueTable/AthleticsDisciplineResults/44061?isModal=True,1,1,79,2024-01-12 00:00:00,2024,10:09:00,Passed,78,OZ BEN DAVID,2012,Maccabbi Weisgal,7,1,NS,0,Direct Finals
122,0,209,209,ליגה צעירים וייסגל - בת ים,comp.asp?compID=1493,37,https://loglig.com:2053/LeagueTable/AthleticsDisciplines/9635,7,50m Butterfly,Girls 10-11,00:00.00,12/01/2024 10:33:00,10,10,/LeagueTable/AthleticsDisciplineResults/44062?isModal=True,1,1,10,2024-01-12 00:00:00,2024,10:33:00,Passed,1,Liam Turjeman,2013,Maccabbi Weisgal,2,4,00:38.60,251,Direct Finals
123,2,209,209,ליגה צעירים וייסגל - בת ים,comp.asp?compID=1493,37,https://loglig.com:2053/LeagueTable/AthleticsDisciplines/9635,7,50m Butterfly,Girls 10-11,00:00.00,12/01/2024 10:33:00,10,10,/LeagueTable/AthleticsDisciplineResults/44062?isModal=True,1,1,10,2024-01-12 00:00:00,2024,10:33:00,Passed,3,NEOMI SHARABI,2013,Maccabbi Weisgal,2,5,00:41.74,199,Direct Finals
124,8,209,209,ליגה צעירים וייסגל - בת ים,comp.asp?compID=1493,37,https://loglig.com:2053/LeagueTable/AthleticsDisciplines/9635,7,50m Butterfly,Girls 10-11,00:00.00,12/01/2024 10:33:00,10,10,/LeagueTable/AthleticsDisciplineResults/44062?isModal=True,1,1,10,2024-01-12 00:00:00,2024,10:33:00,Passed,9,BENMAMAN ODEL,2013,Maccabbi Weisgal,2,2,NS,0,Direct Finals
125,9,209,209,ליגה צעירים וייסגל - בת ים,comp.asp?compID=1493,37,https://loglig.com:2053/LeagueTable/AthleticsDisciplines/9635,7,50m Butterfly,Girls 10-11,00:00.00,12/01/2024 10:33:00,10,10,/LeagueTable/AthleticsDisciplineResults/44062?isModal=True,1,1,10,2024-01-12 00:00:00,2024,10:33:00,Passed,9,ALMA AWAD,2013,Maccabbi Weisgal,2,6,NS,0,Direct Finals
126,1,210,210,ליגה צעירים וייסגל - בת ים,comp.asp?compID=1493,37,https://loglig.com:2053/LeagueTable/AthleticsDisciplines/9635,8,50m Butterfly,Boys 10-11,00:00.00,12/01/2024 10:37:00,11,11,/LeagueTable/AthleticsDisciplineResults/44063?isModal=True,1,1,11,2024-01-12 00:00:00,2024,10:37:00,Passed,2,Dar Jehab,2013,Maccabbi Weisgal,2,5,00:42.54,133,Direct Finals
127,2,210,210,ליגה צעירים וייסגל - בת ים,comp.asp?compID=1493,37,https://loglig.com:2053/LeagueTable/AthleticsDisciplines/9635,8,50m Butterfly,Boys 10-11,00:00.00,12/01/2024 10:37:00,11,11,/LeagueTable/AthleticsDisciplineResults/44063?isModal=True,1,1,11,2024-01-12 00:00:00,2024,10:37:00,Passed,3,Ido Maruani,2013,Maccabbi Weisgal,2,6,00:45.39,110,Direct Finals
128,3,210,210,ליגה צעירים וייסגל - בת ים,comp.asp?compID=1493,37,https://loglig.com:2053/LeagueTable/AthleticsDisciplines/9635,8,50m Butterfly,Boys 10-11,00:00.00,12/01/2024 10:37:00,11,11,/LeagueTable/AthleticsDisciplineResults/44063?isModal=True,1,1,11,2024-01-12 00:00:00,2024,10:37:00,Passed,4,YONATAN EDEN,2013,Maccabbi Weisgal,2,3,00:46.52,102,Direct Finals
129,2,211,211,ליגה צעירים וייסגל - בת ים,comp.asp?compID=1493,37,https://loglig.com:2053/LeagueTable/AthleticsDisciplines/9635,9,200m Breaststroke,Girls 10-13,00:00.00,12/01/2024 10:41:00,12,12,/LeagueTable/AthleticsDisciplineResults/44064?isModal=True,1,1,12,2024-01-12 00:00:00,2024,10:41:00,Passed,3,OMER SHANI,2012,Maccabbi Weisgal,2,5,03:23.22,290,Direct Finals
130,4,211,211,ליגה צעירים וייסגל - בת ים,comp.asp?compID=1493,37,https://loglig.com:2053/LeagueTable/AthleticsDisciplines/9635,9,200m Breaststroke,Girls 10-13,00:00.00,12/01/2024 10:41:00,12,12,/LeagueTable/AthleticsDisciplineResults/44064?isModal=True,1,1,12,2024-01-12 00:00:00,2024,10:41:00,Passed,5,Karin Margolis,2012,Maccabbi Weisgal,2,3,03:35.34,244,Direct Finals
131,6,211,211,ליגה צעירים וייסגל - בת ים,comp.asp?compID=1493,37,https://loglig.com:2053/LeagueTable/AthleticsDisciplines/9635,9,200m Breaststroke,Girls 10-13,00:00.00,12/01/2024 10:41:00,12,12,/LeagueTable/AthleticsDisciplineResults/44064?isModal=True,1,1,12,2024-01-12 00:00:00,2024,10:41:00,Passed,7,YUVAL ORI,2011,Maccabbi Weisgal,2,6,03:38.19,234,Direct Finals
132,7,211,211,ליגה צעירים וייסגל - בת ים,comp.asp?compID=1493,37,https://loglig.com:2053/LeagueTable/AthleticsDisciplines/9635,9,200m Breaststroke,Girls 10-13,00:00.00,12/01/2024 10:41:00,12,12,/LeagueTable/AthleticsDisciplineResults/44064?isModal=True,1,1,12,2024-01-12 00:00:00,2024,10:41:00,Passed,8,HADAR BACHAR,2012,Maccabbi Weisgal,2,7,03:46.98,208,Direct Finals
133,10,211,211,ליגה צעירים וייסגל - בת ים,comp.asp?compID=1493,37,https://loglig.com:2053/LeagueTable/AthleticsDisciplines/9635,9,200m Breaststroke,Girls 10-13,00:00.00,12/01/2024 10:41:00,12,12,/LeagueTable/AthleticsDisciplineResults/44064?isModal=True,1,1,12,2024-01-12 00:00:00,2024,10:41:00,Passed,11,Avia Mizrahi,2012,Maccabbi Weisgal,2,2,DQ,0,Direct Finals
134,0,212,212,ליגה צעירים וייסגל - בת ים,comp.asp?compID=1493,37,https://loglig.com:2053/LeagueTable/AthleticsDisciplines/9635,10,200m Breaststroke,Boys 10-14,00:00.00,12/01/2024 10:50:00,25,25,/LeagueTable/AthleticsDisciplineResults/44065?isModal=True,1,1,25,2024-01-12 00:00:00,2024,10:50:00,Passed,1,GILAD HOLAND,2010,Maccabbi Weisgal,4,3,02:50.09,352,Direct Finals
135,8,212,212,ליגה צעירים וייסגל - בת ים,comp.asp?compID=1493,37,https://loglig.com:2053/LeagueTable/AthleticsDisciplines/9635,10,200m Breaststroke,Boys 10-14,00:00.00,12/01/2024 10:50:00,25,25,/LeagueTable/AthleticsDisciplineResults/44065?isModal=True,1,1,25,2024-01-12 00:00:00,2024,10:50:00,Passed,9,ronen pesin,2012,Maccabbi Weisgal,2,3,03:22.41,209,Direct Finals
136,9,212,212,ליגה צעירים וייסגל - בת ים,comp.asp?compID=1493,37,https://loglig.com:2053/LeagueTable/AthleticsDisciplines/9635,10,200m Breaststroke,Boys 10-14,00:00.00,12/01/2024 10:50:00,25,25,/LeagueTable/AthleticsDisciplineResults/44065?isModal=True,1,1,25,2024-01-12 00:00:00,2024,10:50:00,Passed,10,RON EZRA,2011,Maccabbi Weisgal,3,7,03:24.18,203,Direct Finals
137,10,212,212,ליגה צעירים וייסגל - בת ים,comp.asp?compID=1493,37,https://loglig.com:2053/LeagueTable/AthleticsDisciplines/9635,10,200m Breaststroke,Boys 10-14,00:00.00,12/01/2024 10:50:00,25,25,/LeagueTable/AthleticsDisciplineResults/44065?isModal=True,1,1,25,2024-01-12 00:00:00,2024,10:50:00,Passed,11,Yahel Berihun,2010,Maccabbi Weisgal,3,6,03:25.50,199,Direct Finals
138,15,212,212,ליגה צעירים וייסגל - בת ים,comp.asp?compID=1493,37,https://loglig.com:2053/LeagueTable/AthleticsDisciplines/9635,10,200m Breaststroke,Boys 10-14,00:00.00,12/01/2024 10:50:00,25,25,/LeagueTable/AthleticsDisciplineResults/44065?isModal=True,1,1,25,2024-01-12 00:00:00,2024,10:50:00,Passed,16,NITAY BEN YOSEF,2012,Maccabbi Weisgal,2,6,03:37.28,169,Direct Finals
139,19,212,212,ליגה צעירים וייסגל - בת ים,comp.asp?compID=1493,37,https://loglig.com:2053/LeagueTable/AthleticsDisciplines/9635,10,200m Breaststroke,Boys 10-14,00:00.00,12/01/2024 10:50:00,25,25,/LeagueTable/AthleticsDisciplineResults/44065?isModal=True,1,1,25,2024-01-12 00:00:00,2024,10:50:00,Passed,20,EVAN MICHELSON,2012,Maccabbi Weisgal,2,1,04:01.72,122,Direct Finals
140,23,212,212,ליגה צעירים וייסגל - בת ים,comp.asp?compID=1493,37,https://loglig.com:2053/LeagueTable/AthleticsDisciplines/9635,10,200m Breaststroke,Boys 10-14,00:00.00,12/01/2024 10:50:00,25,25,/LeagueTable/AthleticsDisciplineResults/44065?isModal=True,1,1,25,2024-01-12 00:00:00,2024,10:50:00,Passed,24,MAAYAN MAROUANI,2011,Maccabbi Weisgal,2,4,NS,0,Direct Finals
141,24,212,212,ליגה צעירים וייסגל - בת ים,comp.asp?compID=1493,37,https://loglig.com:2053/LeagueTable/AthleticsDisciplines/9635,10,200m Breaststroke,Boys 10-14,00:00.00,12/01/2024 10:50:00,25,25,/LeagueTable/AthleticsDisciplineResults/44065?isModal=True,1,1,25,2024-01-12 00:00:00,2024,10:50:00,Passed,24,YEHONATAN YEHOSHUA,2011,Maccabbi Weisgal,3,2,NS,0,Direct Finals
142,5,214,214,ליגה צעירים וייסגל - בת ים,comp.asp?compID=1493,37,https://loglig.com:2053/LeagueTable/AthleticsDisciplines/9635,12,200m Butterfly,,00:00.00,12/01/2024 11:12:00,16,16,/LeagueTable/AthleticsDisciplineResults/44067?isModal=True,1,1,16,2024-01-12 00:00:00,2024,11:12:00,Passed,6,YOTAM RAIZNER,2011,Maccabbi Weisgal,1,4,02:56.23,231,Direct Finals
143,8,214,214,ליגה צעירים וייסגל - בת ים,comp.asp?compID=1493,37,https://loglig.com:2053/LeagueTable/AthleticsDisciplines/9635,12,200m Butterfly,,00:00.00,12/01/2024 11:12:00,16,16,/LeagueTable/AthleticsDisciplineResults/44067?isModal=True,1,1,16,2024-01-12 00:00:00,2024,11:12:00,Passed,9,ITAY PEKLRE,2010,Maccabbi Weisgal,3,2,02:58.81,221,Direct Finals
144,14,214,214,ליגה צעירים וייסגל - בת ים,comp.asp?compID=1493,37,https://loglig.com:2053/LeagueTable/AthleticsDisciplines/9635,12,200m Butterfly,,00:00.00,12/01/2024 11:12:00,16,16,/LeagueTable/AthleticsDisciplineResults/44067?isModal=True,1,1,16,2024-01-12 00:00:00,2024,11:12:00,Passed,15,MAOR GOTLIB,2011,Maccabbi Weisgal,2,2,03:22.66,152,Direct Finals
145,19,217,217,ליגה לנוער ובוגרים 2,comp.asp?compID=465,39,https://loglig.com:2053/LeagueTable/AthleticsDisciplines/9963,1,200m Individual Medley,Women 14-99,00:00.00,20/01/2024 09:30:00,67,63,/LeagueTable/AthleticsDisciplineResults/44126?isModal=True,1,1,63,2024-01-20 00:00:00,2024,09:30:00,Passed,20,Noa Karni,2009,Maccabbi Weisgal,6,8,02:41.88,472,Direct Finals
146,21,217,217,ליגה לנוער ובוגרים 2,comp.asp?compID=465,39,https://loglig.com:2053/LeagueTable/AthleticsDisciplines/9963,1,200m Individual Medley,Women 14-99,00:00.00,20/01/2024 09:30:00,67,63,/LeagueTable/AthleticsDisciplineResults/44126?isModal=True,1,1,63,2024-01-20 00:00:00,2024,09:30:00,Passed,22,Ariel Shahar,2009,Maccabbi Weisgal,1,3,02:42.53,467,Direct Finals
147,44,217,217,ליגה לנוער ובוגרים 2,comp.asp?compID=465,39,https://loglig.com:2053/LeagueTable/AthleticsDisciplines/9963,1,200m Individual Medley,Women 14-99,00:00.00,20/01/2024 09:30:00,67,63,/LeagueTable/AthleticsDisciplineResults/44126?isModal=True,1,1,63,2024-01-20 00:00:00,2024,09:30:00,Passed,45,GilVered Cipele,2009,Maccabbi Weisgal,3,3,02:52.57,390,Direct Finals
148,47,217,217,ליגה לנוער ובוגרים 2,comp.asp?compID=465,39,https://loglig.com:2053/LeagueTable/AthleticsDisciplines/9963,1,200m Individual Medley,Women 14-99,00:00.00,20/01/2024 09:30:00,67,63,/LeagueTable/AthleticsDisciplineResults/44126?isModal=True,1,1,63,2024-01-20 00:00:00,2024,09:30:00,Passed,48,Gaia Benis,2010,Maccabbi Weisgal,1,7,02:54.48,377,Direct Finals
149,49,217,217,ליגה לנוער ובוגרים 2,comp.asp?compID=465,39,https://loglig.com:2053/LeagueTable/AthleticsDisciplines/9963,1,200m Individual Medley,Women 14-99,00:00.00,20/01/2024 09:30:00,67,63,/LeagueTable/AthleticsDisciplineResults/44126?isModal=True,1,1,63,2024-01-20 00:00:00,2024,09:30:00,Passed,50,MAYA CHN-LEVI,2008,Maccabbi Weisgal,1,4,02:55.01,374,Direct Finals
150,30,218,218,ליגה לנוער ובוגרים 2,comp.asp?compID=465,39,https://loglig.com:2053/LeagueTable/AthleticsDisciplines/9963,2,200m Individual Medley,Men 15-99,00:00.00,20/01/2024 09:58:00,100,90,/LeagueTable/AthleticsDisciplineResults/44121?isModal=True,1,1,90,2024-01-20 00:00:00,2024,09:58:00,Passed,31,Ariel Alon,2009,Maccabbi Weisgal,1,9,02:26.97,466,Direct Finals
151,39,218,218,ליגה לנוער ובוגרים 2,comp.asp?compID=465,39,https://loglig.com:2053/LeagueTable/AthleticsDisciplines/9963,2,200m Individual Medley,Men 15-99,00:00.00,20/01/2024 09:58:00,100,90,/LeagueTable/AthleticsDisciplineResults/44121?isModal=True,1,1,90,2024-01-20 00:00:00,2024,09:58:00,Passed,40,Jonatan Veprinsky,2007,Maccabbi Weisgal,8,1,02:29.23,445,Direct Finals
152,51,218,218,ליגה לנוער ובוגרים 2,comp.asp?compID=465,39,https://loglig.com:2053/LeagueTable/AthleticsDisciplines/9963,2,200m Individual Medley,Men 15-99,00:00.00,20/01/2024 09:58:00,100,90,/LeagueTable/AthleticsDisciplineResults/44121?isModal=True,1,1,90,2024-01-20 00:00:00,2024,09:58:00,Passed,52,Noam Steinberg,2009,Maccabbi Weisgal,6,4,02:31.11,429,Direct Finals
153,22,219,219,ליגה לנוער ובוגרים 2,comp.asp?compID=465,39,https://loglig.com:2053/LeagueTable/AthleticsDisciplines/9963,3,100m Backstroke,Women 14-99,00:00.00,20/01/2024 10:38:00,91,86,/LeagueTable/AthleticsDisciplineResults/44122?isModal=True,1,1,86,2024-01-20 00:00:00,2024,10:38:00,Passed,23,GilVered Cipele,2009,Maccabbi Weisgal,8,1,01:15.78,435,Direct Finals
154,60,219,219,ליגה לנוער ובוגרים 2,comp.asp?compID=465,39,https://loglig.com:2053/LeagueTable/AthleticsDisciplines/9963,3,100m Backstroke,Women 14-99,00:00.00,20/01/2024 10:38:00,91,86,/LeagueTable/AthleticsDisciplineResults/44122?isModal=True,1,1,86,2024-01-20 00:00:00,2024,10:38:00,Passed,61,SHIRLI DUBOVICH,2010,Maccabbi Weisgal,4,8,01:24.48,314,Direct Finals
155,13,220,220,ליגה לנוער ובוגרים 2,comp.asp?compID=465,39,https://loglig.com:2053/LeagueTable/AthleticsDisciplines/9963,4,100m Backstroke,Men 15-99,00:00.00,20/01/2024 10:56:00,89,84,/LeagueTable/AthleticsDisciplineResults/44117?isModal=True,1,1,84,2024-01-20 00:00:00,2024,10:56:00,Passed,14,Eran Grubman,2007,Maccabbi Weisgal,8,4,01:03.92,533,Direct Finals
156,19,220,220,ליגה לנוער ובוגרים 2,comp.asp?compID=465,39,https://loglig.com:2053/LeagueTable/AthleticsDisciplines/9963,4,100m Backstroke,Men 15-99,00:00.00,20/01/2024 10:56:00,89,84,/LeagueTable/AthleticsDisciplineResults/44117?isModal=True,1,1,84,2024-01-20 00:00:00,2024,10:56:00,Passed,20,Ron Morgulis,2006,Maccabbi Weisgal,9,9,01:05.68,491,Direct Finals
157,22,220,220,ליגה לנוער ובוגרים 2,comp.asp?compID=465,39,https://loglig.com:2053/LeagueTable/AthleticsDisciplines/9963,4,100m Backstroke,Men 15-99,00:00.00,20/01/2024 10:56:00,89,84,/LeagueTable/AthleticsDisciplineResults/44117?isModal=True,1,1,84,2024-01-20 00:00:00,2024,10:56:00,Passed,23,Itay Shpayzer,2008,Maccabbi Weisgal,6,8,01:06.50,474,Direct Finals
158,29,220,220,ליגה לנוער ובוגרים 2,comp.asp?compID=465,39,https://loglig.com:2053/LeagueTable/AthleticsDisciplines/9963,4,100m Backstroke,Men 15-99,00:00.00,20/01/2024 10:56:00,89,84,/LeagueTable/AthleticsDisciplineResults/44117?isModal=True,1,1,84,2024-01-20 00:00:00,2024,10:56:00,Passed,30,Matan Epshtein,2009,Maccabbi Weisgal,5,4,01:07.92,444,Direct Finals
159,3,221,221,ליגה לנוער ובוגרים 2,comp.asp?compID=465,39,https://loglig.com:2053/LeagueTable/AthleticsDisciplines/9963,5,200m Breaststroke,Women 14-99,00:00.00,20/01/2024 11:14:00,41,40,/LeagueTable/AthleticsDisciplineResults/44125?isModal=True,1,1,40,2024-01-20 00:00:00,2024,11:14:00,Passed,4,Ariel Shahar,2009,Maccabbi Weisgal,5,8,02:51.20,534,Direct Finals
160,22,221,221,ליגה לנוער ובוגרים 2,comp.asp?compID=465,39,https://loglig.com:2053/LeagueTable/AthleticsDisciplines/9963,5,200m Breaststroke,Women 14-99,00:00.00,20/01/2024 11:14:00,41,40,/LeagueTable/AthleticsDisciplineResults/44125?isModal=True,1,1,40,2024-01-20 00:00:00,2024,11:14:00,Passed,23,Ariel Mizrahi,2010,Maccabbi Weisgal,3,7,03:14.05,367,Direct Finals
161,12,222,222,ליגה לנוער ובוגרים 2,comp.asp?compID=465,39,https://loglig.com:2053/LeagueTable/AthleticsDisciplines/9963,6,200m Breaststroke,Men 15-99,00:00.00,20/01/2024 11:34:00,56,50,/LeagueTable/AthleticsDisciplineResults/44120?isModal=True,1,1,50,2024-01-20 00:00:00,2024,11:34:00,Passed,13,Jonatan Veprinsky,2007,Maccabbi Weisgal,5,5,02:39.46,494,Direct Finals
162,18,222,222,ליגה לנוער ובוגרים 2,comp.asp?compID=465,39,https://loglig.com:2053/LeagueTable/AthleticsDisciplines/9963,6,200m Breaststroke,Men 15-99,00:00.00,20/01/2024 11:34:00,56,50,/LeagueTable/AthleticsDisciplineResults/44120?isModal=True,1,1,50,2024-01-20 00:00:00,2024,11:34:00,Passed,19,Noam Steinberg,2009,Maccabbi Weisgal,5,1,02:44.55,450,Direct Finals
163,36,222,222,ליגה לנוער ובוגרים 2,comp.asp?compID=465,39,https://loglig.com:2053/LeagueTable/AthleticsDisciplines/9963,6,200m Breaststroke,Men 15-99,00:00.00,20/01/2024 11:34:00,56,50,/LeagueTable/AthleticsDisciplineResults/44120?isModal=True,1,1,50,2024-01-20 00:00:00,2024,11:34:00,Passed,37,Noam Shany,2009,Maccabbi Weisgal,1,2,03:02.55,329,Direct Finals
164,9,223,223,ליגה לנוער ובוגרים 2,comp.asp?compID=465,39,https://loglig.com:2053/LeagueTable/AthleticsDisciplines/9963,7,100m Freestyle,Women 14-99,00:00.00,20/01/2024 11:58:00,151,144,/LeagueTable/AthleticsDisciplineResults/44124?isModal=True,1,1,144,2024-01-20 00:00:00,2024,11:58:00,Passed,10,Ellah Manna,2009,Maccabbi Weisgal,14,1,01:03.74,533,Direct Finals
165,25,223,223,ליגה לנוער ובוגרים 2,comp.asp?compID=465,39,https://loglig.com:2053/LeagueTable/AthleticsDisciplines/9963,7,100m Freestyle,Women 14-99,00:00.00,20/01/2024 11:58:00,151,144,/LeagueTable/AthleticsDisciplineResults/44124?isModal=True,1,1,144,2024-01-20 00:00:00,2024,11:58:00,Passed,26,Noa Karni,2009,Maccabbi Weisgal,13,6,01:06.12,478,Direct Finals
166,39,223,223,ליגה לנוער ובוגרים 2,comp.asp?compID=465,39,https://loglig.com:2053/LeagueTable/AthleticsDisciplines/9963,7,100m Freestyle,Women 14-99,00:00.00,20/01/2024 11:58:00,151,144,/LeagueTable/AthleticsDisciplineResults/44124?isModal=True,1,1,144,2024-01-20 00:00:00,2024,11:58:00,Passed,40,MAYA CHN-LEVI,2008,Maccabbi Weisgal,2,5,01:08.06,438,Direct Finals
167,42,223,223,ליגה לנוער ובוגרים 2,comp.asp?compID=465,39,https://loglig.com:2053/LeagueTable/AthleticsDisciplines/9963,7,100m Freestyle,Women 14-99,00:00.00,20/01/2024 11:58:00,151,144,/LeagueTable/AthleticsDisciplineResults/44124?isModal=True,1,1,144,2024-01-20 00:00:00,2024,11:58:00,Passed,43,Ariel Shahar,2009,Maccabbi Weisgal,8,2,01:08.39,432,Direct Finals
168,65,223,223,ליגה לנוער ובוגרים 2,comp.asp?compID=465,39,https://loglig.com:2053/LeagueTable/AthleticsDisciplines/9963,7,100m Freestyle,Women 14-99,00:00.00,20/01/2024 11:58:00,151,144,/LeagueTable/AthleticsDisciplineResults/44124?isModal=True,1,1,144,2024-01-20 00:00:00,2024,11:58:00,Passed,66,Gaia Benis,2010,Maccabbi Weisgal,8,1,01:11.45,379,Direct Finals
169,87,223,223,ליגה לנוער ובוגרים 2,comp.asp?compID=465,39,https://loglig.com:2053/LeagueTable/AthleticsDisciplines/9963,7,100m Freestyle,Women 14-99,00:00.00,20/01/2024 11:58:00,151,144,/LeagueTable/AthleticsDisciplineResults/44124?isModal=True,1,1,144,2024-01-20 00:00:00,2024,11:58:00,Passed,88,SHIRLI DUBOVICH,2010,Maccabbi Weisgal,5,3,01:13.56,347,Direct Finals
170,89,223,223,ליגה לנוער ובוגרים 2,comp.asp?compID=465,39,https://loglig.com:2053/LeagueTable/AthleticsDisciplines/9963,7,100m Freestyle,Women 14-99,00:00.00,20/01/2024 11:58:00,151,144,/LeagueTable/AthleticsDisciplineResults/44124?isModal=True,1,1,144,2024-01-20 00:00:00,2024,11:58:00,Passed,90,Ariel Mizrahi,2010,Maccabbi Weisgal,1,2,01:13.75,344,Direct Finals
171,18,224,224,ליגה לנוער ובוגרים 2,comp.asp?compID=465,39,https://loglig.com:2053/LeagueTable/AthleticsDisciplines/9963,8,100m Freestyle,Men 15-99,00:00.00,20/01/2024 12:28:00,181,169,/LeagueTable/AthleticsDisciplineResults/44119?isModal=True,1,1,169,2024-01-20 00:00:00,2024,12:28:00,Passed,19,Itay Shpayzer,2008,Maccabbi Weisgal,16,5,00:55.46,605,Direct Finals
172,30,224,224,ליגה לנוער ובוגרים 2,comp.asp?compID=465,39,https://loglig.com:2053/LeagueTable/AthleticsDisciplines/9963,8,100m Freestyle,Men 15-99,00:00.00,20/01/2024 12:28:00,181,169,/LeagueTable/AthleticsDisciplineResults/44119?isModal=True,1,1,169,2024-01-20 00:00:00,2024,12:28:00,Passed,31,Ron Morgulis,2006,Maccabbi Weisgal,17,7,00:56.99,557,Direct Finals
173,36,224,224,ליגה לנוער ובוגרים 2,comp.asp?compID=465,39,https://loglig.com:2053/LeagueTable/AthleticsDisciplines/9963,8,100m Freestyle,Men 15-99,00:00.00,20/01/2024 12:28:00,181,169,/LeagueTable/AthleticsDisciplineResults/44119?isModal=True,1,1,169,2024-01-20 00:00:00,2024,12:28:00,Passed,37,Eran Grubman,2007,Maccabbi Weisgal,17,0,00:57.59,540,Direct Finals
174,48,224,224,ליגה לנוער ובוגרים 2,comp.asp?compID=465,39,https://loglig.com:2053/LeagueTable/AthleticsDisciplines/9963,8,100m Freestyle,Men 15-99,00:00.00,20/01/2024 12:28:00,181,169,/LeagueTable/AthleticsDisciplineResults/44119?isModal=True,1,1,169,2024-01-20 00:00:00,2024,12:28:00,Passed,49,Ariel Alon,2009,Maccabbi Weisgal,11,6,00:59.04,501,Direct Finals
175,60,224,224,ליגה לנוער ובוגרים 2,comp.asp?compID=465,39,https://loglig.com:2053/LeagueTable/AthleticsDisciplines/9963,8,100m Freestyle,Men 15-99,00:00.00,20/01/2024 12:28:00,181,169,/LeagueTable/AthleticsDisciplineResults/44119?isModal=True,1,1,169,2024-01-20 00:00:00,2024,12:28:00,Passed,61,Matan Epshtein,2009,Maccabbi Weisgal,7,2,01:00.34,469,Direct Finals
176,7,225,225,ליגה לנוער ובוגרים 2,comp.asp?compID=465,39,https://loglig.com:2053/LeagueTable/AthleticsDisciplines/9963,9,200m Butterfly,Women 14-99,00:00.00,20/01/2024 13:00:00,29,27,/LeagueTable/AthleticsDisciplineResults/44123?isModal=True,1,1,27,2024-01-20 00:00:00,2024,13:00:00,Passed,8,Ellah Manna,2009,Maccabbi Weisgal,2,4,02:39.46,445,Direct Finals
177,15,226,226,ליגה לנוער ובוגרים 2,comp.asp?compID=465,39,https://loglig.com:2053/LeagueTable/AthleticsDisciplines/9963,10,200m Butterfly,Men 15-99,00:00.00,20/01/2024 13:12:00,45,38,/LeagueTable/AthleticsDisciplineResults/44118?isModal=True,1,1,38,2024-01-20 00:00:00,2024,13:12:00,Passed,16,Ariel Alon,2009,Maccabbi Weisgal,3,3,02:26.72,429,Direct Finals
178,25,229,229,ליגה לנוער ובוגרים 2,comp.asp?compID=465,39,https://loglig.com:2053/LeagueTable/AthleticsDisciplines/9961,3,100m Backstroke,Women 14-99,00:00.00,19/01/2024 11:20:00,75,74,/LeagueTable/AthleticsDisciplineResults/44095?isModal=True,1,1,74,2024-01-19 00:00:00,2024,11:20:00,Passed,26,Lior Rozenboim,2008,Maccabbi Weisgal,6,6,01:17.61,405,Direct Finals
179,57,230,230,ליגה לנוער ובוגרים 2,comp.asp?compID=465,39,https://loglig.com:2053/LeagueTable/AthleticsDisciplines/9961,4,100m Backstroke,Men 15-99,00:00.00,19/01/2024 11:36:00,106,102,/LeagueTable/AthleticsDisciplineResults/44090?isModal=True,1,1,102,2024-01-19 00:00:00,2024,11:36:00,Passed,58,Gilad Shushan,2009,Maccabbi Weisgal,7,1,01:09.75,410,Direct Finals
180,79,233,233,ליגה לנוער ובוגרים 2,comp.asp?compID=465,39,https://loglig.com:2053/LeagueTable/AthleticsDisciplines/9961,7,100m Freestyle,Women 14-99,00:00.00,19/01/2024 12:22:30,149,140,/LeagueTable/AthleticsDisciplineResults/44097?isModal=True,1,1,140,2024-01-19 00:00:00,2024,12:22:30,Passed,80,Lior Rozenboim,2008,Maccabbi Weisgal,7,0,01:10.49,394,Direct Finals
181,115,234,234,ליגה לנוער ובוגרים 2,comp.asp?compID=465,39,https://loglig.com:2053/LeagueTable/AthleticsDisciplines/9961,8,100m Freestyle,Men 15-99,00:00.00,19/01/2024 12:45:00,206,204,/LeagueTable/AthleticsDisciplineResults/44092?isModal=True,1,1,204,2024-01-19 00:00:00,2024,12:45:00,Passed,116,Gilad Shushan,2009,Maccabbi Weisgal,6,2,01:01.98,433,Direct Finals
182,1,342,342,מוקדמות אליפות צעירים חלק א',comp.asp?compID=466,43,https://loglig.com:2053/LeagueTable/AthleticsDisciplines/10031,1,200m Individual Medley,Girls 12,03:20.00,02/02/2024 09:45:00,10,10,/LeagueTable/AthleticsDisciplineResults/44489?isModal=True,1,1,10,2024-02-02 00:00:00,2024,09:45:00,Passed,2,LIEL NIKOLAEV,2012,Maccabbi Weisgal,1,5,03:00.99,305,Preliminary
183,3,343,343,מוקדמות אליפות צעירים חלק א',comp.asp?compID=466,43,https://loglig.com:2053/LeagueTable/AthleticsDisciplines/10031,2,200m Individual Medley,Boys 12,03:15.00,02/02/2024 09:49:00,16,16,/LeagueTable/AthleticsDisciplineResults/44513?isModal=True,1,1,16,2024-02-02 00:00:00,2024,09:49:00,Passed,4,ronen pesin,2012,Maccabbi Weisgal,2,2,02:51.62,260,Preliminary
184,9,343,343,מוקדמות אליפות צעירים חלק א',comp.asp?compID=466,43,https://loglig.com:2053/LeagueTable/AthleticsDisciplines/10031,2,200m Individual Medley,Boys 12,03:15.00,02/02/2024 09:49:00,16,16,/LeagueTable/AthleticsDisciplineResults/44513?isModal=True,1,1,16,2024-02-02 00:00:00,2024,09:49:00,Passed,10,NITAY BEN YOSEF,2012,Maccabbi Weisgal,2,9,02:58.10,233,Preliminary
185,8,345,345,מוקדמות אליפות צעירים חלק א',comp.asp?compID=466,43,https://loglig.com:2053/LeagueTable/AthleticsDisciplines/10031,4,200m Individual Medley,Boys 13,03:05.00,02/02/2024 10:05:00,22,22,/LeagueTable/AthleticsDisciplineResults/44525?isModal=True,1,1,22,2024-02-02 00:00:00,2024,10:05:00,Passed,9,BEN KISHINEVSKI,2011,Maccabbi Weisgal,3,7,02:47.14,282,Preliminary
186,13,345,345,מוקדמות אליפות צעירים חלק א',comp.asp?compID=466,43,https://loglig.com:2053/LeagueTable/AthleticsDisciplines/10031,4,200m Individual Medley,Boys 13,03:05.00,02/02/2024 10:05:00,22,22,/LeagueTable/AthleticsDisciplineResults/44525?isModal=True,1,1,22,2024-02-02 00:00:00,2024,10:05:00,Passed,14,YOTAM RAIZNER,2011,Maccabbi Weisgal,2,6,02:52.42,257,Preliminary
187,16,345,345,מוקדמות אליפות צעירים חלק א',comp.asp?compID=466,43,https://loglig.com:2053/LeagueTable/AthleticsDisciplines/10031,4,200m Individual Medley,Boys 13,03:05.00,02/02/2024 10:05:00,22,22,/LeagueTable/AthleticsDisciplineResults/44525?isModal=True,1,1,22,2024-02-02 00:00:00,2024,10:05:00,Passed,17,RON EZRA,2011,Maccabbi Weisgal,2,2,02:53.83,250,Preliminary
188,10,346,346,מוקדמות אליפות צעירים חלק א',comp.asp?compID=466,43,https://loglig.com:2053/LeagueTable/AthleticsDisciplines/10031,5,200m Individual Medley,Boys 14,02:55.00,02/02/2024 10:15:30,33,33,/LeagueTable/AthleticsDisciplineResults/44537?isModal=True,1,1,33,2024-02-02 00:00:00,2024,10:15:30,Passed,11,GILAD HOLAND,2010,Maccabbi Weisgal,3,1,02:34.87,354,Preliminary
189,27,346,346,מוקדמות אליפות צעירים חלק א',comp.asp?compID=466,43,https://loglig.com:2053/LeagueTable/AthleticsDisciplines/10031,5,200m Individual Medley,Boys 14,02:55.00,02/02/2024 10:15:30,33,33,/LeagueTable/AthleticsDisciplineResults/44537?isModal=True,1,1,33,2024-02-02 00:00:00,2024,10:15:30,Passed,28,ITAY PEKLRE,2010,Maccabbi Weisgal,2,2,02:52.33,257,Preliminary
190,29,346,346,מוקדמות אליפות צעירים חלק א',comp.asp?compID=466,43,https://loglig.com:2053/LeagueTable/AthleticsDisciplines/10031,5,200m Individual Medley,Boys 14,02:55.00,02/02/2024 10:15:30,33,33,/LeagueTable/AthleticsDisciplineResults/44537?isModal=True,1,1,33,2024-02-02 00:00:00,2024,10:15:30,Passed,30,Yahel Berihun,2010,Maccabbi Weisgal,2,1,02:53.37,252,Preliminary
191,9,347,347,מוקדמות אליפות צעירים חלק א',comp.asp?compID=466,43,https://loglig.com:2053/LeagueTable/AthleticsDisciplines/10031,7,50m Freestyle,Girls 12,00:37.50,02/02/2024 10:29:30,41,39,/LeagueTable/AthleticsDisciplineResults/44543?isModal=True,1,1,39,2024-02-02 00:00:00,2024,10:29:30,Passed,10,Karin Margolis,2012,Maccabbi Weisgal,3,2,00:35.07,279,Preliminary
192,10,347,347,מוקדמות אליפות צעירים חלק א',comp.asp?compID=466,43,https://loglig.com:2053/LeagueTable/AthleticsDisciplines/10031,7,50m Freestyle,Girls 12,00:37.50,02/02/2024 10:29:30,41,39,/LeagueTable/AthleticsDisciplineResults/44543?isModal=True,1,1,39,2024-02-02 00:00:00,2024,10:29:30,Passed,11,SAPIR KAUSHANSKY,2012,Maccabbi Weisgal,4,4,00:35.20,276,Preliminary
193,14,347,347,מוקדמות אליפות צעירים חלק א',comp.asp?compID=466,43,https://loglig.com:2053/LeagueTable/AthleticsDisciplines/10031,7,50m Freestyle,Girls 12,00:37.50,02/02/2024 10:29:30,41,39,/LeagueTable/AthleticsDisciplineResults/44543?isModal=True,1,1,39,2024-02-02 00:00:00,2024,10:29:30,Passed,15,Lia Goralik,2012,Maccabbi Weisgal,4,8,00:35.78,263,Preliminary
194,35,347,347,מוקדמות אליפות צעירים חלק א',comp.asp?compID=466,43,https://loglig.com:2053/LeagueTable/AthleticsDisciplines/10031,7,50m Freestyle,Girls 12,00:37.50,02/02/2024 10:29:30,41,39,/LeagueTable/AthleticsDisciplineResults/44543?isModal=True,1,1,39,2024-02-02 00:00:00,2024,10:29:30,Passed,36,LI - CHEN OVADEA,2012,Maccabbi Weisgal,4,3,00:49.27 NMin,100,Preliminary
195,13,348,348,מוקדמות אליפות צעירים חלק א',comp.asp?compID=466,43,https://loglig.com:2053/LeagueTable/AthleticsDisciplines/10031,8,50m Freestyle,Boys 12,00:35.50,02/02/2024 10:39:30,42,37,/LeagueTable/AthleticsDisciplineResults/44545?isModal=True,1,1,37,2024-02-02 00:00:00,2024,10:39:30,Passed,14,YHALI AZARZAR,2012,Maccabbi Weisgal,5,8,00:33.53,217,Preliminary
196,15,348,348,מוקדמות אליפות צעירים חלק א',comp.asp?compID=466,43,https://loglig.com:2053/LeagueTable/AthleticsDisciplines/10031,8,50m Freestyle,Boys 12,00:35.50,02/02/2024 10:39:30,42,37,/LeagueTable/AthleticsDisciplineResults/44545?isModal=True,1,1,37,2024-02-02 00:00:00,2024,10:39:30,Passed,16,Yahli Moshe,2012,Maccabbi Weisgal,4,5,00:33.63,215,Preliminary
197,15,350,350,מוקדמות אליפות צעירים חלק א',comp.asp?compID=466,43,https://loglig.com:2053/LeagueTable/AthleticsDisciplines/10031,10,50m Freestyle,Boys 13,00:34.00,02/02/2024 10:54:00,45,44,/LeagueTable/AthleticsDisciplineResults/44546?isModal=True,1,1,44,2024-02-02 00:00:00,2024,10:54:00,Passed,16,MAAYAN MAROUANI,2011,Maccabbi Weisgal,3,1,00:32.00,250,Preliminary
198,24,350,350,מוקדמות אליפות צעירים חלק א',comp.asp?compID=466,43,https://loglig.com:2053/LeagueTable/AthleticsDisciplines/10031,10,50m Freestyle,Boys 13,00:34.00,02/02/2024 10:54:00,45,44,/LeagueTable/AthleticsDisciplineResults/44546?isModal=True,1,1,44,2024-02-02 00:00:00,2024,10:54:00,Passed,25,RAFAEL HECHT,2011,Maccabbi Weisgal,4,7,00:33.53,217,Preliminary
199,18,351,351,מוקדמות אליפות צעירים חלק א',comp.asp?compID=466,43,https://loglig.com:2053/LeagueTable/AthleticsDisciplines/10031,12,50m Freestyle,Boys 14,00:33.00,02/02/2024 11:01:30,49,46,/LeagueTable/AthleticsDisciplineResults/44547?isModal=True,1,1,46,2024-02-02 00:00:00,2024,11:01:30,Passed,19,Yehonatan Nahoum,2010,Maccabbi Weisgal,4,6,00:29.51,318,Preliminary
200,3,353,353,מוקדמות אליפות צעירים חלק א',comp.asp?compID=466,43,https://loglig.com:2053/LeagueTable/AthleticsDisciplines/10031,14,400m Freestyle,Boys 12,05:50.00,02/02/2024 11:23:00,12,12,/LeagueTable/AthleticsDisciplineResults/44515?isModal=True,1,1,12,2024-02-02 00:00:00,2024,11:23:00,Passed,4,ron charnitsky,2012,Maccabbi Weisgal,2,3,05:16.33,302,Preliminary
201,2,354,354,מוקדמות אליפות צעירים חלק א',comp.asp?compID=466,43,https://loglig.com:2053/LeagueTable/AthleticsDisciplines/10031,15,400m Freestyle,Girls 13,05:45.00,02/02/2024 11:36:00,16,15,/LeagueTable/AthleticsDisciplineResults/44503?isModal=True,1,1,15,2024-02-02 00:00:00,2024,11:36:00,Passed,3,TAMAR AROUETTY,2011,Maccabbi Weisgal,2,3,05:08.17,437,Preliminary
202,12,354,354,מוקדמות אליפות צעירים חלק א',comp.asp?compID=466,43,https://loglig.com:2053/LeagueTable/AthleticsDisciplines/10031,15,400m Freestyle,Girls 13,05:45.00,02/02/2024 11:36:00,16,15,/LeagueTable/AthleticsDisciplineResults/44503?isModal=True,1,1,15,2024-02-02 00:00:00,2024,11:36:00,Passed,13,BAR STACHI,2011,Maccabbi Weisgal,2,9,05:36.46,336,Preliminary
203,14,355,355,מוקדמות אליפות צעירים חלק א',comp.asp?compID=466,43,https://loglig.com:2053/LeagueTable/AthleticsDisciplines/10031,16,400m Freestyle,Boys 13,05:35.00,02/02/2024 11:49:00,21,21,/LeagueTable/AthleticsDisciplineResults/44527?isModal=True,1,1,21,2024-02-02 00:00:00,2024,11:49:00,Passed,15,ITAY AVNY,2011,Maccabbi Weisgal,3,7,05:17.91,297,Preliminary
204,18,356,356,מוקדמות אליפות צעירים חלק א',comp.asp?compID=466,43,https://loglig.com:2053/LeagueTable/AthleticsDisciplines/10031,18,400m Freestyle,Boys 14,05:15.00,02/02/2024 12:08:30,26,26,/LeagueTable/AthleticsDisciplineResults/44539?isModal=True,1,1,26,2024-02-02 00:00:00,2024,12:08:30,Passed,19,DROR HASIDI,2010,Maccabbi Weisgal,2,6,05:02.15,346,Preliminary
205,1,357,357,מוקדמות אליפות צעירים חלק א',comp.asp?compID=466,43,https://loglig.com:2053/LeagueTable/AthleticsDisciplines/10031,19,4X100m Freestyle Relay Mix,Mix 12,00:00.00,02/02/2024 12:26:30,101,76,/LeagueTable/AthleticsDisciplineResults/44548?isModal=True,1,1,76,2024-02-02 00:00:00,2024,12:26:30,Passed,2,"ron charnitsky, ronen pesin, LIEL NIKOLAEV, OMER SHANI",,Maccabbi Weisgal,2,3,04:51.17,0,Preliminary
206,7,357,357,מוקדמות אליפות צעירים חלק א',comp.asp?compID=466,43,https://loglig.com:2053/LeagueTable/AthleticsDisciplines/10031,19,4X100m Freestyle Relay Mix,Mix 12,00:00.00,02/02/2024 12:26:30,101,76,/LeagueTable/AthleticsDisciplineResults/44548?isModal=True,1,1,76,2024-02-02 00:00:00,2024,12:26:30,Passed,8,"NITAY BEN YOSEF, YHALI AZARZAR, SAPIR KAUSHANSKY, Karin Margolis",,Maccabbi Weisgal,2,2,05:12.83,0,Preliminary
207,10,358,358,מוקדמות אליפות צעירים חלק א',comp.asp?compID=466,43,https://loglig.com:2053/LeagueTable/AthleticsDisciplines/10031,20,4X100m Freestyle Relay Mix,Mix 13-14,00:00.00,02/02/2024 12:40:30,117,88,/LeagueTable/AthleticsDisciplineResults/44550?isModal=True,1,1,88,2024-02-02 00:00:00,2024,12:40:30,Passed,11,"GILAD HOLAND, BEN KISHINEVSKI, EMILY KUKLINSKY, TAMAR AROUETTY",,Maccabbi Weisgal,3,1,04:33.25,0,Preliminary
208,16,358,358,מוקדמות אליפות צעירים חלק א',comp.asp?compID=466,43,https://loglig.com:2053/LeagueTable/AthleticsDisciplines/10031,20,4X100m Freestyle Relay Mix,Mix 13-14,00:00.00,02/02/2024 12:40:30,117,88,/LeagueTable/AthleticsDisciplineResults/44550?isModal=True,1,1,88,2024-02-02 00:00:00,2024,12:40:30,Passed,17,"DROR HASIDI, YUVAL ORI, BAR STACHI, Yehonatan Nahoum",,Maccabbi Weisgal,3,8,04:50.62,0,Preliminary
209,5,359,359,מוקדמות אליפות צעירים חלק א',comp.asp?compID=466,43,https://loglig.com:2053/LeagueTable/AthleticsDisciplines/10031,21,100m Freestyle,Girls 12,01:25.00,02/02/2024 12:58:30,48,44,/LeagueTable/AthleticsDisciplineResults/44482?isModal=True,1,1,44,2024-02-02 00:00:00,2024,12:58:30,Passed,5,LIEL NIKOLAEV,2012,Maccabbi Weisgal,5,5,01:13.52,319,Preliminary
210,17,359,359,מוקדמות אליפות צעירים חלק א',comp.asp?compID=466,43,https://loglig.com:2053/LeagueTable/AthleticsDisciplines/10031,21,100m Freestyle,Girls 12,01:25.00,02/02/2024 12:58:30,48,44,/LeagueTable/AthleticsDisciplineResults/44482?isModal=True,1,1,44,2024-02-02 00:00:00,2024,12:58:30,Passed,18,LI - CHEN OVADEA,2012,Maccabbi Weisgal,3,0,01:19.29,254,Preliminary
211,18,359,359,מוקדמות אליפות צעירים חלק א',comp.asp?compID=466,43,https://loglig.com:2053/LeagueTable/AthleticsDisciplines/10031,21,100m Freestyle,Girls 12,01:25.00,02/02/2024 12:58:30,48,44,/LeagueTable/AthleticsDisciplineResults/44482?isModal=True,1,1,44,2024-02-02 00:00:00,2024,12:58:30,Passed,19,SAPIR KAUSHANSKY,2012,Maccabbi Weisgal,4,7,01:19.47,252,Preliminary
212,24,359,359,מוקדמות אליפות צעירים חלק א',comp.asp?compID=466,43,https://loglig.com:2053/LeagueTable/AthleticsDisciplines/10031,21,100m Freestyle,Girls 12,01:25.00,02/02/2024 12:58:30,48,44,/LeagueTable/AthleticsDisciplineResults/44482?isModal=True,1,1,44,2024-02-02 00:00:00,2024,12:58:30,Passed,25,Lia Goralik,2012,Maccabbi Weisgal,4,9,01:21.44,234,Preliminary
213,10,360,360,מוקדמות אליפות צעירים חלק א',comp.asp?compID=466,43,https://loglig.com:2053/LeagueTable/AthleticsDisciplines/10031,22,100m Freestyle,Boys 12,01:20.00,02/02/2024 14:45:00,46,44,/LeagueTable/AthleticsDisciplineResults/44506?isModal=True,1,1,44,2024-02-02 00:00:00,2024,14:45:00,Passed,11,ron charnitsky,2012,Maccabbi Weisgal,5,1,01:09.92,263,Preliminary
214,14,360,360,מוקדמות אליפות צעירים חלק א',comp.asp?compID=466,43,https://loglig.com:2053/LeagueTable/AthleticsDisciplines/10031,22,100m Freestyle,Boys 12,01:20.00,02/02/2024 14:45:00,46,44,/LeagueTable/AthleticsDisciplineResults/44506?isModal=True,1,1,44,2024-02-02 00:00:00,2024,14:45:00,Passed,15,Yahli Moshe,2012,Maccabbi Weisgal,4,7,01:13.23,229,Preliminary
215,23,360,360,מוקדמות אליפות צעירים חלק א',comp.asp?compID=466,43,https://loglig.com:2053/LeagueTable/AthleticsDisciplines/10031,22,100m Freestyle,Boys 12,01:20.00,02/02/2024 14:45:00,46,44,/LeagueTable/AthleticsDisciplineResults/44506?isModal=True,1,1,44,2024-02-02 00:00:00,2024,14:45:00,Passed,24,Eitan Barak,2012,Maccabbi Weisgal,4,3,01:16.83,198,Preliminary
216,26,360,360,מוקדמות אליפות צעירים חלק א',comp.asp?compID=466,43,https://loglig.com:2053/LeagueTable/AthleticsDisciplines/10031,22,100m Freestyle,Boys 12,01:20.00,02/02/2024 14:45:00,46,44,/LeagueTable/AthleticsDisciplineResults/44506?isModal=True,1,1,44,2024-02-02 00:00:00,2024,14:45:00,Passed,27,Yaniv Grovman,2012,Maccabbi Weisgal,3,4,01:18.38,187,Preliminary
217,7,361,361,מוקדמות אליפות צעירים חלק א',comp.asp?compID=466,43,https://loglig.com:2053/LeagueTable/AthleticsDisciplines/10031,23,100m Freestyle,Girls 13,01:22.00,02/02/2024 14:57:30,38,34,/LeagueTable/AthleticsDisciplineResults/44494?isModal=True,1,1,34,2024-02-02 00:00:00,2024,14:57:30,Passed,8,TAMAR AROUETTY,2011,Maccabbi Weisgal,4,7,01:08.77,390,Preliminary
218,19,361,361,מוקדמות אליפות צעירים חלק א',comp.asp?compID=466,43,https://loglig.com:2053/LeagueTable/AthleticsDisciplines/10031,23,100m Freestyle,Girls 13,01:22.00,02/02/2024 14:57:30,38,34,/LeagueTable/AthleticsDisciplineResults/44494?isModal=True,1,1,34,2024-02-02 00:00:00,2024,14:57:30,Passed,20,EMILY KUKLINSKY,2011,Maccabbi Weisgal,3,4,01:14.77,303,Preliminary
219,27,361,361,מוקדמות אליפות צעירים חלק א',comp.asp?compID=466,43,https://loglig.com:2053/LeagueTable/AthleticsDisciplines/10031,23,100m Freestyle,Girls 13,01:22.00,02/02/2024 14:57:30,38,34,/LeagueTable/AthleticsDisciplineResults/44494?isModal=True,1,1,34,2024-02-02 00:00:00,2024,14:57:30,Passed,28,YUVAL ORI,2011,Maccabbi Weisgal,2,5,01:18.63,261,Preliminary
220,12,362,362,מוקדמות אליפות צעירים חלק א',comp.asp?compID=466,43,https://loglig.com:2053/LeagueTable/AthleticsDisciplines/10031,24,100m Freestyle,Boys 13,01:17.00,02/02/2024 15:07:30,53,53,/LeagueTable/AthleticsDisciplineResults/44518?isModal=True,1,1,53,2024-02-02 00:00:00,2024,15:07:30,Passed,13,BEN KISHINEVSKI,2011,Maccabbi Weisgal,6,7,01:06.02,313,Preliminary
221,35,362,362,מוקדמות אליפות צעירים חלק א',comp.asp?compID=466,43,https://loglig.com:2053/LeagueTable/AthleticsDisciplines/10031,24,100m Freestyle,Boys 13,01:17.00,02/02/2024 15:07:30,53,53,/LeagueTable/AthleticsDisciplineResults/44518?isModal=True,1,1,53,2024-02-02 00:00:00,2024,15:07:30,Passed,36,ITAY AVNY,2011,Maccabbi Weisgal,5,1,01:13.07,231,Preliminary
222,38,362,362,מוקדמות אליפות צעירים חלק א',comp.asp?compID=466,43,https://loglig.com:2053/LeagueTable/AthleticsDisciplines/10031,24,100m Freestyle,Boys 13,01:17.00,02/02/2024 15:07:30,53,53,/LeagueTable/AthleticsDisciplineResults/44518?isModal=True,1,1,53,2024-02-02 00:00:00,2024,15:07:30,Passed,39,RAFAEL HECHT,2011,Maccabbi Weisgal,5,2,01:13.58,226,Preliminary
223,46,362,362,מוקדמות אליפות צעירים חלק א',comp.asp?compID=466,43,https://loglig.com:2053/LeagueTable/AthleticsDisciplines/10031,24,100m Freestyle,Boys 13,01:17.00,02/02/2024 15:07:30,53,53,/LeagueTable/AthleticsDisciplineResults/44518?isModal=True,1,1,53,2024-02-02 00:00:00,2024,15:07:30,Passed,47,MATAN VIGDIRSKI,2011,Maccabbi Weisgal,3,7,01:17.49 NMin,193,Preliminary
224,5,367,367,מוקדמות אליפות צעירים חלק א',comp.asp?compID=466,43,https://loglig.com:2053/LeagueTable/AthleticsDisciplines/10031,30,200m Butterfly,Boys 13,03:30.00,02/02/2024 15:53:00,13,13,/LeagueTable/AthleticsDisciplineResults/44526?isModal=True,1,1,13,2024-02-02 00:00:00,2024,15:53:00,Passed,6,YOTAM RAIZNER,2011,Maccabbi Weisgal,2,6,02:54.41,239,Preliminary
225,15,368,368,מוקדמות אליפות צעירים חלק א',comp.asp?compID=466,43,https://loglig.com:2053/LeagueTable/AthleticsDisciplines/10031,32,200m Butterfly,Boys 14,03:10.00,02/02/2024 16:02:00,18,18,/LeagueTable/AthleticsDisciplineResults/44538?isModal=True,1,1,18,2024-02-02 00:00:00,2024,16:02:00,Passed,16,ITAY PEKLRE,2010,Maccabbi Weisgal,2,8,02:53.53,242,Preliminary
226,1,369,369,מוקדמות אליפות צעירים חלק א',comp.asp?compID=466,43,https://loglig.com:2053/LeagueTable/AthleticsDisciplines/10031,33,100m Breaststroke,Girls 12,01:50.00,02/02/2024 16:11:00,33,33,/LeagueTable/AthleticsDisciplineResults/44483?isModal=True,1,1,33,2024-02-02 00:00:00,2024,16:11:00,Passed,2,OMER SHANI,2012,Maccabbi Weisgal,4,5,01:31.15,320,Preliminary
227,6,369,369,מוקדמות אליפות צעירים חלק א',comp.asp?compID=466,43,https://loglig.com:2053/LeagueTable/AthleticsDisciplines/10031,33,100m Breaststroke,Girls 12,01:50.00,02/02/2024 16:11:00,33,33,/LeagueTable/AthleticsDisciplineResults/44483?isModal=True,1,1,33,2024-02-02 00:00:00,2024,16:11:00,Passed,7,Karin Margolis,2012,Maccabbi Weisgal,4,2,01:35.04,282,Preliminary
228,14,369,369,מוקדמות אליפות צעירים חלק א',comp.asp?compID=466,43,https://loglig.com:2053/LeagueTable/AthleticsDisciplines/10031,33,100m Breaststroke,Girls 12,01:50.00,02/02/2024 16:11:00,33,33,/LeagueTable/AthleticsDisciplineResults/44483?isModal=True,1,1,33,2024-02-02 00:00:00,2024,16:11:00,Passed,15,SAPIR KAUSHANSKY,2012,Maccabbi Weisgal,3,3,01:43.52,218,Preliminary
229,17,369,369,מוקדמות אליפות צעירים חלק א',comp.asp?compID=466,43,https://loglig.com:2053/LeagueTable/AthleticsDisciplines/10031,33,100m Breaststroke,Girls 12,01:50.00,02/02/2024 16:11:00,33,33,/LeagueTable/AthleticsDisciplineResults/44483?isModal=True,1,1,33,2024-02-02 00:00:00,2024,16:11:00,Passed,18,LI - CHEN OVADEA,2012,Maccabbi Weisgal,3,4,01:45.67,205,Preliminary
230,18,369,369,מוקדמות אליפות צעירים חלק א',comp.asp?compID=466,43,https://loglig.com:2053/LeagueTable/AthleticsDisciplines/10031,33,100m Breaststroke,Girls 12,01:50.00,02/02/2024 16:11:00,33,33,/LeagueTable/AthleticsDisciplineResults/44483?isModal=True,1,1,33,2024-02-02 00:00:00,2024,16:11:00,Passed,19,Lia Goralik,2012,Maccabbi Weisgal,3,8,01:46.00,203,Preliminary
231,23,369,369,מוקדמות אליפות צעירים חלק א',comp.asp?compID=466,43,https://loglig.com:2053/LeagueTable/AthleticsDisciplines/10031,33,100m Breaststroke,Girls 12,01:50.00,02/02/2024 16:11:00,33,33,/LeagueTable/AthleticsDisciplineResults/44483?isModal=True,1,1,33,2024-02-02 00:00:00,2024,16:11:00,Passed,24,HADAR BACHAR,2012,Maccabbi Weisgal,3,7,01:47.65,194,Preliminary
232,2,370,370,מוקדמות אליפות צעירים חלק א',comp.asp?compID=466,43,https://loglig.com:2053/LeagueTable/AthleticsDisciplines/10031,34,100m Breaststroke,Boys 12,01:45.00,02/02/2024 16:21:00,32,30,/LeagueTable/AthleticsDisciplineResults/44507?isModal=True,1,1,30,2024-02-02 00:00:00,2024,16:21:00,Passed,3,ronen pesin,2012,Maccabbi Weisgal,4,6,01:27.94,248,Preliminary
233,10,370,370,מוקדמות אליפות צעירים חלק א',comp.asp?compID=466,43,https://loglig.com:2053/LeagueTable/AthleticsDisciplines/10031,34,100m Breaststroke,Boys 12,01:45.00,02/02/2024 16:21:00,32,30,/LeagueTable/AthleticsDisciplineResults/44507?isModal=True,1,1,30,2024-02-02 00:00:00,2024,16:21:00,Passed,11,NITAY BEN YOSEF,2012,Maccabbi Weisgal,2,8,01:36.72,186,Preliminary
234,14,371,371,מוקדמות אליפות צעירים חלק א',comp.asp?compID=466,43,https://loglig.com:2053/LeagueTable/AthleticsDisciplines/10031,35,100m Breaststroke,Girls 13,01:45.00,02/02/2024 16:31:00,26,23,/LeagueTable/AthleticsDisciplineResults/44495?isModal=True,1,1,23,2024-02-02 00:00:00,2024,16:31:00,Passed,15,EMILY KUKLINSKY,2011,Maccabbi Weisgal,2,8,01:38.62,252,Preliminary
235,19,371,371,מוקדמות אליפות צעירים חלק א',comp.asp?compID=466,43,https://loglig.com:2053/LeagueTable/AthleticsDisciplines/10031,35,100m Breaststroke,Girls 13,01:45.00,02/02/2024 16:31:00,26,23,/LeagueTable/AthleticsDisciplineResults/44495?isModal=True,1,1,23,2024-02-02 00:00:00,2024,16:31:00,Passed,20,YUVAL ORI,2011,Maccabbi Weisgal,2,3,01:40.19,241,Preliminary
236,17,372,372,מוקדמות אליפות צעירים חלק א',comp.asp?compID=466,43,https://loglig.com:2053/LeagueTable/AthleticsDisciplines/10031,36,100m Breaststroke,Boys 13,01:40.00,02/02/2024 16:38:30,32,30,/LeagueTable/AthleticsDisciplineResults/44519?isModal=True,1,1,30,2024-02-02 00:00:00,2024,16:38:30,Passed,18,MAAYAN MAROUANI,2011,Maccabbi Weisgal,1,3,01:33.24,208,Preliminary
237,5,373,373,מוקדמות אליפות צעירים חלק א',comp.asp?compID=466,43,https://loglig.com:2053/LeagueTable/AthleticsDisciplines/10031,38,100m Breaststroke,Boys 14,01:35.00,02/02/2024 16:46:00,30,28,/LeagueTable/AthleticsDisciplineResults/44531?isModal=True,1,1,28,2024-02-02 00:00:00,2024,16:46:00,Passed,6,GILAD HOLAND,2010,Maccabbi Weisgal,3,2,01:19.36,337,Preliminary
238,21,373,373,מוקדמות אליפות צעירים חלק א',comp.asp?compID=466,43,https://loglig.com:2053/LeagueTable/AthleticsDisciplines/10031,38,100m Breaststroke,Boys 14,01:35.00,02/02/2024 16:46:00,30,28,/LeagueTable/AthleticsDisciplineResults/44531?isModal=True,1,1,28,2024-02-02 00:00:00,2024,16:46:00,Passed,22,Yehonatan Nahoum,2010,Maccabbi Weisgal,1,5,01:28.80,241,Preliminary
239,6,374,374,מוקדמות אליפות צעירים חלק א',comp.asp?compID=466,43,https://loglig.com:2053/LeagueTable/AthleticsDisciplines/10031,39,800m Freestyle,Girls 13,11:40.00,02/02/2024 16:53:30,8,7,/LeagueTable/AthleticsDisciplineResults/44541?isModal=True,1,1,7,2024-02-02 00:00:00,2024,16:53:30,Passed,7,BAR STACHI,2011,Maccabbi Weisgal,1,3,11:30.46,334,Preliminary
240,11,375,375,מוקדמות אליפות צעירים חלק א',comp.asp?compID=466,43,https://loglig.com:2053/LeagueTable/AthleticsDisciplines/10031,40,800m Freestyle,Boys 14,10:45.00,02/02/2024 17:05:30,18,18,/LeagueTable/AthleticsDisciplineResults/44542?isModal=True,1,1,18,2024-02-02 00:00:00,2024,17:05:30,Passed,12,DROR HASIDI,2010,Maccabbi Weisgal,2,6,10:13.43,377,Preliminary
241,14,375,375,מוקדמות אליפות צעירים חלק א',comp.asp?compID=466,43,https://loglig.com:2053/LeagueTable/AthleticsDisciplines/10031,40,800m Freestyle,Boys 14,10:45.00,02/02/2024 17:05:30,18,18,/LeagueTable/AthleticsDisciplineResults/44542?isModal=True,1,1,18,2024-02-02 00:00:00,2024,17:05:30,Passed,15,ROZENSHTRAKH ITAMAR,2010,Maccabbi Weisgal,2,1,10:25.45,356,Preliminary
242,1,376,376,מוקדמות אליפות צעירים חלק א',comp.asp?compID=466,43,https://loglig.com:2053/LeagueTable/AthleticsDisciplines/10031,41,4X50m Medley Relay Mix,Mix 12,00:00.00,02/02/2024 17:29:30,103,72,/LeagueTable/AthleticsDisciplineResults/44549?isModal=True,1,1,72,2024-02-02 00:00:00,2024,17:29:30,Passed,2,"LIEL NIKOLAEV, OMER SHANI, ronen pesin, ron charnitsky",,Maccabbi Weisgal,2,3,02:30.00,317,Preliminary
243,8,376,376,מוקדמות אליפות צעירים חלק א',comp.asp?compID=466,43,https://loglig.com:2053/LeagueTable/AthleticsDisciplines/10031,41,4X50m Medley Relay Mix,Mix 12,00:00.00,02/02/2024 17:29:30,103,72,/LeagueTable/AthleticsDisciplineResults/44549?isModal=True,1,1,72,2024-02-02 00:00:00,2024,17:29:30,Passed,9,"Eitan Barak, Karin Margolis, NITAY BEN YOSEF, Lia Goralik",,Maccabbi Weisgal,2,2,02:43.90,166,Preliminary
244,16,377,377,מוקדמות אליפות צעירים חלק א',comp.asp?compID=466,43,https://loglig.com:2053/LeagueTable/AthleticsDisciplines/10031,42,4X50m Medley Relay Mix,Mix 13-14,00:00.00,02/02/2024 17:39:30,109,80,/LeagueTable/AthleticsDisciplineResults/44551?isModal=True,1,1,80,2024-02-02 00:00:00,2024,17:39:30,Passed,14,"EMILY KUKLINSKY, GILAD HOLAND, Yehonatan Nahoum, TAMAR AROUETTY",,Maccabbi Weisgal,3,1,DQ,0,Preliminary
245,19,377,377,מוקדמות אליפות צעירים חלק א',comp.asp?compID=466,43,https://loglig.com:2053/LeagueTable/AthleticsDisciplines/10031,42,4X50m Medley Relay Mix,Mix 13-14,00:00.00,02/02/2024 17:39:30,109,80,/LeagueTable/AthleticsDisciplineResults/44551?isModal=True,1,1,80,2024-02-02 00:00:00,2024,17:39:30,Passed,14,"DROR HASIDI, YUVAL ORI, BEN KISHINEVSKI, BAR STACHI",,Maccabbi Weisgal,3,8,DQ,0,Preliminary
246,7,381,381,מוקדמות אליפות צעירים חלק א',comp.asp?compID=466,43,https://loglig.com:2053/LeagueTable/AthleticsDisciplines/10031,46,400m Individual Medley,Boys 13,06:10.00,10/02/2024 09:51:00,8,8,/LeagueTable/AthleticsDisciplineResults/44528?isModal=True,1,1,8,2024-02-10 00:00:00,2024,09:51:00,Passed,8,YOTAM RAIZNER,2011,Maccabbi Weisgal,1,6,06:09.55,256,Preliminary
247,0,383,383,מוקדמות אליפות צעירים חלק א',comp.asp?compID=466,43,https://loglig.com:2053/LeagueTable/AthleticsDisciplines/10031,49,200m Breaststroke,Girls 12,03:40.00,10/02/2024 10:12:00,10,10,/LeagueTable/AthleticsDisciplineResults/44488?isModal=True,1,1,10,2024-02-10 00:00:00,2024,10:12:00,Passed,1,OMER SHANI,2012,Maccabbi Weisgal,1,4,03:15.55,325,Preliminary
248,3,383,383,מוקדמות אליפות צעירים חלק א',comp.asp?compID=466,43,https://loglig.com:2053/LeagueTable/AthleticsDisciplines/10031,49,200m Breaststroke,Girls 12,03:40.00,10/02/2024 10:12:00,10,10,/LeagueTable/AthleticsDisciplineResults/44488?isModal=True,1,1,10,2024-02-10 00:00:00,2024,10:12:00,Passed,4,Karin Margolis,2012,Maccabbi Weisgal,1,5,03:25.11,282,Preliminary
249,2,384,384,מוקדמות אליפות צעירים חלק א',comp.asp?compID=466,43,https://loglig.com:2053/LeagueTable/AthleticsDisciplines/10031,50,200m Breaststroke,Boys 12,03:35.00,10/02/2024 10:17:00,17,14,/LeagueTable/AthleticsDisciplineResults/44512?isModal=True,1,1,14,2024-02-10 00:00:00,2024,10:17:00,Passed,3,ronen pesin,2012,Maccabbi Weisgal,2,3,03:07.24,264,Preliminary
250,12,386,386,מוקדמות אליפות צעירים חלק א',comp.asp?compID=466,43,https://loglig.com:2053/LeagueTable/AthleticsDisciplines/10031,52,200m Breaststroke,Boys 13,03:25.00,10/02/2024 10:35:00,18,15,/LeagueTable/AthleticsDisciplineResults/44524?isModal=True,1,1,15,2024-02-10 00:00:00,2024,10:35:00,Passed,13,RON EZRA,2011,Maccabbi Weisgal,2,7,03:18.18,222,Preliminary
251,6,387,387,מוקדמות אליפות צעירים חלק א',comp.asp?compID=466,43,https://loglig.com:2053/LeagueTable/AthleticsDisciplines/10031,54,200m Breaststroke,Boys 14,03:15.00,10/02/2024 10:44:00,24,21,/LeagueTable/AthleticsDisciplineResults/44536?isModal=True,1,1,21,2024-02-10 00:00:00,2024,10:44:00,Passed,7,GILAD HOLAND,2010,Maccabbi Weisgal,3,3,02:51.42,344,Preliminary
252,2,388,388,מוקדמות אליפות צעירים חלק א',comp.asp?compID=466,43,https://loglig.com:2053/LeagueTable/AthleticsDisciplines/10031,55,100m Backstroke,Girls 12,01:40.00,10/02/2024 10:57:30,22,21,/LeagueTable/AthleticsDisciplineResults/44481?isModal=True,1,1,21,2024-02-10 00:00:00,2024,10:57:30,Passed,3,LIEL NIKOLAEV,2012,Maccabbi Weisgal,3,3,01:23.15,287,Preliminary
253,17,388,388,מוקדמות אליפות צעירים חלק א',comp.asp?compID=466,43,https://loglig.com:2053/LeagueTable/AthleticsDisciplines/10031,55,100m Backstroke,Girls 12,01:40.00,10/02/2024 10:57:30,22,21,/LeagueTable/AthleticsDisciplineResults/44481?isModal=True,1,1,21,2024-02-10 00:00:00,2024,10:57:30,Passed,18,HADAR BACHAR,2012,Maccabbi Weisgal,3,9,01:40.56 NMin,162,Preliminary
254,8,389,389,מוקדמות אליפות צעירים חלק א',comp.asp?compID=466,43,https://loglig.com:2053/LeagueTable/AthleticsDisciplines/10031,56,100m Backstroke,Boys 12,01:35.00,10/02/2024 11:05:00,40,39,/LeagueTable/AthleticsDisciplineResults/44505?isModal=True,1,1,39,2024-02-10 00:00:00,2024,11:05:00,Passed,9,YHALI AZARZAR,2012,Maccabbi Weisgal,2,7,01:21.43,209,Preliminary
255,16,389,389,מוקדמות אליפות צעירים חלק א',comp.asp?compID=466,43,https://loglig.com:2053/LeagueTable/AthleticsDisciplines/10031,56,100m Backstroke,Boys 12,01:35.00,10/02/2024 11:05:00,40,39,/LeagueTable/AthleticsDisciplineResults/44505?isModal=True,1,1,39,2024-02-10 00:00:00,2024,11:05:00,Passed,17,Eitan Barak,2012,Maccabbi Weisgal,3,4,01:23.10,196,Preliminary
256,18,389,389,מוקדמות אליפות צעירים חלק א',comp.asp?compID=466,43,https://loglig.com:2053/LeagueTable/AthleticsDisciplines/10031,56,100m Backstroke,Boys 12,01:35.00,10/02/2024 11:05:00,40,39,/LeagueTable/AthleticsDisciplineResults/44505?isModal=True,1,1,39,2024-02-10 00:00:00,2024,11:05:00,Passed,19,ron charnitsky,2012,Maccabbi Weisgal,2,5,01:23.88,191,Preliminary
257,35,389,389,מוקדמות אליפות צעירים חלק א',comp.asp?compID=466,43,https://loglig.com:2053/LeagueTable/AthleticsDisciplines/10031,56,100m Backstroke,Boys 12,01:35.00,10/02/2024 11:05:00,40,39,/LeagueTable/AthleticsDisciplineResults/44505?isModal=True,1,1,39,2024-02-10 00:00:00,2024,11:05:00,Passed,36,OZ BEN DAVID,2012,Maccabbi Weisgal,1,2,01:34.99,131,Preliminary
258,38,389,389,מוקדמות אליפות צעירים חלק א',comp.asp?compID=466,43,https://loglig.com:2053/LeagueTable/AthleticsDisciplines/10031,56,100m Backstroke,Boys 12,01:35.00,10/02/2024 11:05:00,40,39,/LeagueTable/AthleticsDisciplineResults/44505?isModal=True,1,1,39,2024-02-10 00:00:00,2024,11:05:00,Passed,39,Yaniv Grovman,2012,Maccabbi Weisgal,1,4,01:42.32 NMin,105,Preliminary
259,12,390,390,מוקדמות אליפות צעירים חלק א',comp.asp?compID=466,43,https://loglig.com:2053/LeagueTable/AthleticsDisciplines/10031,57,100m Backstroke,Girls 13,01:35.00,10/02/2024 11:15:00,30,27,/LeagueTable/AthleticsDisciplineResults/44493?isModal=True,1,1,27,2024-02-10 00:00:00,2024,11:15:00,Passed,13,TAMAR AROUETTY,2011,Maccabbi Weisgal,2,5,01:20.50,317,Preliminary
260,15,390,390,מוקדמות אליפות צעירים חלק א',comp.asp?compID=466,43,https://loglig.com:2053/LeagueTable/AthleticsDisciplines/10031,57,100m Backstroke,Girls 13,01:35.00,10/02/2024 11:15:00,30,27,/LeagueTable/AthleticsDisciplineResults/44493?isModal=True,1,1,27,2024-02-10 00:00:00,2024,11:15:00,Passed,16,EMILY KUKLINSKY,2011,Maccabbi Weisgal,2,6,01:23.32,285,Preliminary
261,12,391,391,מוקדמות אליפות צעירים חלק א',comp.asp?compID=466,43,https://loglig.com:2053/LeagueTable/AthleticsDisciplines/10031,58,100m Backstroke,Boys 13,01:30.00,10/02/2024 11:22:30,37,37,/LeagueTable/AthleticsDisciplineResults/44517?isModal=True,1,1,37,2024-02-10 00:00:00,2024,11:22:30,Passed,13,BEN KISHINEVSKI,2011,Maccabbi Weisgal,4,1,01:17.48,242,Preliminary
262,21,391,391,מוקדמות אליפות צעירים חלק א',comp.asp?compID=466,43,https://loglig.com:2053/LeagueTable/AthleticsDisciplines/10031,58,100m Backstroke,Boys 13,01:30.00,10/02/2024 11:22:30,37,37,/LeagueTable/AthleticsDisciplineResults/44517?isModal=True,1,1,37,2024-02-10 00:00:00,2024,11:22:30,Passed,22,ITAY AVNY,2011,Maccabbi Weisgal,3,8,01:22.10,203,Preliminary
263,13,392,392,מוקדמות אליפות צעירים חלק א',comp.asp?compID=466,43,https://loglig.com:2053/LeagueTable/AthleticsDisciplines/10031,60,100m Backstroke,Boys 14,01:25.00,10/02/2024 11:32:30,41,35,/LeagueTable/AthleticsDisciplineResults/44529?isModal=True,1,1,35,2024-02-10 00:00:00,2024,11:32:30,Passed,14,DROR HASIDI,2010,Maccabbi Weisgal,4,2,01:13.19,287,Preliminary
264,16,392,392,מוקדמות אליפות צעירים חלק א',comp.asp?compID=466,43,https://loglig.com:2053/LeagueTable/AthleticsDisciplines/10031,60,100m Backstroke,Boys 14,01:25.00,10/02/2024 11:32:30,41,35,/LeagueTable/AthleticsDisciplineResults/44529?isModal=True,1,1,35,2024-02-10 00:00:00,2024,11:32:30,Passed,17,Yehonatan Nahoum,2010,Maccabbi Weisgal,4,8,01:13.61,283,Preliminary
265,22,392,392,מוקדמות אליפות צעירים חלק א',comp.asp?compID=466,43,https://loglig.com:2053/LeagueTable/AthleticsDisciplines/10031,60,100m Backstroke,Boys 14,01:25.00,10/02/2024 11:32:30,41,35,/LeagueTable/AthleticsDisciplineResults/44529?isModal=True,1,1,35,2024-02-10 00:00:00,2024,11:32:30,Passed,23,Yahel Berihun,2010,Maccabbi Weisgal,3,9,01:16.97,247,Preliminary
266,23,392,392,מוקדמות אליפות צעירים חלק א',comp.asp?compID=466,43,https://loglig.com:2053/LeagueTable/AthleticsDisciplines/10031,60,100m Backstroke,Boys 14,01:25.00,10/02/2024 11:32:30,41,35,/LeagueTable/AthleticsDisciplineResults/44529?isModal=True,1,1,35,2024-02-10 00:00:00,2024,11:32:30,Passed,24,ROZENSHTRAKH ITAMAR,2010,Maccabbi Weisgal,3,1,01:17.30,244,Preliminary
267,28,392,392,מוקדמות אליפות צעירים חלק א',comp.asp?compID=466,43,https://loglig.com:2053/LeagueTable/AthleticsDisciplines/10031,60,100m Backstroke,Boys 14,01:25.00,10/02/2024 11:32:30,41,35,/LeagueTable/AthleticsDisciplineResults/44529?isModal=True,1,1,35,2024-02-10 00:00:00,2024,11:32:30,Passed,29,ITAY PEKLRE,2010,Maccabbi Weisgal,2,5,01:21.71,206,Preliminary
268,7,393,393,מוקדמות אליפות צעירים חלק א',comp.asp?compID=466,43,https://loglig.com:2053/LeagueTable/AthleticsDisciplines/10031,61,4X50m Freestyle Relay,Girls 12-13,00:00.00,10/02/2024 11:45:00,94,76,/LeagueTable/AthleticsDisciplineResults/44552?isModal=True,1,1,76,2024-02-10 00:00:00,2024,11:45:00,Passed,8,"OMER SHANI, EMILY KUKLINSKY, BAR STACHI, TAMAR AROUETTY",,Maccabbi Weisgal,2,2,02:12.29,341,Preliminary
269,3,394,394,מוקדמות אליפות צעירים חלק א',comp.asp?compID=466,43,https://loglig.com:2053/LeagueTable/AthleticsDisciplines/10031,62,4X50m Freestyle Relay,Boys 12,00:00.00,10/02/2024 11:55:00,76,68,/LeagueTable/AthleticsDisciplineResults/44554?isModal=True,1,1,68,2024-02-10 00:00:00,2024,11:55:00,Passed,4,"ron charnitsky, Eitan Barak, YHALI AZARZAR, ronen pesin",,Maccabbi Weisgal,2,2,02:11.69,239,Preliminary
270,12,394,394,מוקדמות אליפות צעירים חלק א',comp.asp?compID=466,43,https://loglig.com:2053/LeagueTable/AthleticsDisciplines/10031,62,4X50m Freestyle Relay,Boys 12,00:00.00,10/02/2024 11:55:00,76,68,/LeagueTable/AthleticsDisciplineResults/44554?isModal=True,1,1,68,2024-02-10 00:00:00,2024,11:55:00,Passed,13,"NITAY BEN YOSEF, Yaniv Grovman, OZ BEN DAVID, EVAN MICHELSON",,Maccabbi Weisgal,2,1,02:24.58,181,Preliminary
271,14,395,395,מוקדמות אליפות צעירים חלק א',comp.asp?compID=466,43,https://loglig.com:2053/LeagueTable/AthleticsDisciplines/10031,64,4X50m Freestyle Relay,,00:00.00,10/02/2024 12:05:00,140,112,/LeagueTable/AthleticsDisciplineResults/44556?isModal=True,1,1,112,2024-02-10 00:00:00,2024,12:05:00,Passed,15,"GILAD HOLAND, BEN KISHINEVSKI, DROR HASIDI, Yehonatan Nahoum",,Maccabbi Weisgal,3,7,02:01.28,306,Preliminary
272,20,395,395,מוקדמות אליפות צעירים חלק א',comp.asp?compID=466,43,https://loglig.com:2053/LeagueTable/AthleticsDisciplines/10031,64,4X50m Freestyle Relay,,00:00.00,10/02/2024 12:05:00,140,112,/LeagueTable/AthleticsDisciplineResults/44556?isModal=True,1,1,112,2024-02-10 00:00:00,2024,12:05:00,Passed,21,"RON EZRA, ITAY PEKLRE, ROZENSHTRAKH ITAMAR, Yahel Berihun",,Maccabbi Weisgal,3,8,02:09.49,252,Preliminary
273,4,397,397,מוקדמות אליפות צעירים חלק א',comp.asp?compID=466,43,https://loglig.com:2053/LeagueTable/AthleticsDisciplines/10031,66,100m Butterfly,Boys 12,01:40.00,10/02/2024 14:20:00,14,14,/LeagueTable/AthleticsDisciplineResults/44509?isModal=True,1,1,14,2024-02-10 00:00:00,2024,14:20:00,Passed,5,ronen pesin,2012,Maccabbi Weisgal,2,6,01:20.20,211,Preliminary
274,6,397,397,מוקדמות אליפות צעירים חלק א',comp.asp?compID=466,43,https://loglig.com:2053/LeagueTable/AthleticsDisciplines/10031,66,100m Butterfly,Boys 12,01:40.00,10/02/2024 14:20:00,14,14,/LeagueTable/AthleticsDisciplineResults/44509?isModal=True,1,1,14,2024-02-10 00:00:00,2024,14:20:00,Passed,7,Yahli Moshe,2012,Maccabbi Weisgal,1,6,01:24.69,179,Preliminary
275,13,397,397,מוקדמות אליפות צעירים חלק א',comp.asp?compID=466,43,https://loglig.com:2053/LeagueTable/AthleticsDisciplines/10031,66,100m Butterfly,Boys 12,01:40.00,10/02/2024 14:20:00,14,14,/LeagueTable/AthleticsDisciplineResults/44509?isModal=True,1,1,14,2024-02-10 00:00:00,2024,14:20:00,Passed,14,OZ BEN DAVID,2012,Maccabbi Weisgal,1,5,01:43.38 NMin,98,Preliminary
276,8,399,399,מוקדמות אליפות צעירים חלק א',comp.asp?compID=466,43,https://loglig.com:2053/LeagueTable/AthleticsDisciplines/10031,68,100m Butterfly,Boys 13,01:35.00,10/02/2024 14:30:30,22,22,/LeagueTable/AthleticsDisciplineResults/44521?isModal=True,1,1,22,2024-02-10 00:00:00,2024,14:30:30,Passed,9,YOTAM RAIZNER,2011,Maccabbi Weisgal,3,8,01:19.11,220,Preliminary
277,10,399,399,מוקדמות אליפות צעירים חלק א',comp.asp?compID=466,43,https://loglig.com:2053/LeagueTable/AthleticsDisciplines/10031,68,100m Butterfly,Boys 13,01:35.00,10/02/2024 14:30:30,22,22,/LeagueTable/AthleticsDisciplineResults/44521?isModal=True,1,1,22,2024-02-10 00:00:00,2024,14:30:30,Passed,11,RON EZRA,2011,Maccabbi Weisgal,3,0,01:21.94,198,Preliminary
278,15,400,400,מוקדמות אליפות צעירים חלק א',comp.asp?compID=466,43,https://loglig.com:2053/LeagueTable/AthleticsDisciplines/10031,70,100m Butterfly,Boys 14,01:30.00,10/02/2024 14:38:00,25,24,/LeagueTable/AthleticsDisciplineResults/44533?isModal=True,1,1,24,2024-02-10 00:00:00,2024,14:38:00,Passed,16,Yehonatan Nahoum,2010,Maccabbi Weisgal,2,8,01:15.59,252,Preliminary
279,18,400,400,מוקדמות אליפות צעירים חלק א',comp.asp?compID=466,43,https://loglig.com:2053/LeagueTable/AthleticsDisciplines/10031,70,100m Butterfly,Boys 14,01:30.00,10/02/2024 14:38:00,25,24,/LeagueTable/AthleticsDisciplineResults/44533?isModal=True,1,1,24,2024-02-10 00:00:00,2024,14:38:00,Passed,19,ITAY PEKLRE,2010,Maccabbi Weisgal,2,0,01:19.02,221,Preliminary
280,9,402,402,מוקדמות אליפות צעירים חלק א',comp.asp?compID=466,43,https://loglig.com:2053/LeagueTable/AthleticsDisciplines/10031,72,200m Freestyle,Boys 12,02:55.00,10/02/2024 14:53:30,22,21,/LeagueTable/AthleticsDisciplineResults/44511?isModal=True,1,1,21,2024-02-10 00:00:00,2024,14:53:30,Passed,10,ron charnitsky,2012,Maccabbi Weisgal,2,2,02:34.53,265,Preliminary
281,13,402,402,מוקדמות אליפות צעירים חלק א',comp.asp?compID=466,43,https://loglig.com:2053/LeagueTable/AthleticsDisciplines/10031,72,200m Freestyle,Boys 12,02:55.00,10/02/2024 14:53:30,22,21,/LeagueTable/AthleticsDisciplineResults/44511?isModal=True,1,1,21,2024-02-10 00:00:00,2024,14:53:30,Passed,14,NITAY BEN YOSEF,2012,Maccabbi Weisgal,1,4,02:43.50,224,Preliminary
282,17,402,402,מוקדמות אליפות צעירים חלק א',comp.asp?compID=466,43,https://loglig.com:2053/LeagueTable/AthleticsDisciplines/10031,72,200m Freestyle,Boys 12,02:55.00,10/02/2024 14:53:30,22,21,/LeagueTable/AthleticsDisciplineResults/44511?isModal=True,1,1,21,2024-02-10 00:00:00,2024,14:53:30,Passed,18,Eitan Barak,2012,Maccabbi Weisgal,2,4,02:45.13,217,Preliminary
283,3,403,403,מוקדמות אליפות צעירים חלק א',comp.asp?compID=466,43,https://loglig.com:2053/LeagueTable/AthleticsDisciplines/10031,73,200m Freestyle,Girls 13,02:50.00,10/02/2024 15:05:30,27,22,/LeagueTable/AthleticsDisciplineResults/44499?isModal=True,1,1,22,2024-02-10 00:00:00,2024,15:05:30,Passed,4,TAMAR AROUETTY,2011,Maccabbi Weisgal,3,8,02:26.71,425,Preliminary
284,15,403,403,מוקדמות אליפות צעירים חלק א',comp.asp?compID=466,43,https://loglig.com:2053/LeagueTable/AthleticsDisciplines/10031,73,200m Freestyle,Girls 13,02:50.00,10/02/2024 15:05:30,27,22,/LeagueTable/AthleticsDisciplineResults/44499?isModal=True,1,1,22,2024-02-10 00:00:00,2024,15:05:30,Passed,16,BAR STACHI,2011,Maccabbi Weisgal,2,7,02:40.79,322,Preliminary
285,9,406,406,מוקדמות אליפות צעירים חלק א',comp.asp?compID=466,43,https://loglig.com:2053/LeagueTable/AthleticsDisciplines/10031,77,200m Backstroke,Girls 12,03:20.00,10/02/2024 15:31:30,10,9,/LeagueTable/AthleticsDisciplineResults/44486?isModal=True,1,1,9,2024-02-10 00:00:00,2024,15:31:30,Passed,10,LIEL NIKOLAEV,2012,Maccabbi Weisgal,1,5,NS,0,Preliminary
286,4,407,407,מוקדמות אליפות צעירים חלק א',comp.asp?compID=466,43,https://loglig.com:2053/LeagueTable/AthleticsDisciplines/10031,78,200m Backstroke,Boys 12,03:15.00,10/02/2024 15:35:30,20,18,/LeagueTable/AthleticsDisciplineResults/44510?isModal=True,1,1,18,2024-02-10 00:00:00,2024,15:35:30,Passed,5,Eitan Barak,2012,Maccabbi Weisgal,2,7,02:54.66,221,Preliminary
287,8,407,407,מוקדמות אליפות צעירים חלק א',comp.asp?compID=466,43,https://loglig.com:2053/LeagueTable/AthleticsDisciplines/10031,78,200m Backstroke,Boys 12,03:15.00,10/02/2024 15:35:30,20,18,/LeagueTable/AthleticsDisciplineResults/44510?isModal=True,1,1,18,2024-02-10 00:00:00,2024,15:35:30,Passed,9,YHALI AZARZAR,2012,Maccabbi Weisgal,2,8,02:58.11,208,Preliminary
288,7,409,409,מוקדמות אליפות צעירים חלק א',comp.asp?compID=466,43,https://loglig.com:2053/LeagueTable/AthleticsDisciplines/10031,80,200m Backstroke,Boys 13,03:10.00,10/02/2024 15:51:30,26,25,/LeagueTable/AthleticsDisciplineResults/44522?isModal=True,1,1,25,2024-02-10 00:00:00,2024,15:51:30,Passed,8,BEN KISHINEVSKI,2011,Maccabbi Weisgal,3,3,02:41.99,277,Preliminary
289,16,409,409,מוקדמות אליפות צעירים חלק א',comp.asp?compID=466,43,https://loglig.com:2053/LeagueTable/AthleticsDisciplines/10031,80,200m Backstroke,Boys 13,03:10.00,10/02/2024 15:51:30,26,25,/LeagueTable/AthleticsDisciplineResults/44522?isModal=True,1,1,25,2024-02-10 00:00:00,2024,15:51:30,Passed,17,ITAY AVNY,2011,Maccabbi Weisgal,3,9,02:54.17,223,Preliminary
290,13,410,410,מוקדמות אליפות צעירים חלק א',comp.asp?compID=466,43,https://loglig.com:2053/LeagueTable/AthleticsDisciplines/10031,82,200m Backstroke,Boys 14,03:00.00,10/02/2024 16:03:30,27,26,/LeagueTable/AthleticsDisciplineResults/44534?isModal=True,1,1,26,2024-02-10 00:00:00,2024,16:03:30,Passed,14,DROR HASIDI,2010,Maccabbi Weisgal,2,5,02:39.56,290,Preliminary
291,18,410,410,מוקדמות אליפות צעירים חלק א',comp.asp?compID=466,43,https://loglig.com:2053/LeagueTable/AthleticsDisciplines/10031,82,200m Backstroke,Boys 14,03:00.00,10/02/2024 16:03:30,27,26,/LeagueTable/AthleticsDisciplineResults/44534?isModal=True,1,1,26,2024-02-10 00:00:00,2024,16:03:30,Passed,19,ROZENSHTRAKH ITAMAR,2010,Maccabbi Weisgal,2,0,02:46.46,255,Preliminary
292,19,410,410,מוקדמות אליפות צעירים חלק א',comp.asp?compID=466,43,https://loglig.com:2053/LeagueTable/AthleticsDisciplines/10031,82,200m Backstroke,Boys 14,03:00.00,10/02/2024 16:03:30,27,26,/LeagueTable/AthleticsDisciplineResults/44534?isModal=True,1,1,26,2024-02-10 00:00:00,2024,16:03:30,Passed,20,Yahel Berihun,2010,Maccabbi Weisgal,2,8,02:46.90,253,Preliminary
293,5,411,411,מוקדמות אליפות צעירים חלק א',comp.asp?compID=466,43,https://loglig.com:2053/LeagueTable/AthleticsDisciplines/10031,83,100m Individual Medley,Girls 12,01:40.00,10/02/2024 16:15:30,32,30,/LeagueTable/AthleticsDisciplineResults/44484?isModal=True,1,1,30,2024-02-10 00:00:00,2024,16:15:30,Passed,6,OMER SHANI,2012,Maccabbi Weisgal,4,7,01:25.05,293,Preliminary
294,7,411,411,מוקדמות אליפות צעירים חלק א',comp.asp?compID=466,43,https://loglig.com:2053/LeagueTable/AthleticsDisciplines/10031,83,100m Individual Medley,Girls 12,01:40.00,10/02/2024 16:15:30,32,30,/LeagueTable/AthleticsDisciplineResults/44484?isModal=True,1,1,30,2024-02-10 00:00:00,2024,16:15:30,Passed,8,Karin Margolis,2012,Maccabbi Weisgal,4,1,01:26.61,277,Preliminary
295,20,411,411,מוקדמות אליפות צעירים חלק א',comp.asp?compID=466,43,https://loglig.com:2053/LeagueTable/AthleticsDisciplines/10031,83,100m Individual Medley,Girls 12,01:40.00,10/02/2024 16:15:30,32,30,/LeagueTable/AthleticsDisciplineResults/44484?isModal=True,1,1,30,2024-02-10 00:00:00,2024,16:15:30,Passed,21,HADAR BACHAR,2012,Maccabbi Weisgal,1,3,01:36.02,203,Preliminary
296,30,411,411,מוקדמות אליפות צעירים חלק א',comp.asp?compID=466,43,https://loglig.com:2053/LeagueTable/AthleticsDisciplines/10031,83,100m Individual Medley,Girls 12,01:40.00,10/02/2024 16:15:30,32,30,/LeagueTable/AthleticsDisciplineResults/44484?isModal=True,1,1,30,2024-02-10 00:00:00,2024,16:15:30,Passed,31,Lia Goralik,2012,Maccabbi Weisgal,1,4,NS,0,Preliminary
297,31,411,411,מוקדמות אליפות צעירים חלק א',comp.asp?compID=466,43,https://loglig.com:2053/LeagueTable/AthleticsDisciplines/10031,83,100m Individual Medley,Girls 12,01:40.00,10/02/2024 16:15:30,32,30,/LeagueTable/AthleticsDisciplineResults/44484?isModal=True,1,1,30,2024-02-10 00:00:00,2024,16:15:30,Passed,31,SAPIR KAUSHANSKY,2012,Maccabbi Weisgal,1,5,NS,0,Preliminary
298,5,412,412,מוקדמות אליפות צעירים חלק א',comp.asp?compID=466,43,https://loglig.com:2053/LeagueTable/AthleticsDisciplines/10031,84,100m Individual Medley,Boys 12,01:35.00,10/02/2024 16:25:30,25,24,/LeagueTable/AthleticsDisciplineResults/44508?isModal=True,1,1,24,2024-02-10 00:00:00,2024,16:25:30,Passed,6,NITAY BEN YOSEF,2012,Maccabbi Weisgal,3,1,01:22.97,209,Preliminary
299,6,412,412,מוקדמות אליפות צעירים חלק א',comp.asp?compID=466,43,https://loglig.com:2053/LeagueTable/AthleticsDisciplines/10031,84,100m Individual Medley,Boys 12,01:35.00,10/02/2024 16:25:30,25,24,/LeagueTable/AthleticsDisciplineResults/44508?isModal=True,1,1,24,2024-02-10 00:00:00,2024,16:25:30,Passed,7,Yahli Moshe,2012,Maccabbi Weisgal,1,5,01:23.28,207,Preliminary
300,9,412,412,מוקדמות אליפות צעירים חלק א',comp.asp?compID=466,43,https://loglig.com:2053/LeagueTable/AthleticsDisciplines/10031,84,100m Individual Medley,Boys 12,01:35.00,10/02/2024 16:25:30,25,24,/LeagueTable/AthleticsDisciplineResults/44508?isModal=True,1,1,24,2024-02-10 00:00:00,2024,16:25:30,Passed,10,YHALI AZARZAR,2012,Maccabbi Weisgal,3,0,01:27.70,177,Preliminary
301,9,413,413,מוקדמות אליפות צעירים חלק א',comp.asp?compID=466,43,https://loglig.com:2053/LeagueTable/AthleticsDisciplines/10031,85,100m Individual Medley,Girls 13,01:40.00,10/02/2024 16:33:00,18,18,/LeagueTable/AthleticsDisciplineResults/44496?isModal=True,1,1,18,2024-02-10 00:00:00,2024,16:33:00,Passed,10,EMILY KUKLINSKY,2011,Maccabbi Weisgal,1,1,01:25.35,290,Preliminary
302,16,413,413,מוקדמות אליפות צעירים חלק א',comp.asp?compID=466,43,https://loglig.com:2053/LeagueTable/AthleticsDisciplines/10031,85,100m Individual Medley,Girls 13,01:40.00,10/02/2024 16:33:00,18,18,/LeagueTable/AthleticsDisciplineResults/44496?isModal=True,1,1,18,2024-02-10 00:00:00,2024,16:33:00,Passed,17,YUVAL ORI,2011,Maccabbi Weisgal,1,8,01:34.75,212,Preliminary
303,18,414,414,מוקדמות אליפות צעירים חלק א',comp.asp?compID=466,43,https://loglig.com:2053/LeagueTable/AthleticsDisciplines/10031,86,100m Individual Medley,Boys 13,01:30.00,10/02/2024 16:38:00,48,46,/LeagueTable/AthleticsDisciplineResults/44520?isModal=True,1,1,46,2024-02-10 00:00:00,2024,16:38:00,Passed,19,RON EZRA,2011,Maccabbi Weisgal,4,6,01:22.43,213,Preliminary
304,19,414,414,מוקדמות אליפות צעירים חלק א',comp.asp?compID=466,43,https://loglig.com:2053/LeagueTable/AthleticsDisciplines/10031,86,100m Individual Medley,Boys 13,01:30.00,10/02/2024 16:38:00,48,46,/LeagueTable/AthleticsDisciplineResults/44520?isModal=True,1,1,46,2024-02-10 00:00:00,2024,16:38:00,Passed,20,MAAYAN MAROUANI,2011,Maccabbi Weisgal,4,0,01:22.51,213,Preliminary
305,37,414,414,מוקדמות אליפות צעירים חלק א',comp.asp?compID=466,43,https://loglig.com:2053/LeagueTable/AthleticsDisciplines/10031,86,100m Individual Medley,Boys 13,01:30.00,10/02/2024 16:38:00,48,46,/LeagueTable/AthleticsDisciplineResults/44520?isModal=True,1,1,46,2024-02-10 00:00:00,2024,16:38:00,Passed,38,RAFAEL HECHT,2011,Maccabbi Weisgal,4,9,01:29.10,169,Preliminary
306,13,415,415,מוקדמות אליפות צעירים חלק א',comp.asp?compID=466,43,https://loglig.com:2053/LeagueTable/AthleticsDisciplines/10031,88,100m Individual Medley,Boys 14,01:25.00,10/02/2024 16:50:30,36,31,/LeagueTable/AthleticsDisciplineResults/44532?isModal=True,1,1,31,2024-02-10 00:00:00,2024,16:50:30,Passed,14,GILAD HOLAND,2010,Maccabbi Weisgal,3,8,01:14.46,289,Preliminary
307,26,415,415,מוקדמות אליפות צעירים חלק א',comp.asp?compID=466,43,https://loglig.com:2053/LeagueTable/AthleticsDisciplines/10031,88,100m Individual Medley,Boys 14,01:25.00,10/02/2024 16:50:30,36,31,/LeagueTable/AthleticsDisciplineResults/44532?isModal=True,1,1,31,2024-02-10 00:00:00,2024,16:50:30,Passed,27,Yahel Berihun,2010,Maccabbi Weisgal,2,6,01:21.56,220,Preliminary
308,8,416,416,מוקדמות אליפות צעירים חלק א',comp.asp?compID=466,43,https://loglig.com:2053/LeagueTable/AthleticsDisciplines/10031,89,4X50m Medley Relay,Girls 12-13,00:00.00,10/02/2024 17:00:30,92,76,/LeagueTable/AthleticsDisciplineResults/44553?isModal=True,1,1,76,2024-02-10 00:00:00,2024,17:00:30,Passed,9,"EMILY KUKLINSKY, OMER SHANI, TAMAR AROUETTY, BAR STACHI",,Maccabbi Weisgal,2,2,02:36.38,280,Preliminary
309,4,417,417,מוקדמות אליפות צעירים חלק א',comp.asp?compID=466,43,https://loglig.com:2053/LeagueTable/AthleticsDisciplines/10031,90,4X50m Medley Relay,Boys 12,00:00.00,10/02/2024 17:10:30,77,68,/LeagueTable/AthleticsDisciplineResults/44555?isModal=True,1,1,68,2024-02-10 00:00:00,2024,17:10:30,Passed,5,"Eitan Barak, ronen pesin, NITAY BEN YOSEF, ron charnitsky",,Maccabbi Weisgal,2,7,02:28.64,223,Preliminary
310,15,417,417,מוקדמות אליפות צעירים חלק א',comp.asp?compID=466,43,https://loglig.com:2053/LeagueTable/AthleticsDisciplines/10031,90,4X50m Medley Relay,Boys 12,00:00.00,10/02/2024 17:10:30,77,68,/LeagueTable/AthleticsDisciplineResults/44555?isModal=True,1,1,68,2024-02-10 00:00:00,2024,17:10:30,Passed,16,"YHALI AZARZAR, Yaniv Grovman, OZ BEN DAVID, EVAN MICHELSON",,Maccabbi Weisgal,2,1,02:55.96,134,Preliminary
311,13,418,418,מוקדמות אליפות צעירים חלק א',comp.asp?compID=466,43,https://loglig.com:2053/LeagueTable/AthleticsDisciplines/10031,92,4X50m Medley Relay,,00:00.00,10/02/2024 17:20:30,132,108,/LeagueTable/AthleticsDisciplineResults/44557?isModal=True,1,1,108,2024-02-10 00:00:00,2024,17:20:30,Passed,14,"DROR HASIDI, GILAD HOLAND, Yehonatan Nahoum, BEN KISHINEVSKI",,Maccabbi Weisgal,3,7,02:15.18,296,Preliminary
312,21,418,418,מוקדמות אליפות צעירים חלק א',comp.asp?compID=466,43,https://loglig.com:2053/LeagueTable/AthleticsDisciplines/10031,92,4X50m Medley Relay,,00:00.00,10/02/2024 17:20:30,132,108,/LeagueTable/AthleticsDisciplineResults/44557?isModal=True,1,1,108,2024-02-10 00:00:00,2024,17:20:30,Passed,22,"Yahel Berihun, RON EZRA, ITAY PEKLRE, ROZENSHTRAKH ITAMAR",,Maccabbi Weisgal,3,1,02:28.89,221,Preliminary
313,1,496,496,מוקדמות אליפות צעירים חלק ב',comp.asp?compID=467,44,https://loglig.com:2053/LeagueTable/AthleticsDisciplines/10031,1,200m Individual Medley,Girls 12,03:20.00,02/02/2024 09:45:00,10,10,/LeagueTable/AthleticsDisciplineResults/44489?isModal=True,1,1,10,2024-02-02 00:00:00,2024,09:45:00,Passed,2,LIEL NIKOLAEV,2012,Maccabbi Weisgal,1,5,03:00.99,305,Preliminary
314,3,497,497,מוקדמות אליפות צעירים חלק ב',comp.asp?compID=467,44,https://loglig.com:2053/LeagueTable/AthleticsDisciplines/10031,2,200m Individual Medley,Boys 12,03:15.00,02/02/2024 09:49:00,16,16,/LeagueTable/AthleticsDisciplineResults/44513?isModal=True,1,1,16,2024-02-02 00:00:00,2024,09:49:00,Passed,4,ronen pesin,2012,Maccabbi Weisgal,2,2,02:51.62,260,Preliminary
315,9,497,497,מוקדמות אליפות צעירים חלק ב',comp.asp?compID=467,44,https://loglig.com:2053/LeagueTable/AthleticsDisciplines/10031,2,200m Individual Medley,Boys 12,03:15.00,02/02/2024 09:49:00,16,16,/LeagueTable/AthleticsDisciplineResults/44513?isModal=True,1,1,16,2024-02-02 00:00:00,2024,09:49:00,Passed,10,NITAY BEN YOSEF,2012,Maccabbi Weisgal,2,9,02:58.10,233,Preliminary
316,8,499,499,מוקדמות אליפות צעירים חלק ב',comp.asp?compID=467,44,https://loglig.com:2053/LeagueTable/AthleticsDisciplines/10031,4,200m Individual Medley,Boys 13,03:05.00,02/02/2024 10:05:00,22,22,/LeagueTable/AthleticsDisciplineResults/44525?isModal=True,1,1,22,2024-02-02 00:00:00,2024,10:05:00,Passed,9,BEN KISHINEVSKI,2011,Maccabbi Weisgal,3,7,02:47.14,282,Preliminary
317,13,499,499,מוקדמות אליפות צעירים חלק ב',comp.asp?compID=467,44,https://loglig.com:2053/LeagueTable/AthleticsDisciplines/10031,4,200m Individual Medley,Boys 13,03:05.00,02/02/2024 10:05:00,22,22,/LeagueTable/AthleticsDisciplineResults/44525?isModal=True,1,1,22,2024-02-02 00:00:00,2024,10:05:00,Passed,14,YOTAM RAIZNER,2011,Maccabbi Weisgal,2,6,02:52.42,257,Preliminary
318,16,499,499,מוקדמות אליפות צעירים חלק ב',comp.asp?compID=467,44,https://loglig.com:2053/LeagueTable/AthleticsDisciplines/10031,4,200m Individual Medley,Boys 13,03:05.00,02/02/2024 10:05:00,22,22,/LeagueTable/AthleticsDisciplineResults/44525?isModal=True,1,1,22,2024-02-02 00:00:00,2024,10:05:00,Passed,17,RON EZRA,2011,Maccabbi Weisgal,2,2,02:53.83,250,Preliminary
319,10,500,500,מוקדמות אליפות צעירים חלק ב',comp.asp?compID=467,44,https://loglig.com:2053/LeagueTable/AthleticsDisciplines/10031,5,200m Individual Medley,Boys 14,02:55.00,02/02/2024 10:15:30,33,33,/LeagueTable/AthleticsDisciplineResults/44537?isModal=True,1,1,33,2024-02-02 00:00:00,2024,10:15:30,Passed,11,GILAD HOLAND,2010,Maccabbi Weisgal,3,1,02:34.87,354,Preliminary
320,27,500,500,מוקדמות אליפות צעירים חלק ב',comp.asp?compID=467,44,https://loglig.com:2053/LeagueTable/AthleticsDisciplines/10031,5,200m Individual Medley,Boys 14,02:55.00,02/02/2024 10:15:30,33,33,/LeagueTable/AthleticsDisciplineResults/44537?isModal=True,1,1,33,2024-02-02 00:00:00,2024,10:15:30,Passed,28,ITAY PEKLRE,2010,Maccabbi Weisgal,2,2,02:52.33,257,Preliminary
321,29,500,500,מוקדמות אליפות צעירים חלק ב',comp.asp?compID=467,44,https://loglig.com:2053/LeagueTable/AthleticsDisciplines/10031,5,200m Individual Medley,Boys 14,02:55.00,02/02/2024 10:15:30,33,33,/LeagueTable/AthleticsDisciplineResults/44537?isModal=True,1,1,33,2024-02-02 00:00:00,2024,10:15:30,Passed,30,Yahel Berihun,2010,Maccabbi Weisgal,2,1,02:53.37,252,Preliminary
322,9,501,501,מוקדמות אליפות צעירים חלק ב',comp.asp?compID=467,44,https://loglig.com:2053/LeagueTable/AthleticsDisciplines/10031,7,50m Freestyle,Girls 12,00:37.50,02/02/2024 10:29:30,41,39,/LeagueTable/AthleticsDisciplineResults/44543?isModal=True,1,1,39,2024-02-02 00:00:00,2024,10:29:30,Passed,10,Karin Margolis,2012,Maccabbi Weisgal,3,2,00:35.07,279,Preliminary
323,10,501,501,מוקדמות אליפות צעירים חלק ב',comp.asp?compID=467,44,https://loglig.com:2053/LeagueTable/AthleticsDisciplines/10031,7,50m Freestyle,Girls 12,00:37.50,02/02/2024 10:29:30,41,39,/LeagueTable/AthleticsDisciplineResults/44543?isModal=True,1,1,39,2024-02-02 00:00:00,2024,10:29:30,Passed,11,SAPIR KAUSHANSKY,2012,Maccabbi Weisgal,4,4,00:35.20,276,Preliminary
324,14,501,501,מוקדמות אליפות צעירים חלק ב',comp.asp?compID=467,44,https://loglig.com:2053/LeagueTable/AthleticsDisciplines/10031,7,50m Freestyle,Girls 12,00:37.50,02/02/2024 10:29:30,41,39,/LeagueTable/AthleticsDisciplineResults/44543?isModal=True,1,1,39,2024-02-02 00:00:00,2024,10:29:30,Passed,15,Lia Goralik,2012,Maccabbi Weisgal,4,8,00:35.78,263,Preliminary
325,35,501,501,מוקדמות אליפות צעירים חלק ב',comp.asp?compID=467,44,https://loglig.com:2053/LeagueTable/AthleticsDisciplines/10031,7,50m Freestyle,Girls 12,00:37.50,02/02/2024 10:29:30,41,39,/LeagueTable/AthleticsDisciplineResults/44543?isModal=True,1,1,39,2024-02-02 00:00:00,2024,10:29:30,Passed,36,LI - CHEN OVADEA,2012,Maccabbi Weisgal,4,3,00:49.27 NMin,100,Preliminary
326,13,502,502,מוקדמות אליפות צעירים חלק ב',comp.asp?compID=467,44,https://loglig.com:2053/LeagueTable/AthleticsDisciplines/10031,8,50m Freestyle,Boys 12,00:35.50,02/02/2024 10:39:30,42,37,/LeagueTable/AthleticsDisciplineResults/44545?isModal=True,1,1,37,2024-02-02 00:00:00,2024,10:39:30,Passed,14,YHALI AZARZAR,2012,Maccabbi Weisgal,5,8,00:33.53,217,Preliminary
327,15,502,502,מוקדמות אליפות צעירים חלק ב',comp.asp?compID=467,44,https://loglig.com:2053/LeagueTable/AthleticsDisciplines/10031,8,50m Freestyle,Boys 12,00:35.50,02/02/2024 10:39:30,42,37,/LeagueTable/AthleticsDisciplineResults/44545?isModal=True,1,1,37,2024-02-02 00:00:00,2024,10:39:30,Passed,16,Yahli Moshe,2012,Maccabbi Weisgal,4,5,00:33.63,215,Preliminary
328,15,504,504,מוקדמות אליפות צעירים חלק ב',comp.asp?compID=467,44,https://loglig.com:2053/LeagueTable/AthleticsDisciplines/10031,10,50m Freestyle,Boys 13,00:34.00,02/02/2024 10:54:00,45,44,/LeagueTable/AthleticsDisciplineResults/44546?isModal=True,1,1,44,2024-02-02 00:00:00,2024,10:54:00,Passed,16,MAAYAN MAROUANI,2011,Maccabbi Weisgal,3,1,00:32.00,250,Preliminary
329,24,504,504,מוקדמות אליפות צעירים חלק ב',comp.asp?compID=467,44,https://loglig.com:2053/LeagueTable/AthleticsDisciplines/10031,10,50m Freestyle,Boys 13,00:34.00,02/02/2024 10:54:00,45,44,/LeagueTable/AthleticsDisciplineResults/44546?isModal=True,1,1,44,2024-02-02 00:00:00,2024,10:54:00,Passed,25,RAFAEL HECHT,2011,Maccabbi Weisgal,4,7,00:33.53,217,Preliminary
330,18,505,505,מוקדמות אליפות צעירים חלק ב',comp.asp?compID=467,44,https://loglig.com:2053/LeagueTable/AthleticsDisciplines/10031,12,50m Freestyle,Boys 14,00:33.00,02/02/2024 11:01:30,49,46,/LeagueTable/AthleticsDisciplineResults/44547?isModal=True,1,1,46,2024-02-02 00:00:00,2024,11:01:30,Passed,19,Yehonatan Nahoum,2010,Maccabbi Weisgal,4,6,00:29.51,318,Preliminary
331,3,507,507,מוקדמות אליפות צעירים חלק ב',comp.asp?compID=467,44,https://loglig.com:2053/LeagueTable/AthleticsDisciplines/10031,14,400m Freestyle,Boys 12,05:50.00,02/02/2024 11:23:00,12,12,/LeagueTable/AthleticsDisciplineResults/44515?isModal=True,1,1,12,2024-02-02 00:00:00,2024,11:23:00,Passed,4,ron charnitsky,2012,Maccabbi Weisgal,2,3,05:16.33,302,Preliminary
332,2,508,508,מוקדמות אליפות צעירים חלק ב',comp.asp?compID=467,44,https://loglig.com:2053/LeagueTable/AthleticsDisciplines/10031,15,400m Freestyle,Girls 13,05:45.00,02/02/2024 11:36:00,16,15,/LeagueTable/AthleticsDisciplineResults/44503?isModal=True,1,1,15,2024-02-02 00:00:00,2024,11:36:00,Passed,3,TAMAR AROUETTY,2011,Maccabbi Weisgal,2,3,05:08.17,437,Preliminary
333,12,508,508,מוקדמות אליפות צעירים חלק ב',comp.asp?compID=467,44,https://loglig.com:2053/LeagueTable/AthleticsDisciplines/10031,15,400m Freestyle,Girls 13,05:45.00,02/02/2024 11:36:00,16,15,/LeagueTable/AthleticsDisciplineResults/44503?isModal=True,1,1,15,2024-02-02 00:00:00,2024,11:36:00,Passed,13,BAR STACHI,2011,Maccabbi Weisgal,2,9,05:36.46,336,Preliminary
334,14,509,509,מוקדמות אליפות צעירים חלק ב',comp.asp?compID=467,44,https://loglig.com:2053/LeagueTable/AthleticsDisciplines/10031,16,400m Freestyle,Boys 13,05:35.00,02/02/2024 11:49:00,21,21,/LeagueTable/AthleticsDisciplineResults/44527?isModal=True,1,1,21,2024-02-02 00:00:00,2024,11:49:00,Passed,15,ITAY AVNY,2011,Maccabbi Weisgal,3,7,05:17.91,297,Preliminary
335,18,510,510,מוקדמות אליפות צעירים חלק ב',comp.asp?compID=467,44,https://loglig.com:2053/LeagueTable/AthleticsDisciplines/10031,18,400m Freestyle,Boys 14,05:15.00,02/02/2024 12:08:30,26,26,/LeagueTable/AthleticsDisciplineResults/44539?isModal=True,1,1,26,2024-02-02 00:00:00,2024,12:08:30,Passed,19,DROR HASIDI,2010,Maccabbi Weisgal,2,6,05:02.15,346,Preliminary
336,1,511,511,מוקדמות אליפות צעירים חלק ב',comp.asp?compID=467,44,https://loglig.com:2053/LeagueTable/AthleticsDisciplines/10031,19,4X100m Freestyle Relay Mix,Mix 12,00:00.00,02/02/2024 12:26:30,101,76,/LeagueTable/AthleticsDisciplineResults/44548?isModal=True,1,1,76,2024-02-02 00:00:00,2024,12:26:30,Passed,2,"ron charnitsky, ronen pesin, LIEL NIKOLAEV, OMER SHANI",,Maccabbi Weisgal,2,3,04:51.17,0,Preliminary
337,7,511,511,מוקדמות אליפות צעירים חלק ב',comp.asp?compID=467,44,https://loglig.com:2053/LeagueTable/AthleticsDisciplines/10031,19,4X100m Freestyle Relay Mix,Mix 12,00:00.00,02/02/2024 12:26:30,101,76,/LeagueTable/AthleticsDisciplineResults/44548?isModal=True,1,1,76,2024-02-02 00:00:00,2024,12:26:30,Passed,8,"NITAY BEN YOSEF, YHALI AZARZAR, SAPIR KAUSHANSKY, Karin Margolis",,Maccabbi Weisgal,2,2,05:12.83,0,Preliminary
338,10,512,512,מוקדמות אליפות צעירים חלק ב',comp.asp?compID=467,44,https://loglig.com:2053/LeagueTable/AthleticsDisciplines/10031,20,4X100m Freestyle Relay Mix,Mix 13-14,00:00.00,02/02/2024 12:40:30,117,88,/LeagueTable/AthleticsDisciplineResults/44550?isModal=True,1,1,88,2024-02-02 00:00:00,2024,12:40:30,Passed,11,"GILAD HOLAND, BEN KISHINEVSKI, EMILY KUKLINSKY, TAMAR AROUETTY",,Maccabbi Weisgal,3,1,04:33.25,0,Preliminary
339,16,512,512,מוקדמות אליפות צעירים חלק ב',comp.asp?compID=467,44,https://loglig.com:2053/LeagueTable/AthleticsDisciplines/10031,20,4X100m Freestyle Relay Mix,Mix 13-14,00:00.00,02/02/2024 12:40:30,117,88,/LeagueTable/AthleticsDisciplineResults/44550?isModal=True,1,1,88,2024-02-02 00:00:00,2024,12:40:30,Passed,17,"DROR HASIDI, YUVAL ORI, BAR STACHI, Yehonatan Nahoum",,Maccabbi Weisgal,3,8,04:50.62,0,Preliminary
340,5,513,513,מוקדמות אליפות צעירים חלק ב',comp.asp?compID=467,44,https://loglig.com:2053/LeagueTable/AthleticsDisciplines/10031,21,100m Freestyle,Girls 12,01:25.00,02/02/2024 12:58:30,48,44,/LeagueTable/AthleticsDisciplineResults/44482?isModal=True,1,1,44,2024-02-02 00:00:00,2024,12:58:30,Passed,5,LIEL NIKOLAEV,2012,Maccabbi Weisgal,5,5,01:13.52,319,Preliminary
341,17,513,513,מוקדמות אליפות צעירים חלק ב',comp.asp?compID=467,44,https://loglig.com:2053/LeagueTable/AthleticsDisciplines/10031,21,100m Freestyle,Girls 12,01:25.00,02/02/2024 12:58:30,48,44,/LeagueTable/AthleticsDisciplineResults/44482?isModal=True,1,1,44,2024-02-02 00:00:00,2024,12:58:30,Passed,18,LI - CHEN OVADEA,2012,Maccabbi Weisgal,3,0,01:19.29,254,Preliminary
342,18,513,513,מוקדמות אליפות צעירים חלק ב',comp.asp?compID=467,44,https://loglig.com:2053/LeagueTable/AthleticsDisciplines/10031,21,100m Freestyle,Girls 12,01:25.00,02/02/2024 12:58:30,48,44,/LeagueTable/AthleticsDisciplineResults/44482?isModal=True,1,1,44,2024-02-02 00:00:00,2024,12:58:30,Passed,19,SAPIR KAUSHANSKY,2012,Maccabbi Weisgal,4,7,01:19.47,252,Preliminary
343,24,513,513,מוקדמות אליפות צעירים חלק ב',comp.asp?compID=467,44,https://loglig.com:2053/LeagueTable/AthleticsDisciplines/10031,21,100m Freestyle,Girls 12,01:25.00,02/02/2024 12:58:30,48,44,/LeagueTable/AthleticsDisciplineResults/44482?isModal=True,1,1,44,2024-02-02 00:00:00,2024,12:58:30,Passed,25,Lia Goralik,2012,Maccabbi Weisgal,4,9,01:21.44,234,Preliminary
344,10,514,514,מוקדמות אליפות צעירים חלק ב',comp.asp?compID=467,44,https://loglig.com:2053/LeagueTable/AthleticsDisciplines/10031,22,100m Freestyle,Boys 12,01:20.00,02/02/2024 14:45:00,46,44,/LeagueTable/AthleticsDisciplineResults/44506?isModal=True,1,1,44,2024-02-02 00:00:00,2024,14:45:00,Passed,11,ron charnitsky,2012,Maccabbi Weisgal,5,1,01:09.92,263,Preliminary
345,14,514,514,מוקדמות אליפות צעירים חלק ב',comp.asp?compID=467,44,https://loglig.com:2053/LeagueTable/AthleticsDisciplines/10031,22,100m Freestyle,Boys 12,01:20.00,02/02/2024 14:45:00,46,44,/LeagueTable/AthleticsDisciplineResults/44506?isModal=True,1,1,44,2024-02-02 00:00:00,2024,14:45:00,Passed,15,Yahli Moshe,2012,Maccabbi Weisgal,4,7,01:13.23,229,Preliminary
346,23,514,514,מוקדמות אליפות צעירים חלק ב',comp.asp?compID=467,44,https://loglig.com:2053/LeagueTable/AthleticsDisciplines/10031,22,100m Freestyle,Boys 12,01:20.00,02/02/2024 14:45:00,46,44,/LeagueTable/AthleticsDisciplineResults/44506?isModal=True,1,1,44,2024-02-02 00:00:00,2024,14:45:00,Passed,24,Eitan Barak,2012,Maccabbi Weisgal,4,3,01:16.83,198,Preliminary
347,26,514,514,מוקדמות אליפות צעירים חלק ב',comp.asp?compID=467,44,https://loglig.com:2053/LeagueTable/AthleticsDisciplines/10031,22,100m Freestyle,Boys 12,01:20.00,02/02/2024 14:45:00,46,44,/LeagueTable/AthleticsDisciplineResults/44506?isModal=True,1,1,44,2024-02-02 00:00:00,2024,14:45:00,Passed,27,Yaniv Grovman,2012,Maccabbi Weisgal,3,4,01:18.38,187,Preliminary
348,7,515,515,מוקדמות אליפות צעירים חלק ב',comp.asp?compID=467,44,https://loglig.com:2053/LeagueTable/AthleticsDisciplines/10031,23,100m Freestyle,Girls 13,01:22.00,02/02/2024 14:57:30,38,34,/LeagueTable/AthleticsDisciplineResults/44494?isModal=True,1,1,34,2024-02-02 00:00:00,2024,14:57:30,Passed,8,TAMAR AROUETTY,2011,Maccabbi Weisgal,4,7,01:08.77,390,Preliminary
349,19,515,515,מוקדמות אליפות צעירים חלק ב',comp.asp?compID=467,44,https://loglig.com:2053/LeagueTable/AthleticsDisciplines/10031,23,100m Freestyle,Girls 13,01:22.00,02/02/2024 14:57:30,38,34,/LeagueTable/AthleticsDisciplineResults/44494?isModal=True,1,1,34,2024-02-02 00:00:00,2024,14:57:30,Passed,20,EMILY KUKLINSKY,2011,Maccabbi Weisgal,3,4,01:14.77,303,Preliminary
350,27,515,515,מוקדמות אליפות צעירים חלק ב',comp.asp?compID=467,44,https://loglig.com:2053/LeagueTable/AthleticsDisciplines/10031,23,100m Freestyle,Girls 13,01:22.00,02/02/2024 14:57:30,38,34,/LeagueTable/AthleticsDisciplineResults/44494?isModal=True,1,1,34,2024-02-02 00:00:00,2024,14:57:30,Passed,28,YUVAL ORI,2011,Maccabbi Weisgal,2,5,01:18.63,261,Preliminary
351,12,516,516,מוקדמות אליפות צעירים חלק ב',comp.asp?compID=467,44,https://loglig.com:2053/LeagueTable/AthleticsDisciplines/10031,24,100m Freestyle,Boys 13,01:17.00,02/02/2024 15:07:30,53,53,/LeagueTable/AthleticsDisciplineResults/44518?isModal=True,1,1,53,2024-02-02 00:00:00,2024,15:07:30,Passed,13,BEN KISHINEVSKI,2011,Maccabbi Weisgal,6,7,01:06.02,313,Preliminary
352,35,516,516,מוקדמות אליפות צעירים חלק ב',comp.asp?compID=467,44,https://loglig.com:2053/LeagueTable/AthleticsDisciplines/10031,24,100m Freestyle,Boys 13,01:17.00,02/02/2024 15:07:30,53,53,/LeagueTable/AthleticsDisciplineResults/44518?isModal=True,1,1,53,2024-02-02 00:00:00,2024,15:07:30,Passed,36,ITAY AVNY,2011,Maccabbi Weisgal,5,1,01:13.07,231,Preliminary
353,38,516,516,מוקדמות אליפות צעירים חלק ב',comp.asp?compID=467,44,https://loglig.com:2053/LeagueTable/AthleticsDisciplines/10031,24,100m Freestyle,Boys 13,01:17.00,02/02/2024 15:07:30,53,53,/LeagueTable/AthleticsDisciplineResults/44518?isModal=True,1,1,53,2024-02-02 00:00:00,2024,15:07:30,Passed,39,RAFAEL HECHT,2011,Maccabbi Weisgal,5,2,01:13.58,226,Preliminary
354,46,516,516,מוקדמות אליפות צעירים חלק ב',comp.asp?compID=467,44,https://loglig.com:2053/LeagueTable/AthleticsDisciplines/10031,24,100m Freestyle,Boys 13,01:17.00,02/02/2024 15:07:30,53,53,/LeagueTable/AthleticsDisciplineResults/44518?isModal=True,1,1,53,2024-02-02 00:00:00,2024,15:07:30,Passed,47,MATAN VIGDIRSKI,2011,Maccabbi Weisgal,3,7,01:17.49 NMin,193,Preliminary
355,5,521,521,מוקדמות אליפות צעירים חלק ב',comp.asp?compID=467,44,https://loglig.com:2053/LeagueTable/AthleticsDisciplines/10031,30,200m Butterfly,Boys 13,03:30.00,02/02/2024 15:53:00,13,13,/LeagueTable/AthleticsDisciplineResults/44526?isModal=True,1,1,13,2024-02-02 00:00:00,2024,15:53:00,Passed,6,YOTAM RAIZNER,2011,Maccabbi Weisgal,2,6,02:54.41,239,Preliminary
356,15,522,522,מוקדמות אליפות צעירים חלק ב',comp.asp?compID=467,44,https://loglig.com:2053/LeagueTable/AthleticsDisciplines/10031,32,200m Butterfly,Boys 14,03:10.00,02/02/2024 16:02:00,18,18,/LeagueTable/AthleticsDisciplineResults/44538?isModal=True,1,1,18,2024-02-02 00:00:00,2024,16:02:00,Passed,16,ITAY PEKLRE,2010,Maccabbi Weisgal,2,8,02:53.53,242,Preliminary
357,1,523,523,מוקדמות אליפות צעירים חלק ב',comp.asp?compID=467,44,https://loglig.com:2053/LeagueTable/AthleticsDisciplines/10031,33,100m Breaststroke,Girls 12,01:50.00,02/02/2024 16:11:00,33,33,/LeagueTable/AthleticsDisciplineResults/44483?isModal=True,1,1,33,2024-02-02 00:00:00,2024,16:11:00,Passed,2,OMER SHANI,2012,Maccabbi Weisgal,4,5,01:31.15,320,Preliminary
358,6,523,523,מוקדמות אליפות צעירים חלק ב',comp.asp?compID=467,44,https://loglig.com:2053/LeagueTable/AthleticsDisciplines/10031,33,100m Breaststroke,Girls 12,01:50.00,02/02/2024 16:11:00,33,33,/LeagueTable/AthleticsDisciplineResults/44483?isModal=True,1,1,33,2024-02-02 00:00:00,2024,16:11:00,Passed,7,Karin Margolis,2012,Maccabbi Weisgal,4,2,01:35.04,282,Preliminary
359,14,523,523,מוקדמות אליפות צעירים חלק ב',comp.asp?compID=467,44,https://loglig.com:2053/LeagueTable/AthleticsDisciplines/10031,33,100m Breaststroke,Girls 12,01:50.00,02/02/2024 16:11:00,33,33,/LeagueTable/AthleticsDisciplineResults/44483?isModal=True,1,1,33,2024-02-02 00:00:00,2024,16:11:00,Passed,15,SAPIR KAUSHANSKY,2012,Maccabbi Weisgal,3,3,01:43.52,218,Preliminary
360,17,523,523,מוקדמות אליפות צעירים חלק ב',comp.asp?compID=467,44,https://loglig.com:2053/LeagueTable/AthleticsDisciplines/10031,33,100m Breaststroke,Girls 12,01:50.00,02/02/2024 16:11:00,33,33,/LeagueTable/AthleticsDisciplineResults/44483?isModal=True,1,1,33,2024-02-02 00:00:00,2024,16:11:00,Passed,18,LI - CHEN OVADEA,2012,Maccabbi Weisgal,3,4,01:45.67,205,Preliminary
361,18,523,523,מוקדמות אליפות צעירים חלק ב',comp.asp?compID=467,44,https://loglig.com:2053/LeagueTable/AthleticsDisciplines/10031,33,100m Breaststroke,Girls 12,01:50.00,02/02/2024 16:11:00,33,33,/LeagueTable/AthleticsDisciplineResults/44483?isModal=True,1,1,33,2024-02-02 00:00:00,2024,16:11:00,Passed,19,Lia Goralik,2012,Maccabbi Weisgal,3,8,01:46.00,203,Preliminary
362,23,523,523,מוקדמות אליפות צעירים חלק ב',comp.asp?compID=467,44,https://loglig.com:2053/LeagueTable/AthleticsDisciplines/10031,33,100m Breaststroke,Girls 12,01:50.00,02/02/2024 16:11:00,33,33,/LeagueTable/AthleticsDisciplineResults/44483?isModal=True,1,1,33,2024-02-02 00:00:00,2024,16:11:00,Passed,24,HADAR BACHAR,2012,Maccabbi Weisgal,3,7,01:47.65,194,Preliminary
363,2,524,524,מוקדמות אליפות צעירים חלק ב',comp.asp?compID=467,44,https://loglig.com:2053/LeagueTable/AthleticsDisciplines/10031,34,100m Breaststroke,Boys 12,01:45.00,02/02/2024 16:21:00,32,30,/LeagueTable/AthleticsDisciplineResults/44507?isModal=True,1,1,30,2024-02-02 00:00:00,2024,16:21:00,Passed,3,ronen pesin,2012,Maccabbi Weisgal,4,6,01:27.94,248,Preliminary
364,10,524,524,מוקדמות אליפות צעירים חלק ב',comp.asp?compID=467,44,https://loglig.com:2053/LeagueTable/AthleticsDisciplines/10031,34,100m Breaststroke,Boys 12,01:45.00,02/02/2024 16:21:00,32,30,/LeagueTable/AthleticsDisciplineResults/44507?isModal=True,1,1,30,2024-02-02 00:00:00,2024,16:21:00,Passed,11,NITAY BEN YOSEF,2012,Maccabbi Weisgal,2,8,01:36.72,186,Preliminary
365,14,525,525,מוקדמות אליפות צעירים חלק ב',comp.asp?compID=467,44,https://loglig.com:2053/LeagueTable/AthleticsDisciplines/10031,35,100m Breaststroke,Girls 13,01:45.00,02/02/2024 16:31:00,26,23,/LeagueTable/AthleticsDisciplineResults/44495?isModal=True,1,1,23,2024-02-02 00:00:00,2024,16:31:00,Passed,15,EMILY KUKLINSKY,2011,Maccabbi Weisgal,2,8,01:38.62,252,Preliminary
366,19,525,525,מוקדמות אליפות צעירים חלק ב',comp.asp?compID=467,44,https://loglig.com:2053/LeagueTable/AthleticsDisciplines/10031,35,100m Breaststroke,Girls 13,01:45.00,02/02/2024 16:31:00,26,23,/LeagueTable/AthleticsDisciplineResults/44495?isModal=True,1,1,23,2024-02-02 00:00:00,2024,16:31:00,Passed,20,YUVAL ORI,2011,Maccabbi Weisgal,2,3,01:40.19,241,Preliminary
367,17,526,526,מוקדמות אליפות צעירים חלק ב',comp.asp?compID=467,44,https://loglig.com:2053/LeagueTable/AthleticsDisciplines/10031,36,100m Breaststroke,Boys 13,01:40.00,02/02/2024 16:38:30,32,30,/LeagueTable/AthleticsDisciplineResults/44519?isModal=True,1,1,30,2024-02-02 00:00:00,2024,16:38:30,Passed,18,MAAYAN MAROUANI,2011,Maccabbi Weisgal,1,3,01:33.24,208,Preliminary
368,5,527,527,מוקדמות אליפות צעירים חלק ב',comp.asp?compID=467,44,https://loglig.com:2053/LeagueTable/AthleticsDisciplines/10031,38,100m Breaststroke,Boys 14,01:35.00,02/02/2024 16:46:00,30,28,/LeagueTable/AthleticsDisciplineResults/44531?isModal=True,1,1,28,2024-02-02 00:00:00,2024,16:46:00,Passed,6,GILAD HOLAND,2010,Maccabbi Weisgal,3,2,01:19.36,337,Preliminary
369,21,527,527,מוקדמות אליפות צעירים חלק ב',comp.asp?compID=467,44,https://loglig.com:2053/LeagueTable/AthleticsDisciplines/10031,38,100m Breaststroke,Boys 14,01:35.00,02/02/2024 16:46:00,30,28,/LeagueTable/AthleticsDisciplineResults/44531?isModal=True,1,1,28,2024-02-02 00:00:00,2024,16:46:00,Passed,22,Yehonatan Nahoum,2010,Maccabbi Weisgal,1,5,01:28.80,241,Preliminary
370,6,528,528,מוקדמות אליפות צעירים חלק ב',comp.asp?compID=467,44,https://loglig.com:2053/LeagueTable/AthleticsDisciplines/10031,39,800m Freestyle,Girls 13,11:40.00,02/02/2024 16:53:30,8,7,/LeagueTable/AthleticsDisciplineResults/44541?isModal=True,1,1,7,2024-02-02 00:00:00,2024,16:53:30,Passed,7,BAR STACHI,2011,Maccabbi Weisgal,1,3,11:30.46,334,Preliminary
371,11,529,529,מוקדמות אליפות צעירים חלק ב',comp.asp?compID=467,44,https://loglig.com:2053/LeagueTable/AthleticsDisciplines/10031,40,800m Freestyle,Boys 14,10:45.00,02/02/2024 17:05:30,18,18,/LeagueTable/AthleticsDisciplineResults/44542?isModal=True,1,1,18,2024-02-02 00:00:00,2024,17:05:30,Passed,12,DROR HASIDI,2010,Maccabbi Weisgal,2,6,10:13.43,377,Preliminary
372,14,529,529,מוקדמות אליפות צעירים חלק ב',comp.asp?compID=467,44,https://loglig.com:2053/LeagueTable/AthleticsDisciplines/10031,40,800m Freestyle,Boys 14,10:45.00,02/02/2024 17:05:30,18,18,/LeagueTable/AthleticsDisciplineResults/44542?isModal=True,1,1,18,2024-02-02 00:00:00,2024,17:05:30,Passed,15,ROZENSHTRAKH ITAMAR,2010,Maccabbi Weisgal,2,1,10:25.45,356,Preliminary
373,1,530,530,מוקדמות אליפות צעירים חלק ב',comp.asp?compID=467,44,https://loglig.com:2053/LeagueTable/AthleticsDisciplines/10031,41,4X50m Medley Relay Mix,Mix 12,00:00.00,02/02/2024 17:29:30,103,72,/LeagueTable/AthleticsDisciplineResults/44549?isModal=True,1,1,72,2024-02-02 00:00:00,2024,17:29:30,Passed,2,"LIEL NIKOLAEV, OMER SHANI, ronen pesin, ron charnitsky",,Maccabbi Weisgal,2,3,02:30.00,317,Preliminary
374,8,530,530,מוקדמות אליפות צעירים חלק ב',comp.asp?compID=467,44,https://loglig.com:2053/LeagueTable/AthleticsDisciplines/10031,41,4X50m Medley Relay Mix,Mix 12,00:00.00,02/02/2024 17:29:30,103,72,/LeagueTable/AthleticsDisciplineResults/44549?isModal=True,1,1,72,2024-02-02 00:00:00,2024,17:29:30,Passed,9,"Eitan Barak, Karin Margolis, NITAY BEN YOSEF, Lia Goralik",,Maccabbi Weisgal,2,2,02:43.90,166,Preliminary
375,16,531,531,מוקדמות אליפות צעירים חלק ב',comp.asp?compID=467,44,https://loglig.com:2053/LeagueTable/AthleticsDisciplines/10031,42,4X50m Medley Relay Mix,Mix 13-14,00:00.00,02/02/2024 17:39:30,109,80,/LeagueTable/AthleticsDisciplineResults/44551?isModal=True,1,1,80,2024-02-02 00:00:00,2024,17:39:30,Passed,14,"EMILY KUKLINSKY, GILAD HOLAND, Yehonatan Nahoum, TAMAR AROUETTY",,Maccabbi Weisgal,3,1,DQ,0,Preliminary
376,19,531,531,מוקדמות אליפות צעירים חלק ב',comp.asp?compID=467,44,https://loglig.com:2053/LeagueTable/AthleticsDisciplines/10031,42,4X50m Medley Relay Mix,Mix 13-14,00:00.00,02/02/2024 17:39:30,109,80,/LeagueTable/AthleticsDisciplineResults/44551?isModal=True,1,1,80,2024-02-02 00:00:00,2024,17:39:30,Passed,14,"DROR HASIDI, YUVAL ORI, BEN KISHINEVSKI, BAR STACHI",,Maccabbi Weisgal,3,8,DQ,0,Preliminary
377,7,535,535,מוקדמות אליפות צעירים חלק ב',comp.asp?compID=467,44,https://loglig.com:2053/LeagueTable/AthleticsDisciplines/10031,46,400m Individual Medley,Boys 13,06:10.00,10/02/2024 09:51:00,8,8,/LeagueTable/AthleticsDisciplineResults/44528?isModal=True,1,1,8,2024-02-10 00:00:00,2024,09:51:00,Passed,8,YOTAM RAIZNER,2011,Maccabbi Weisgal,1,6,06:09.55,256,Preliminary
378,0,537,537,מוקדמות אליפות צעירים חלק ב',comp.asp?compID=467,44,https://loglig.com:2053/LeagueTable/AthleticsDisciplines/10031,49,200m Breaststroke,Girls 12,03:40.00,10/02/2024 10:12:00,10,10,/LeagueTable/AthleticsDisciplineResults/44488?isModal=True,1,1,10,2024-02-10 00:00:00,2024,10:12:00,Passed,1,OMER SHANI,2012,Maccabbi Weisgal,1,4,03:15.55,325,Preliminary
379,3,537,537,מוקדמות אליפות צעירים חלק ב',comp.asp?compID=467,44,https://loglig.com:2053/LeagueTable/AthleticsDisciplines/10031,49,200m Breaststroke,Girls 12,03:40.00,10/02/2024 10:12:00,10,10,/LeagueTable/AthleticsDisciplineResults/44488?isModal=True,1,1,10,2024-02-10 00:00:00,2024,10:12:00,Passed,4,Karin Margolis,2012,Maccabbi Weisgal,1,5,03:25.11,282,Preliminary
380,2,538,538,מוקדמות אליפות צעירים חלק ב',comp.asp?compID=467,44,https://loglig.com:2053/LeagueTable/AthleticsDisciplines/10031,50,200m Breaststroke,Boys 12,03:35.00,10/02/2024 10:17:00,17,14,/LeagueTable/AthleticsDisciplineResults/44512?isModal=True,1,1,14,2024-02-10 00:00:00,2024,10:17:00,Passed,3,ronen pesin,2012,Maccabbi Weisgal,2,3,03:07.24,264,Preliminary
381,12,540,540,מוקדמות אליפות צעירים חלק ב',comp.asp?compID=467,44,https://loglig.com:2053/LeagueTable/AthleticsDisciplines/10031,52,200m Breaststroke,Boys 13,03:25.00,10/02/2024 10:35:00,18,15,/LeagueTable/AthleticsDisciplineResults/44524?isModal=True,1,1,15,2024-02-10 00:00:00,2024,10:35:00,Passed,13,RON EZRA,2011,Maccabbi Weisgal,2,7,03:18.18,222,Preliminary
382,6,541,541,מוקדמות אליפות צעירים חלק ב',comp.asp?compID=467,44,https://loglig.com:2053/LeagueTable/AthleticsDisciplines/10031,54,200m Breaststroke,Boys 14,03:15.00,10/02/2024 10:44:00,24,21,/LeagueTable/AthleticsDisciplineResults/44536?isModal=True,1,1,21,2024-02-10 00:00:00,2024,10:44:00,Passed,7,GILAD HOLAND,2010,Maccabbi Weisgal,3,3,02:51.42,344,Preliminary
383,2,542,542,מוקדמות אליפות צעירים חלק ב',comp.asp?compID=467,44,https://loglig.com:2053/LeagueTable/AthleticsDisciplines/10031,55,100m Backstroke,Girls 12,01:40.00,10/02/2024 10:57:30,22,21,/LeagueTable/AthleticsDisciplineResults/44481?isModal=True,1,1,21,2024-02-10 00:00:00,2024,10:57:30,Passed,3,LIEL NIKOLAEV,2012,Maccabbi Weisgal,3,3,01:23.15,287,Preliminary
384,17,542,542,מוקדמות אליפות צעירים חלק ב',comp.asp?compID=467,44,https://loglig.com:2053/LeagueTable/AthleticsDisciplines/10031,55,100m Backstroke,Girls 12,01:40.00,10/02/2024 10:57:30,22,21,/LeagueTable/AthleticsDisciplineResults/44481?isModal=True,1,1,21,2024-02-10 00:00:00,2024,10:57:30,Passed,18,HADAR BACHAR,2012,Maccabbi Weisgal,3,9,01:40.56 NMin,162,Preliminary
385,8,543,543,מוקדמות אליפות צעירים חלק ב',comp.asp?compID=467,44,https://loglig.com:2053/LeagueTable/AthleticsDisciplines/10031,56,100m Backstroke,Boys 12,01:35.00,10/02/2024 11:05:00,40,39,/LeagueTable/AthleticsDisciplineResults/44505?isModal=True,1,1,39,2024-02-10 00:00:00,2024,11:05:00,Passed,9,YHALI AZARZAR,2012,Maccabbi Weisgal,2,7,01:21.43,209,Preliminary
386,16,543,543,מוקדמות אליפות צעירים חלק ב',comp.asp?compID=467,44,https://loglig.com:2053/LeagueTable/AthleticsDisciplines/10031,56,100m Backstroke,Boys 12,01:35.00,10/02/2024 11:05:00,40,39,/LeagueTable/AthleticsDisciplineResults/44505?isModal=True,1,1,39,2024-02-10 00:00:00,2024,11:05:00,Passed,17,Eitan Barak,2012,Maccabbi Weisgal,3,4,01:23.10,196,Preliminary
387,18,543,543,מוקדמות אליפות צעירים חלק ב',comp.asp?compID=467,44,https://loglig.com:2053/LeagueTable/AthleticsDisciplines/10031,56,100m Backstroke,Boys 12,01:35.00,10/02/2024 11:05:00,40,39,/LeagueTable/AthleticsDisciplineResults/44505?isModal=True,1,1,39,2024-02-10 00:00:00,2024,11:05:00,Passed,19,ron charnitsky,2012,Maccabbi Weisgal,2,5,01:23.88,191,Preliminary
388,35,543,543,מוקדמות אליפות צעירים חלק ב',comp.asp?compID=467,44,https://loglig.com:2053/LeagueTable/AthleticsDisciplines/10031,56,100m Backstroke,Boys 12,01:35.00,10/02/2024 11:05:00,40,39,/LeagueTable/AthleticsDisciplineResults/44505?isModal=True,1,1,39,2024-02-10 00:00:00,2024,11:05:00,Passed,36,OZ BEN DAVID,2012,Maccabbi Weisgal,1,2,01:34.99,131,Preliminary
389,38,543,543,מוקדמות אליפות צעירים חלק ב',comp.asp?compID=467,44,https://loglig.com:2053/LeagueTable/AthleticsDisciplines/10031,56,100m Backstroke,Boys 12,01:35.00,10/02/2024 11:05:00,40,39,/LeagueTable/AthleticsDisciplineResults/44505?isModal=True,1,1,39,2024-02-10 00:00:00,2024,11:05:00,Passed,39,Yaniv Grovman,2012,Maccabbi Weisgal,1,4,01:42.32 NMin,105,Preliminary
390,12,544,544,מוקדמות אליפות צעירים חלק ב',comp.asp?compID=467,44,https://loglig.com:2053/LeagueTable/AthleticsDisciplines/10031,57,100m Backstroke,Girls 13,01:35.00,10/02/2024 11:15:00,30,27,/LeagueTable/AthleticsDisciplineResults/44493?isModal=True,1,1,27,2024-02-10 00:00:00,2024,11:15:00,Passed,13,TAMAR AROUETTY,2011,Maccabbi Weisgal,2,5,01:20.50,317,Preliminary
391,15,544,544,מוקדמות אליפות צעירים חלק ב',comp.asp?compID=467,44,https://loglig.com:2053/LeagueTable/AthleticsDisciplines/10031,57,100m Backstroke,Girls 13,01:35.00,10/02/2024 11:15:00,30,27,/LeagueTable/AthleticsDisciplineResults/44493?isModal=True,1,1,27,2024-02-10 00:00:00,2024,11:15:00,Passed,16,EMILY KUKLINSKY,2011,Maccabbi Weisgal,2,6,01:23.32,285,Preliminary
392,12,545,545,מוקדמות אליפות צעירים חלק ב',comp.asp?compID=467,44,https://loglig.com:2053/LeagueTable/AthleticsDisciplines/10031,58,100m Backstroke,Boys 13,01:30.00,10/02/2024 11:22:30,37,37,/LeagueTable/AthleticsDisciplineResults/44517?isModal=True,1,1,37,2024-02-10 00:00:00,2024,11:22:30,Passed,13,BEN KISHINEVSKI,2011,Maccabbi Weisgal,4,1,01:17.48,242,Preliminary
393,21,545,545,מוקדמות אליפות צעירים חלק ב',comp.asp?compID=467,44,https://loglig.com:2053/LeagueTable/AthleticsDisciplines/10031,58,100m Backstroke,Boys 13,01:30.00,10/02/2024 11:22:30,37,37,/LeagueTable/AthleticsDisciplineResults/44517?isModal=True,1,1,37,2024-02-10 00:00:00,2024,11:22:30,Passed,22,ITAY AVNY,2011,Maccabbi Weisgal,3,8,01:22.10,203,Preliminary
394,13,546,546,מוקדמות אליפות צעירים חלק ב',comp.asp?compID=467,44,https://loglig.com:2053/LeagueTable/AthleticsDisciplines/10031,60,100m Backstroke,Boys 14,01:25.00,10/02/2024 11:32:30,41,35,/LeagueTable/AthleticsDisciplineResults/44529?isModal=True,1,1,35,2024-02-10 00:00:00,2024,11:32:30,Passed,14,DROR HASIDI,2010,Maccabbi Weisgal,4,2,01:13.19,287,Preliminary
395,16,546,546,מוקדמות אליפות צעירים חלק ב',comp.asp?compID=467,44,https://loglig.com:2053/LeagueTable/AthleticsDisciplines/10031,60,100m Backstroke,Boys 14,01:25.00,10/02/2024 11:32:30,41,35,/LeagueTable/AthleticsDisciplineResults/44529?isModal=True,1,1,35,2024-02-10 00:00:00,2024,11:32:30,Passed,17,Yehonatan Nahoum,2010,Maccabbi Weisgal,4,8,01:13.61,283,Preliminary
396,22,546,546,מוקדמות אליפות צעירים חלק ב',comp.asp?compID=467,44,https://loglig.com:2053/LeagueTable/AthleticsDisciplines/10031,60,100m Backstroke,Boys 14,01:25.00,10/02/2024 11:32:30,41,35,/LeagueTable/AthleticsDisciplineResults/44529?isModal=True,1,1,35,2024-02-10 00:00:00,2024,11:32:30,Passed,23,Yahel Berihun,2010,Maccabbi Weisgal,3,9,01:16.97,247,Preliminary
397,23,546,546,מוקדמות אליפות צעירים חלק ב',comp.asp?compID=467,44,https://loglig.com:2053/LeagueTable/AthleticsDisciplines/10031,60,100m Backstroke,Boys 14,01:25.00,10/02/2024 11:32:30,41,35,/LeagueTable/AthleticsDisciplineResults/44529?isModal=True,1,1,35,2024-02-10 00:00:00,2024,11:32:30,Passed,24,ROZENSHTRAKH ITAMAR,2010,Maccabbi Weisgal,3,1,01:17.30,244,Preliminary
398,28,546,546,מוקדמות אליפות צעירים חלק ב',comp.asp?compID=467,44,https://loglig.com:2053/LeagueTable/AthleticsDisciplines/10031,60,100m Backstroke,Boys 14,01:25.00,10/02/2024 11:32:30,41,35,/LeagueTable/AthleticsDisciplineResults/44529?isModal=True,1,1,35,2024-02-10 00:00:00,2024,11:32:30,Passed,29,ITAY PEKLRE,2010,Maccabbi Weisgal,2,5,01:21.71,206,Preliminary
399,7,547,547,מוקדמות אליפות צעירים חלק ב',comp.asp?compID=467,44,https://loglig.com:2053/LeagueTable/AthleticsDisciplines/10031,61,4X50m Freestyle Relay,Girls 12-13,00:00.00,10/02/2024 11:45:00,94,76,/LeagueTable/AthleticsDisciplineResults/44552?isModal=True,1,1,76,2024-02-10 00:00:00,2024,11:45:00,Passed,8,"OMER SHANI, EMILY KUKLINSKY, BAR STACHI, TAMAR AROUETTY",,Maccabbi Weisgal,2,2,02:12.29,341,Preliminary
400,3,548,548,מוקדמות אליפות צעירים חלק ב',comp.asp?compID=467,44,https://loglig.com:2053/LeagueTable/AthleticsDisciplines/10031,62,4X50m Freestyle Relay,Boys 12,00:00.00,10/02/2024 11:55:00,76,68,/LeagueTable/AthleticsDisciplineResults/44554?isModal=True,1,1,68,2024-02-10 00:00:00,2024,11:55:00,Passed,4,"ron charnitsky, Eitan Barak, YHALI AZARZAR, ronen pesin",,Maccabbi Weisgal,2,2,02:11.69,239,Preliminary
401,12,548,548,מוקדמות אליפות צעירים חלק ב',comp.asp?compID=467,44,https://loglig.com:2053/LeagueTable/AthleticsDisciplines/10031,62,4X50m Freestyle Relay,Boys 12,00:00.00,10/02/2024 11:55:00,76,68,/LeagueTable/AthleticsDisciplineResults/44554?isModal=True,1,1,68,2024-02-10 00:00:00,2024,11:55:00,Passed,13,"NITAY BEN YOSEF, Yaniv Grovman, OZ BEN DAVID, EVAN MICHELSON",,Maccabbi Weisgal,2,1,02:24.58,181,Preliminary
402,14,549,549,מוקדמות אליפות צעירים חלק ב',comp.asp?compID=467,44,https://loglig.com:2053/LeagueTable/AthleticsDisciplines/10031,64,4X50m Freestyle Relay,,00:00.00,10/02/2024 12:05:00,140,112,/LeagueTable/AthleticsDisciplineResults/44556?isModal=True,1,1,112,2024-02-10 00:00:00,2024,12:05:00,Passed,15,"GILAD HOLAND, BEN KISHINEVSKI, DROR HASIDI, Yehonatan Nahoum",,Maccabbi Weisgal,3,7,02:01.28,306,Preliminary
403,20,549,549,מוקדמות אליפות צעירים חלק ב',comp.asp?compID=467,44,https://loglig.com:2053/LeagueTable/AthleticsDisciplines/10031,64,4X50m Freestyle Relay,,00:00.00,10/02/2024 12:05:00,140,112,/LeagueTable/AthleticsDisciplineResults/44556?isModal=True,1,1,112,2024-02-10 00:00:00,2024,12:05:00,Passed,21,"RON EZRA, ITAY PEKLRE, ROZENSHTRAKH ITAMAR, Yahel Berihun",,Maccabbi Weisgal,3,8,02:09.49,252,Preliminary
404,4,551,551,מוקדמות אליפות צעירים חלק ב',comp.asp?compID=467,44,https://loglig.com:2053/LeagueTable/AthleticsDisciplines/10031,66,100m Butterfly,Boys 12,01:40.00,10/02/2024 14:20:00,14,14,/LeagueTable/AthleticsDisciplineResults/44509?isModal=True,1,1,14,2024-02-10 00:00:00,2024,14:20:00,Passed,5,ronen pesin,2012,Maccabbi Weisgal,2,6,01:20.20,211,Preliminary
405,6,551,551,מוקדמות אליפות צעירים חלק ב',comp.asp?compID=467,44,https://loglig.com:2053/LeagueTable/AthleticsDisciplines/10031,66,100m Butterfly,Boys 12,01:40.00,10/02/2024 14:20:00,14,14,/LeagueTable/AthleticsDisciplineResults/44509?isModal=True,1,1,14,2024-02-10 00:00:00,2024,14:20:00,Passed,7,Yahli Moshe,2012,Maccabbi Weisgal,1,6,01:24.69,179,Preliminary
406,13,551,551,מוקדמות אליפות צעירים חלק ב',comp.asp?compID=467,44,https://loglig.com:2053/LeagueTable/AthleticsDisciplines/10031,66,100m Butterfly,Boys 12,01:40.00,10/02/2024 14:20:00,14,14,/LeagueTable/AthleticsDisciplineResults/44509?isModal=True,1,1,14,2024-02-10 00:00:00,2024,14:20:00,Passed,14,OZ BEN DAVID,2012,Maccabbi Weisgal,1,5,01:43.38 NMin,98,Preliminary
407,8,553,553,מוקדמות אליפות צעירים חלק ב',comp.asp?compID=467,44,https://loglig.com:2053/LeagueTable/AthleticsDisciplines/10031,68,100m Butterfly,Boys 13,01:35.00,10/02/2024 14:30:30,22,22,/LeagueTable/AthleticsDisciplineResults/44521?isModal=True,1,1,22,2024-02-10 00:00:00,2024,14:30:30,Passed,9,YOTAM RAIZNER,2011,Maccabbi Weisgal,3,8,01:19.11,220,Preliminary
408,10,553,553,מוקדמות אליפות צעירים חלק ב',comp.asp?compID=467,44,https://loglig.com:2053/LeagueTable/AthleticsDisciplines/10031,68,100m Butterfly,Boys 13,01:35.00,10/02/2024 14:30:30,22,22,/LeagueTable/AthleticsDisciplineResults/44521?isModal=True,1,1,22,2024-02-10 00:00:00,2024,14:30:30,Passed,11,RON EZRA,2011,Maccabbi Weisgal,3,0,01:21.94,198,Preliminary
409,15,554,554,מוקדמות אליפות צעירים חלק ב',comp.asp?compID=467,44,https://loglig.com:2053/LeagueTable/AthleticsDisciplines/10031,70,100m Butterfly,Boys 14,01:30.00,10/02/2024 14:38:00,25,24,/LeagueTable/AthleticsDisciplineResults/44533?isModal=True,1,1,24,2024-02-10 00:00:00,2024,14:38:00,Passed,16,Yehonatan Nahoum,2010,Maccabbi Weisgal,2,8,01:15.59,252,Preliminary
410,18,554,554,מוקדמות אליפות צעירים חלק ב',comp.asp?compID=467,44,https://loglig.com:2053/LeagueTable/AthleticsDisciplines/10031,70,100m Butterfly,Boys 14,01:30.00,10/02/2024 14:38:00,25,24,/LeagueTable/AthleticsDisciplineResults/44533?isModal=True,1,1,24,2024-02-10 00:00:00,2024,14:38:00,Passed,19,ITAY PEKLRE,2010,Maccabbi Weisgal,2,0,01:19.02,221,Preliminary
411,9,556,556,מוקדמות אליפות צעירים חלק ב',comp.asp?compID=467,44,https://loglig.com:2053/LeagueTable/AthleticsDisciplines/10031,72,200m Freestyle,Boys 12,02:55.00,10/02/2024 14:53:30,22,21,/LeagueTable/AthleticsDisciplineResults/44511?isModal=True,1,1,21,2024-02-10 00:00:00,2024,14:53:30,Passed,10,ron charnitsky,2012,Maccabbi Weisgal,2,2,02:34.53,265,Preliminary
412,13,556,556,מוקדמות אליפות צעירים חלק ב',comp.asp?compID=467,44,https://loglig.com:2053/LeagueTable/AthleticsDisciplines/10031,72,200m Freestyle,Boys 12,02:55.00,10/02/2024 14:53:30,22,21,/LeagueTable/AthleticsDisciplineResults/44511?isModal=True,1,1,21,2024-02-10 00:00:00,2024,14:53:30,Passed,14,NITAY BEN YOSEF,2012,Maccabbi Weisgal,1,4,02:43.50,224,Preliminary
413,17,556,556,מוקדמות אליפות צעירים חלק ב',comp.asp?compID=467,44,https://loglig.com:2053/LeagueTable/AthleticsDisciplines/10031,72,200m Freestyle,Boys 12,02:55.00,10/02/2024 14:53:30,22,21,/LeagueTable/AthleticsDisciplineResults/44511?isModal=True,1,1,21,2024-02-10 00:00:00,2024,14:53:30,Passed,18,Eitan Barak,2012,Maccabbi Weisgal,2,4,02:45.13,217,Preliminary
414,3,557,557,מוקדמות אליפות צעירים חלק ב',comp.asp?compID=467,44,https://loglig.com:2053/LeagueTable/AthleticsDisciplines/10031,73,200m Freestyle,Girls 13,02:50.00,10/02/2024 15:05:30,27,22,/LeagueTable/AthleticsDisciplineResults/44499?isModal=True,1,1,22,2024-02-10 00:00:00,2024,15:05:30,Passed,4,TAMAR AROUETTY,2011,Maccabbi Weisgal,3,8,02:26.71,425,Preliminary
415,15,557,557,מוקדמות אליפות צעירים חלק ב',comp.asp?compID=467,44,https://loglig.com:2053/LeagueTable/AthleticsDisciplines/10031,73,200m Freestyle,Girls 13,02:50.00,10/02/2024 15:05:30,27,22,/LeagueTable/AthleticsDisciplineResults/44499?isModal=True,1,1,22,2024-02-10 00:00:00,2024,15:05:30,Passed,16,BAR STACHI,2011,Maccabbi Weisgal,2,7,02:40.79,322,Preliminary
416,9,560,560,מוקדמות אליפות צעירים חלק ב',comp.asp?compID=467,44,https://loglig.com:2053/LeagueTable/AthleticsDisciplines/10031,77,200m Backstroke,Girls 12,03:20.00,10/02/2024 15:31:30,10,9,/LeagueTable/AthleticsDisciplineResults/44486?isModal=True,1,1,9,2024-02-10 00:00:00,2024,15:31:30,Passed,10,LIEL NIKOLAEV,2012,Maccabbi Weisgal,1,5,NS,0,Preliminary
417,4,561,561,מוקדמות אליפות צעירים חלק ב',comp.asp?compID=467,44,https://loglig.com:2053/LeagueTable/AthleticsDisciplines/10031,78,200m Backstroke,Boys 12,03:15.00,10/02/2024 15:35:30,20,18,/LeagueTable/AthleticsDisciplineResults/44510?isModal=True,1,1,18,2024-02-10 00:00:00,2024,15:35:30,Passed,5,Eitan Barak,2012,Maccabbi Weisgal,2,7,02:54.66,221,Preliminary
418,8,561,561,מוקדמות אליפות צעירים חלק ב',comp.asp?compID=467,44,https://loglig.com:2053/LeagueTable/AthleticsDisciplines/10031,78,200m Backstroke,Boys 12,03:15.00,10/02/2024 15:35:30,20,18,/LeagueTable/AthleticsDisciplineResults/44510?isModal=True,1,1,18,2024-02-10 00:00:00,2024,15:35:30,Passed,9,YHALI AZARZAR,2012,Maccabbi Weisgal,2,8,02:58.11,208,Preliminary
419,7,563,563,מוקדמות אליפות צעירים חלק ב',comp.asp?compID=467,44,https://loglig.com:2053/LeagueTable/AthleticsDisciplines/10031,80,200m Backstroke,Boys 13,03:10.00,10/02/2024 15:51:30,26,25,/LeagueTable/AthleticsDisciplineResults/44522?isModal=True,1,1,25,2024-02-10 00:00:00,2024,15:51:30,Passed,8,BEN KISHINEVSKI,2011,Maccabbi Weisgal,3,3,02:41.99,277,Preliminary
420,16,563,563,מוקדמות אליפות צעירים חלק ב',comp.asp?compID=467,44,https://loglig.com:2053/LeagueTable/AthleticsDisciplines/10031,80,200m Backstroke,Boys 13,03:10.00,10/02/2024 15:51:30,26,25,/LeagueTable/AthleticsDisciplineResults/44522?isModal=True,1,1,25,2024-02-10 00:00:00,2024,15:51:30,Passed,17,ITAY AVNY,2011,Maccabbi Weisgal,3,9,02:54.17,223,Preliminary
421,13,564,564,מוקדמות אליפות צעירים חלק ב',comp.asp?compID=467,44,https://loglig.com:2053/LeagueTable/AthleticsDisciplines/10031,82,200m Backstroke,Boys 14,03:00.00,10/02/2024 16:03:30,27,26,/LeagueTable/AthleticsDisciplineResults/44534?isModal=True,1,1,26,2024-02-10 00:00:00,2024,16:03:30,Passed,14,DROR HASIDI,2010,Maccabbi Weisgal,2,5,02:39.56,290,Preliminary
422,18,564,564,מוקדמות אליפות צעירים חלק ב',comp.asp?compID=467,44,https://loglig.com:2053/LeagueTable/AthleticsDisciplines/10031,82,200m Backstroke,Boys 14,03:00.00,10/02/2024 16:03:30,27,26,/LeagueTable/AthleticsDisciplineResults/44534?isModal=True,1,1,26,2024-02-10 00:00:00,2024,16:03:30,Passed,19,ROZENSHTRAKH ITAMAR,2010,Maccabbi Weisgal,2,0,02:46.46,255,Preliminary
423,19,564,564,מוקדמות אליפות צעירים חלק ב',comp.asp?compID=467,44,https://loglig.com:2053/LeagueTable/AthleticsDisciplines/10031,82,200m Backstroke,Boys 14,03:00.00,10/02/2024 16:03:30,27,26,/LeagueTable/AthleticsDisciplineResults/44534?isModal=True,1,1,26,2024-02-10 00:00:00,2024,16:03:30,Passed,20,Yahel Berihun,2010,Maccabbi Weisgal,2,8,02:46.90,253,Preliminary
424,5,565,565,מוקדמות אליפות צעירים חלק ב',comp.asp?compID=467,44,https://loglig.com:2053/LeagueTable/AthleticsDisciplines/10031,83,100m Individual Medley,Girls 12,01:40.00,10/02/2024 16:15:30,32,30,/LeagueTable/AthleticsDisciplineResults/44484?isModal=True,1,1,30,2024-02-10 00:00:00,2024,16:15:30,Passed,6,OMER SHANI,2012,Maccabbi Weisgal,4,7,01:25.05,293,Preliminary
425,7,565,565,מוקדמות אליפות צעירים חלק ב',comp.asp?compID=467,44,https://loglig.com:2053/LeagueTable/AthleticsDisciplines/10031,83,100m Individual Medley,Girls 12,01:40.00,10/02/2024 16:15:30,32,30,/LeagueTable/AthleticsDisciplineResults/44484?isModal=True,1,1,30,2024-02-10 00:00:00,2024,16:15:30,Passed,8,Karin Margolis,2012,Maccabbi Weisgal,4,1,01:26.61,277,Preliminary
426,20,565,565,מוקדמות אליפות צעירים חלק ב',comp.asp?compID=467,44,https://loglig.com:2053/LeagueTable/AthleticsDisciplines/10031,83,100m Individual Medley,Girls 12,01:40.00,10/02/2024 16:15:30,32,30,/LeagueTable/AthleticsDisciplineResults/44484?isModal=True,1,1,30,2024-02-10 00:00:00,2024,16:15:30,Passed,21,HADAR BACHAR,2012,Maccabbi Weisgal,1,3,01:36.02,203,Preliminary
427,30,565,565,מוקדמות אליפות צעירים חלק ב',comp.asp?compID=467,44,https://loglig.com:2053/LeagueTable/AthleticsDisciplines/10031,83,100m Individual Medley,Girls 12,01:40.00,10/02/2024 16:15:30,32,30,/LeagueTable/AthleticsDisciplineResults/44484?isModal=True,1,1,30,2024-02-10 00:00:00,2024,16:15:30,Passed,31,Lia Goralik,2012,Maccabbi Weisgal,1,4,NS,0,Preliminary
428,31,565,565,מוקדמות אליפות צעירים חלק ב',comp.asp?compID=467,44,https://loglig.com:2053/LeagueTable/AthleticsDisciplines/10031,83,100m Individual Medley,Girls 12,01:40.00,10/02/2024 16:15:30,32,30,/LeagueTable/AthleticsDisciplineResults/44484?isModal=True,1,1,30,2024-02-10 00:00:00,2024,16:15:30,Passed,31,SAPIR KAUSHANSKY,2012,Maccabbi Weisgal,1,5,NS,0,Preliminary
429,5,566,566,מוקדמות אליפות צעירים חלק ב',comp.asp?compID=467,44,https://loglig.com:2053/LeagueTable/AthleticsDisciplines/10031,84,100m Individual Medley,Boys 12,01:35.00,10/02/2024 16:25:30,25,24,/LeagueTable/AthleticsDisciplineResults/44508?isModal=True,1,1,24,2024-02-10 00:00:00,2024,16:25:30,Passed,6,NITAY BEN YOSEF,2012,Maccabbi Weisgal,3,1,01:22.97,209,Preliminary
430,6,566,566,מוקדמות אליפות צעירים חלק ב',comp.asp?compID=467,44,https://loglig.com:2053/LeagueTable/AthleticsDisciplines/10031,84,100m Individual Medley,Boys 12,01:35.00,10/02/2024 16:25:30,25,24,/LeagueTable/AthleticsDisciplineResults/44508?isModal=True,1,1,24,2024-02-10 00:00:00,2024,16:25:30,Passed,7,Yahli Moshe,2012,Maccabbi Weisgal,1,5,01:23.28,207,Preliminary
431,9,566,566,מוקדמות אליפות צעירים חלק ב',comp.asp?compID=467,44,https://loglig.com:2053/LeagueTable/AthleticsDisciplines/10031,84,100m Individual Medley,Boys 12,01:35.00,10/02/2024 16:25:30,25,24,/LeagueTable/AthleticsDisciplineResults/44508?isModal=True,1,1,24,2024-02-10 00:00:00,2024,16:25:30,Passed,10,YHALI AZARZAR,2012,Maccabbi Weisgal,3,0,01:27.70,177,Preliminary
432,9,567,567,מוקדמות אליפות צעירים חלק ב',comp.asp?compID=467,44,https://loglig.com:2053/LeagueTable/AthleticsDisciplines/10031,85,100m Individual Medley,Girls 13,01:40.00,10/02/2024 16:33:00,18,18,/LeagueTable/AthleticsDisciplineResults/44496?isModal=True,1,1,18,2024-02-10 00:00:00,2024,16:33:00,Passed,10,EMILY KUKLINSKY,2011,Maccabbi Weisgal,1,1,01:25.35,290,Preliminary
433,16,567,567,מוקדמות אליפות צעירים חלק ב',comp.asp?compID=467,44,https://loglig.com:2053/LeagueTable/AthleticsDisciplines/10031,85,100m Individual Medley,Girls 13,01:40.00,10/02/2024 16:33:00,18,18,/LeagueTable/AthleticsDisciplineResults/44496?isModal=True,1,1,18,2024-02-10 00:00:00,2024,16:33:00,Passed,17,YUVAL ORI,2011,Maccabbi Weisgal,1,8,01:34.75,212,Preliminary
434,18,568,568,מוקדמות אליפות צעירים חלק ב',comp.asp?compID=467,44,https://loglig.com:2053/LeagueTable/AthleticsDisciplines/10031,86,100m Individual Medley,Boys 13,01:30.00,10/02/2024 16:38:00,48,46,/LeagueTable/AthleticsDisciplineResults/44520?isModal=True,1,1,46,2024-02-10 00:00:00,2024,16:38:00,Passed,19,RON EZRA,2011,Maccabbi Weisgal,4,6,01:22.43,213,Preliminary
435,19,568,568,מוקדמות אליפות צעירים חלק ב',comp.asp?compID=467,44,https://loglig.com:2053/LeagueTable/AthleticsDisciplines/10031,86,100m Individual Medley,Boys 13,01:30.00,10/02/2024 16:38:00,48,46,/LeagueTable/AthleticsDisciplineResults/44520?isModal=True,1,1,46,2024-02-10 00:00:00,2024,16:38:00,Passed,20,MAAYAN MAROUANI,2011,Maccabbi Weisgal,4,0,01:22.51,213,Preliminary
436,37,568,568,מוקדמות אליפות צעירים חלק ב',comp.asp?compID=467,44,https://loglig.com:2053/LeagueTable/AthleticsDisciplines/10031,86,100m Individual Medley,Boys 13,01:30.00,10/02/2024 16:38:00,48,46,/LeagueTable/AthleticsDisciplineResults/44520?isModal=True,1,1,46,2024-02-10 00:00:00,2024,16:38:00,Passed,38,RAFAEL HECHT,2011,Maccabbi Weisgal,4,9,01:29.10,169,Preliminary
437,13,569,569,מוקדמות אליפות צעירים חלק ב',comp.asp?compID=467,44,https://loglig.com:2053/LeagueTable/AthleticsDisciplines/10031,88,100m Individual Medley,Boys 14,01:25.00,10/02/2024 16:50:30,36,31,/LeagueTable/AthleticsDisciplineResults/44532?isModal=True,1,1,31,2024-02-10 00:00:00,2024,16:50:30,Passed,14,GILAD HOLAND,2010,Maccabbi Weisgal,3,8,01:14.46,289,Preliminary
438,26,569,569,מוקדמות אליפות צעירים חלק ב',comp.asp?compID=467,44,https://loglig.com:2053/LeagueTable/AthleticsDisciplines/10031,88,100m Individual Medley,Boys 14,01:25.00,10/02/2024 16:50:30,36,31,/LeagueTable/AthleticsDisciplineResults/44532?isModal=True,1,1,31,2024-02-10 00:00:00,2024,16:50:30,Passed,27,Yahel Berihun,2010,Maccabbi Weisgal,2,6,01:21.56,220,Preliminary
439,8,570,570,מוקדמות אליפות צעירים חלק ב',comp.asp?compID=467,44,https://loglig.com:2053/LeagueTable/AthleticsDisciplines/10031,89,4X50m Medley Relay,Girls 12-13,00:00.00,10/02/2024 17:00:30,92,76,/LeagueTable/AthleticsDisciplineResults/44553?isModal=True,1,1,76,2024-02-10 00:00:00,2024,17:00:30,Passed,9,"EMILY KUKLINSKY, OMER SHANI, TAMAR AROUETTY, BAR STACHI",,Maccabbi Weisgal,2,2,02:36.38,280,Preliminary
440,4,571,571,מוקדמות אליפות צעירים חלק ב',comp.asp?compID=467,44,https://loglig.com:2053/LeagueTable/AthleticsDisciplines/10031,90,4X50m Medley Relay,Boys 12,00:00.00,10/02/2024 17:10:30,77,68,/LeagueTable/AthleticsDisciplineResults/44555?isModal=True,1,1,68,2024-02-10 00:00:00,2024,17:10:30,Passed,5,"Eitan Barak, ronen pesin, NITAY BEN YOSEF, ron charnitsky",,Maccabbi Weisgal,2,7,02:28.64,223,Preliminary
441,15,571,571,מוקדמות אליפות צעירים חלק ב',comp.asp?compID=467,44,https://loglig.com:2053/LeagueTable/AthleticsDisciplines/10031,90,4X50m Medley Relay,Boys 12,00:00.00,10/02/2024 17:10:30,77,68,/LeagueTable/AthleticsDisciplineResults/44555?isModal=True,1,1,68,2024-02-10 00:00:00,2024,17:10:30,Passed,16,"YHALI AZARZAR, Yaniv Grovman, OZ BEN DAVID, EVAN MICHELSON",,Maccabbi Weisgal,2,1,02:55.96,134,Preliminary
442,13,572,572,מוקדמות אליפות צעירים חלק ב',comp.asp?compID=467,44,https://loglig.com:2053/LeagueTable/AthleticsDisciplines/10031,92,4X50m Medley Relay,,00:00.00,10/02/2024 17:20:30,132,108,/LeagueTable/AthleticsDisciplineResults/44557?isModal=True,1,1,108,2024-02-10 00:00:00,2024,17:20:30,Passed,14,"DROR HASIDI, GILAD HOLAND, Yehonatan Nahoum, BEN KISHINEVSKI",,Maccabbi Weisgal,3,7,02:15.18,296,Preliminary
443,21,572,572,מוקדמות אליפות צעירים חלק ב',comp.asp?compID=467,44,https://loglig.com:2053/LeagueTable/AthleticsDisciplines/10031,92,4X50m Medley Relay,,00:00.00,10/02/2024 17:20:30,132,108,/LeagueTable/AthleticsDisciplineResults/44557?isModal=True,1,1,108,2024-02-10 00:00:00,2024,17:20:30,Passed,22,"Yahel Berihun, RON EZRA, ITAY PEKLRE, ROZENSHTRAKH ITAMAR",,Maccabbi Weisgal,3,1,02:28.89,221,Preliminary
444,2,581,581,אליפות ישראל arena ותחרות קריטריונים לנוער ובוגרים חורף 2024 ,comp.asp?compID=469,46,https://loglig.com:2053/LeagueTable/AthleticsDisciplines/10091,1,100m Freestyle,Women 14-99,00:00.00,20/02/2024 11:00:00,28,27,/LeagueTable/AthleticsDisciplineResults/47209?isModal=True,1,1,27,2024-02-20 00:00:00,2024,11:00:00,Passed,3,MAYA CHN-LEVI,2008,Maccabbi Weisgal,3,2,01:07.62,447,Direct Finals
445,7,584,584,אליפות ישראל arena ותחרות קריטריונים לנוער ובוגרים חורף 2024 ,comp.asp?compID=469,46,https://loglig.com:2053/LeagueTable/AthleticsDisciplines/10091,4,50m Breaststroke,Men 15-99,00:00.00,20/02/2024 11:19:30,22,19,/LeagueTable/AthleticsDisciplineResults/47206?isModal=True,1,1,19,2024-02-20 00:00:00,2024,11:19:30,Passed,8,Noam Shany,2009,Maccabbi Weisgal,2,6,00:36.45,360,Direct Finals
446,17,586,586,אליפות ישראל arena ותחרות קריטריונים לנוער ובוגרים חורף 2024 ,comp.asp?compID=469,46,https://loglig.com:2053/LeagueTable/AthleticsDisciplines/10091,6,100m Backstroke,Men 15-99,00:00.00,20/02/2024 11:30:00,19,16,/LeagueTable/AthleticsDisciplineResults/47204?isModal=True,1,1,16,2024-02-20 00:00:00,2024,11:30:00,Passed,17,ANDREI GAIDOKOV,2007,Maccabbi Weisgal,1,8,NS,0,Direct Finals
447,1,587,587,אליפות ישראל arena ותחרות קריטריונים לנוער ובוגרים חורף 2024 ,comp.asp?compID=469,46,https://loglig.com:2053/LeagueTable/AthleticsDisciplines/10091,7,50m Butterfly,Women 14-99,00:00.00,20/02/2024 11:36:00,16,16,/LeagueTable/AthleticsDisciplineResults/47211?isModal=True,1,1,16,2024-02-20 00:00:00,2024,11:36:00,Passed,2,Lior Rozenboim,2008,Maccabbi Weisgal,2,3,00:33.76,378,Direct Finals
448,8,589,589,אליפות ישראל arena ותחרות קריטריונים לנוער ובוגרים חורף 2024 ,comp.asp?compID=469,46,https://loglig.com:2053/LeagueTable/AthleticsDisciplines/10091,9,50m Freestyle,Women 14-99,00:00.00,20/02/2024 11:43:30,23,23,/LeagueTable/AthleticsDisciplineResults/47221?isModal=True,1,1,23,2024-02-20 00:00:00,2024,11:43:30,Passed,9,SHIRLI DUBOVICH,2010,Maccabbi Weisgal,3,0,00:32.47,387,Direct Finals
449,23,592,592,אליפות ישראל arena ותחרות קריטריונים לנוער ובוגרים חורף 2024 ,comp.asp?compID=469,46,https://loglig.com:2053/LeagueTable/AthleticsDisciplines/10091,12,1500m Freestyle,Men 13-99,CategoryMinimumבנים 1518:15.00בנים 1617:55.00גברים 17-1817:30.00גברים 19-9917:15.00בנים 13-1417:15.00,20/02/2024 17:35:00,30,30,/LeagueTable/AthleticsDisciplineResults/45240?isModal=True,1,1,30,2024-02-20 00:00:00,2024,17:35:00,Passed,24,Ariel Alon,2009,Maccabbi Weisgal,1,4,17:41.27,552,Direct Finals
450,3,593,593,אליפות ישראל arena ותחרות קריטריונים לנוער ובוגרים חורף 2024 ,comp.asp?compID=469,46,https://loglig.com:2053/LeagueTable/AthleticsDisciplines/10091,13,50m Breaststroke,Girls 14-15,CategoryMinimumבנות 1400:41.50בנות 1500:40.00,21/02/2024 09:00:00,40,39,/LeagueTable/AthleticsDisciplineResults/45186?isModal=True,1,1,39,2024-02-21 00:00:00,2024,09:00:00,Passed,4,Ariel Shahar,2009,Maccabbi Weisgal,4,2,00:34.41,617,Direct Finals
451,21,593,593,אליפות ישראל arena ותחרות קריטריונים לנוער ובוגרים חורף 2024 ,comp.asp?compID=469,46,https://loglig.com:2053/LeagueTable/AthleticsDisciplines/10091,13,50m Breaststroke,Girls 14-15,CategoryMinimumבנות 1400:41.50בנות 1500:40.00,21/02/2024 09:00:00,40,39,/LeagueTable/AthleticsDisciplineResults/45186?isModal=True,1,1,39,2024-02-21 00:00:00,2024,09:00:00,Passed,22,Ariel Mizrahi,2010,Maccabbi Weisgal,2,7,00:38.73,432,Direct Finals
452,31,594,594,אליפות ישראל arena ותחרות קריטריונים לנוער ובוגרים חורף 2024 ,comp.asp?compID=469,46,https://loglig.com:2053/LeagueTable/AthleticsDisciplines/10091,14,50m Breaststroke,Boys 15-16,CategoryMinimumבנים 1500:37.50בנים 1600:36.50,21/02/2024 09:06:00,46,44,/LeagueTable/AthleticsDisciplineResults/45199?isModal=True,1,1,44,2024-02-21 00:00:00,2024,09:06:00,Passed,32,Noam Steinberg,2009,Maccabbi Weisgal,4,7,00:34.68,418,Direct Finals
453,19,596,596,אליפות ישראל arena ותחרות קריטריונים לנוער ובוגרים חורף 2024 ,comp.asp?compID=469,46,https://loglig.com:2053/LeagueTable/AthleticsDisciplines/10091,16,50m Breaststroke,,00:34.50,21/02/2024 09:18:00,34,33,/LeagueTable/AthleticsDisciplineResults/45212?isModal=True,1,1,33,2024-02-21 00:00:00,2024,09:18:00,Passed,20,Jonatan Veprinsky,2007,Maccabbi Weisgal,2,5,00:32.43,512,Direct Finals
454,17,598,598,אליפות ישראל arena ותחרות קריטריונים לנוער ובוגרים חורף 2024 ,comp.asp?compID=469,46,https://loglig.com:2053/LeagueTable/AthleticsDisciplines/10091,19,200m Backstroke,Girls 14-15,CategoryMinimumבנות 1402:52.00בנות 1502:47.00,21/02/2024 09:27:00,29,28,/LeagueTable/AthleticsDisciplineResults/45179?isModal=True,1,1,28,2024-02-21 00:00:00,2024,09:27:00,Passed,18,GilVered Cipele,2009,Maccabbi Weisgal,2,5,02:43.57,428,Direct Finals
455,27,598,598,אליפות ישראל arena ותחרות קריטריונים לנוער ובוגרים חורף 2024 ,comp.asp?compID=469,46,https://loglig.com:2053/LeagueTable/AthleticsDisciplines/10091,19,200m Backstroke,Girls 14-15,CategoryMinimumבנות 1402:52.00בנות 1502:47.00,21/02/2024 09:27:00,29,28,/LeagueTable/AthleticsDisciplineResults/45179?isModal=True,1,1,28,2024-02-21 00:00:00,2024,09:27:00,Passed,28,SHIRLI DUBOVICH,2010,Maccabbi Weisgal,1,1,02:55.83 NMin,345,Direct Finals
456,31,599,599,אליפות ישראל arena ותחרות קריטריונים לנוער ובוגרים חורף 2024 ,comp.asp?compID=469,46,https://loglig.com:2053/LeagueTable/AthleticsDisciplines/10091,20,200m Backstroke,Boys 15-16,CategoryMinimumבנים 1502:33.00בנים 1602:29.00,21/02/2024 09:36:00,42,40,/LeagueTable/AthleticsDisciplineResults/45192?isModal=True,1,1,40,2024-02-21 00:00:00,2024,09:36:00,Passed,32,Gilad Shushan,2009,Maccabbi Weisgal,3,8,02:30.64,410,Direct Finals
457,40,599,599,אליפות ישראל arena ותחרות קריטריונים לנוער ובוגרים חורף 2024 ,comp.asp?compID=469,46,https://loglig.com:2053/LeagueTable/AthleticsDisciplines/10091,20,200m Backstroke,Boys 15-16,CategoryMinimumבנים 1502:33.00בנים 1602:29.00,21/02/2024 09:36:00,42,40,/LeagueTable/AthleticsDisciplineResults/45192?isModal=True,1,1,40,2024-02-21 00:00:00,2024,09:36:00,Passed,41,Matan Epshtein,2009,Maccabbi Weisgal,2,1,NS,0,Direct Finals
458,21,601,601,אליפות ישראל arena ותחרות קריטריונים לנוער ובוגרים חורף 2024 ,comp.asp?compID=469,46,https://loglig.com:2053/LeagueTable/AthleticsDisciplines/10091,22,200m Backstroke,,02:25.00,21/02/2024 10:04:00,22,21,/LeagueTable/AthleticsDisciplineResults/45205?isModal=True,1,1,21,2024-02-21 00:00:00,2024,10:04:00,Passed,22,Ron Morgulis,2006,Maccabbi Weisgal,3,1,NS,0,Direct Finals
459,12,603,603,אליפות ישראל arena ותחרות קריטריונים לנוער ובוגרים חורף 2024 ,comp.asp?compID=469,46,https://loglig.com:2053/LeagueTable/AthleticsDisciplines/10091,25,100m Butterfly,Girls 14-15,CategoryMinimumבנות 1401:21.00בנות 1501:18.00,21/02/2024 10:18:00,45,44,/LeagueTable/AthleticsDisciplineResults/45178?isModal=True,1,1,44,2024-02-21 00:00:00,2024,10:18:00,Passed,13,Ellah Manna,2009,Maccabbi Weisgal,4,5,01:11.48,467,Direct Finals
460,32,603,603,אליפות ישראל arena ותחרות קריטריונים לנוער ובוגרים חורף 2024 ,comp.asp?compID=469,46,https://loglig.com:2053/LeagueTable/AthleticsDisciplines/10091,25,100m Butterfly,Girls 14-15,CategoryMinimumבנות 1401:21.00בנות 1501:18.00,21/02/2024 10:18:00,45,44,/LeagueTable/AthleticsDisciplineResults/45178?isModal=True,1,1,44,2024-02-21 00:00:00,2024,10:18:00,Passed,33,Gaia Benis,2010,Maccabbi Weisgal,2,0,01:16.57,380,Direct Finals
461,5,604,604,אליפות ישראל arena ותחרות קריטריונים לנוער ובוגרים חורף 2024 ,comp.asp?compID=469,46,https://loglig.com:2053/LeagueTable/AthleticsDisciplines/10091,26,100m Butterfly,Boys 15-16,CategoryMinimumבנים 1501:12.00בנים 1601:09.00,21/02/2024 10:28:00,54,52,/LeagueTable/AthleticsDisciplineResults/45191?isModal=True,1,1,52,2024-02-21 00:00:00,2024,10:28:00,Passed,6,Itay Shpayzer,2008,Maccabbi Weisgal,6,7,00:59.17,583,Direct Finals
462,16,606,606,אליפות ישראל arena ותחרות קריטריונים לנוער ובוגרים חורף 2024 ,comp.asp?compID=469,46,https://loglig.com:2053/LeagueTable/AthleticsDisciplines/10091,28,100m Butterfly,,01:06.50,21/02/2024 10:48:00,47,44,/LeagueTable/AthleticsDisciplineResults/45204?isModal=True,1,1,44,2024-02-21 00:00:00,2024,10:48:00,Passed,17,Eran Grubman,2007,Maccabbi Weisgal,4,0,01:01.60,517,Direct Finals
463,30,608,608,אליפות ישראל arena ותחרות קריטריונים לנוער ובוגרים חורף 2024 ,comp.asp?compID=469,46,https://loglig.com:2053/LeagueTable/AthleticsDisciplines/10091,31,400m Freestyle,Women 13-99,CategoryMinimumבנות 1405:08.00בנות 1505:02.00בנות 16-1804:56.00נשים 19-9904:50.00בנות 1304:50.00,21/02/2024 11:02:00,45,44,/LeagueTable/AthleticsDisciplineResults/45245?isModal=True,1,1,44,2024-02-21 00:00:00,2024,11:02:00,Passed,31,Noa Karni,2009,Maccabbi Weisgal,2,4,04:58.65,496,Direct Finals
464,49,609,609,אליפות ישראל arena ותחרות קריטריונים לנוער ובוגרים חורף 2024 ,comp.asp?compID=469,46,https://loglig.com:2053/LeagueTable/AthleticsDisciplines/10091,32,400m Freestyle,Men 13-99,CategoryMinimumבנים 1504:44.00בנים 1604:36.00גברים 17-1804:30.00גברים 19-9904:24.00בנים 13-1404:24.00,21/02/2024 11:32:00,72,71,/LeagueTable/AthleticsDisciplineResults/45241?isModal=True,1,1,71,2024-02-21 00:00:00,2024,11:32:00,Passed,50,Ariel Alon,2009,Maccabbi Weisgal,5,2,04:28.19,552,Direct Finals
465,22,610,610,אליפות ישראל arena ותחרות קריטריונים לנוער ובוגרים חורף 2024 ,comp.asp?compID=469,46,https://loglig.com:2053/LeagueTable/AthleticsDisciplines/10091,33,4X50m Freestyle Relay,Girls 14-15,00:00.00,21/02/2024 12:16:00,120,92,/LeagueTable/AthleticsDisciplineResults/46304?isModal=True,1,1,92,2024-02-21 00:00:00,2024,12:16:00,Passed,21,"Ellah Manna, GilVered Cipele, Gaia Benis, Noa Karni",,Maccabbi Weisgal,3,9,DQ,0,Direct Finals
466,11,611,611,אליפות ישראל arena ותחרות קריטריונים לנוער ובוגרים חורף 2024 ,comp.asp?compID=469,46,https://loglig.com:2053/LeagueTable/AthleticsDisciplines/10091,35,50m Backstroke,Girls 14-15,CategoryMinimumבנות 1400:32.50בנות 1500:31.80,22/02/2024 09:00:00,35,35,/LeagueTable/AthleticsDisciplineResults/45184?isModal=True,1,1,35,2024-02-22 00:00:00,2024,09:00:00,Passed,12,GilVered Cipele,2009,Maccabbi Weisgal,4,2,00:34.33 NMin,485,Direct Finals
467,20,612,612,אליפות ישראל arena ותחרות קריטריונים לנוער ובוגרים חורף 2024 ,comp.asp?compID=469,46,https://loglig.com:2053/LeagueTable/AthleticsDisciplines/10091,36,50m Backstroke,Boys 15-16,CategoryMinimumבנים 1500:33.50בנים 1600:32.50,22/02/2024 09:06:00,34,32,/LeagueTable/AthleticsDisciplineResults/45197?isModal=True,1,1,32,2024-02-22 00:00:00,2024,09:06:00,Passed,21,Gilad Shushan,2009,Maccabbi Weisgal,2,6,00:31.90,415,Direct Finals
468,32,612,612,אליפות ישראל arena ותחרות קריטריונים לנוער ובוגרים חורף 2024 ,comp.asp?compID=469,46,https://loglig.com:2053/LeagueTable/AthleticsDisciplines/10091,36,50m Backstroke,Boys 15-16,CategoryMinimumבנים 1500:33.50בנים 1600:32.50,22/02/2024 09:06:00,34,32,/LeagueTable/AthleticsDisciplineResults/45197?isModal=True,1,1,32,2024-02-22 00:00:00,2024,09:06:00,Passed,33,Matan Epshtein,2009,Maccabbi Weisgal,2,4,NS,0,Direct Finals
469,9,614,614,אליפות ישראל arena ותחרות קריטריונים לנוער ובוגרים חורף 2024 ,comp.asp?compID=469,46,https://loglig.com:2053/LeagueTable/AthleticsDisciplines/10091,38,50m Backstroke,,00:31.50,22/02/2024 09:18:00,29,24,/LeagueTable/AthleticsDisciplineResults/45210?isModal=True,1,1,24,2024-02-22 00:00:00,2024,09:18:00,Passed,10,ANDREI GAIDOKOV,2007,Maccabbi Weisgal,1,0,00:29.12,545,Direct Finals
470,10,614,614,אליפות ישראל arena ותחרות קריטריונים לנוער ובוגרים חורף 2024 ,comp.asp?compID=469,46,https://loglig.com:2053/LeagueTable/AthleticsDisciplines/10091,38,50m Backstroke,,00:31.50,22/02/2024 09:18:00,29,24,/LeagueTable/AthleticsDisciplineResults/45210?isModal=True,1,1,24,2024-02-22 00:00:00,2024,09:18:00,Passed,11,Eran Grubman,2007,Maccabbi Weisgal,3,8,00:29.29,536,Direct Finals
471,20,614,614,אליפות ישראל arena ותחרות קריטריונים לנוער ובוגרים חורף 2024 ,comp.asp?compID=469,46,https://loglig.com:2053/LeagueTable/AthleticsDisciplines/10091,38,50m Backstroke,,00:31.50,22/02/2024 09:18:00,29,24,/LeagueTable/AthleticsDisciplineResults/45210?isModal=True,1,1,24,2024-02-22 00:00:00,2024,09:18:00,Passed,21,Ron Morgulis,2006,Maccabbi Weisgal,2,2,00:30.70,465,Direct Finals
472,6,616,616,אליפות ישראל arena ותחרות קריטריונים לנוער ובוגרים חורף 2024 ,comp.asp?compID=469,46,https://loglig.com:2053/LeagueTable/AthleticsDisciplines/10091,41,200m Butterfly,Girls 14-15,CategoryMinimumבנות 1402:54.00בנות 1502:49.00,22/02/2024 09:25:30,24,24,/LeagueTable/AthleticsDisciplineResults/45183?isModal=True,1,1,24,2024-02-22 00:00:00,2024,09:25:30,Passed,7,Ellah Manna,2009,Maccabbi Weisgal,3,0,02:37.92,458,Direct Finals
473,13,617,617,אליפות ישראל arena ותחרות קריטריונים לנוער ובוגרים חורף 2024 ,comp.asp?compID=469,46,https://loglig.com:2053/LeagueTable/AthleticsDisciplines/10091,42,200m Butterfly,Boys 15-16,CategoryMinimumבנים 1502:34.00בנים 1602:30.00,22/02/2024 09:36:00,23,23,/LeagueTable/AthleticsDisciplineResults/45196?isModal=True,1,1,23,2024-02-22 00:00:00,2024,09:36:00,Passed,14,Ariel Alon,2009,Maccabbi Weisgal,2,3,02:24.43,450,Direct Finals
474,9,621,621,אליפות ישראל arena ותחרות קריטריונים לנוער ובוגרים חורף 2024 ,comp.asp?compID=469,46,https://loglig.com:2053/LeagueTable/AthleticsDisciplines/10091,47,100m Freestyle,Girls 14-15,CategoryMinimumבנות 1401:10.00בנות 1501:08.50,22/02/2024 10:01:30,60,60,/LeagueTable/AthleticsDisciplineResults/45176?isModal=True,1,1,60,2024-02-22 00:00:00,2024,10:01:30,Passed,10,Ellah Manna,2009,Maccabbi Weisgal,6,9,01:03.90,529,Direct Finals
475,14,621,621,אליפות ישראל arena ותחרות קריטריונים לנוער ובוגרים חורף 2024 ,comp.asp?compID=469,46,https://loglig.com:2053/LeagueTable/AthleticsDisciplines/10091,47,100m Freestyle,Girls 14-15,CategoryMinimumבנות 1401:10.00בנות 1501:08.50,22/02/2024 10:01:30,60,60,/LeagueTable/AthleticsDisciplineResults/45176?isModal=True,1,1,60,2024-02-22 00:00:00,2024,10:01:30,Passed,15,Noa Karni,2009,Maccabbi Weisgal,5,1,01:05.15,500,Direct Finals
476,11,622,622,אליפות ישראל arena ותחרות קריטריונים לנוער ובוגרים חורף 2024 ,comp.asp?compID=469,46,https://loglig.com:2053/LeagueTable/AthleticsDisciplines/10091,48,100m Freestyle,Boys 15-16,CategoryMinimumבנים 1501:02.50בנים 1601:01.00,22/02/2024 10:13:30,79,77,/LeagueTable/AthleticsDisciplineResults/45189?isModal=True,1,1,77,2024-02-22 00:00:00,2024,10:13:30,Passed,12,Itay Shpayzer,2008,Maccabbi Weisgal,8,0,00:55.56,601,Direct Finals
477,65,622,622,אליפות ישראל arena ותחרות קריטריונים לנוער ובוגרים חורף 2024 ,comp.asp?compID=469,46,https://loglig.com:2053/LeagueTable/AthleticsDisciplines/10091,48,100m Freestyle,Boys 15-16,CategoryMinimumבנים 1501:02.50בנים 1601:01.00,22/02/2024 10:13:30,79,77,/LeagueTable/AthleticsDisciplineResults/45189?isModal=True,1,1,77,2024-02-22 00:00:00,2024,10:13:30,Passed,66,Gilad Shushan,2009,Maccabbi Weisgal,2,3,01:01.24,449,Direct Finals
478,42,624,624,אליפות ישראל arena ותחרות קריטריונים לנוער ובוגרים חורף 2024 ,comp.asp?compID=469,46,https://loglig.com:2053/LeagueTable/AthleticsDisciplines/10091,50,100m Freestyle,,00:59.20,22/02/2024 10:39:30,51,49,/LeagueTable/AthleticsDisciplineResults/45202?isModal=True,1,1,49,2024-02-22 00:00:00,2024,10:39:30,Passed,43,Ron Morgulis,2006,Maccabbi Weisgal,4,8,00:59.08,500,Direct Finals
479,7,626,626,אליפות ישראל arena ותחרות קריטריונים לנוער ובוגרים חורף 2024 ,comp.asp?compID=469,46,https://loglig.com:2053/LeagueTable/AthleticsDisciplines/10091,53,200m Breaststroke,Girls 14-15,CategoryMinimumבנות 1403:13.00בנות 1503:09.00,22/02/2024 10:57:30,34,34,/LeagueTable/AthleticsDisciplineResults/45181?isModal=True,1,1,34,2024-02-22 00:00:00,2024,10:57:30,Passed,8,Ariel Shahar,2009,Maccabbi Weisgal,4,8,02:51.86,528,Direct Finals
480,18,627,627,אליפות ישראל arena ותחרות קריטריונים לנוער ובוגרים חורף 2024 ,comp.asp?compID=469,46,https://loglig.com:2053/LeagueTable/AthleticsDisciplines/10091,54,200m Breaststroke,Boys 15-16,CategoryMinimumבנים 1502:55.00בנים 1602:50.00,22/02/2024 11:11:30,42,41,/LeagueTable/AthleticsDisciplineResults/45194?isModal=True,1,1,41,2024-02-22 00:00:00,2024,11:11:30,Passed,19,Noam Steinberg,2009,Maccabbi Weisgal,4,3,02:40.93,481,Direct Finals
481,12,629,629,אליפות ישראל arena ותחרות קריטריונים לנוער ובוגרים חורף 2024 ,comp.asp?compID=469,46,https://loglig.com:2053/LeagueTable/AthleticsDisciplines/10091,56,200m Breaststroke,,02:44.00,22/02/2024 11:36:00,22,21,/LeagueTable/AthleticsDisciplineResults/45207?isModal=True,1,1,21,2024-02-22 00:00:00,2024,11:36:00,Passed,13,Jonatan Veprinsky,2007,Maccabbi Weisgal,2,2,02:36.90,519,Direct Finals
482,13,631,631,אליפות ישראל arena ותחרות קריטריונים לנוער ובוגרים חורף 2024 ,comp.asp?compID=469,46,https://loglig.com:2053/LeagueTable/AthleticsDisciplines/10091,60,4X50m Freestyle Relay,Boys 15-16,00:00.00,22/02/2024 11:49:30,111,80,/LeagueTable/AthleticsDisciplineResults/46306?isModal=True,1,1,80,2024-02-22 00:00:00,2024,11:49:30,Passed,14,"Ariel Alon, Itay Shpayzer, Gilad Shushan, Noam Steinberg",,Maccabbi Weisgal,2,5,01:47.10,0,Direct Finals
483,7,632,632,אליפות ישראל arena ותחרות קריטריונים לנוער ובוגרים חורף 2024 ,comp.asp?compID=469,46,https://loglig.com:2053/LeagueTable/AthleticsDisciplines/10091,61,50m Freestyle,Girls 14-15,CategoryMinimumבנות 1400:32.50בנות 1500:31.80,23/02/2024 09:00:00,77,72,/LeagueTable/AthleticsDisciplineResults/45185?isModal=True,1,1,72,2024-02-23 00:00:00,2024,09:00:00,Passed,8,Ellah Manna,2009,Maccabbi Weisgal,8,7,00:29.08,539,Direct Finals
484,47,632,632,אליפות ישראל arena ותחרות קריטריונים לנוער ובוגרים חורף 2024 ,comp.asp?compID=469,46,https://loglig.com:2053/LeagueTable/AthleticsDisciplines/10091,61,50m Freestyle,Girls 14-15,CategoryMinimumבנות 1400:32.50בנות 1500:31.80,23/02/2024 09:00:00,77,72,/LeagueTable/AthleticsDisciplineResults/45185?isModal=True,1,1,72,2024-02-23 00:00:00,2024,09:00:00,Passed,48,Gaia Benis,2010,Maccabbi Weisgal,5,8,00:31.83,411,Direct Finals
485,10,633,633,אליפות ישראל arena ותחרות קריטריונים לנוער ובוגרים חורף 2024 ,comp.asp?compID=469,46,https://loglig.com:2053/LeagueTable/AthleticsDisciplines/10091,62,50m Freestyle,Boys 15-16,CategoryMinimumבנים 1500:29.80בנים 1600:28.30,23/02/2024 09:12:00,78,76,/LeagueTable/AthleticsDisciplineResults/45198?isModal=True,1,1,76,2024-02-23 00:00:00,2024,09:12:00,Passed,11,Itay Shpayzer,2008,Maccabbi Weisgal,8,9,00:25.63,543,Direct Finals
486,40,634,634,אליפות ישראל arena ותחרות קריטריונים לנוער ובוגרים חורף 2024 ,comp.asp?compID=469,46,https://loglig.com:2053/LeagueTable/AthleticsDisciplines/10091,63,50m Freestyle,Women 16-99,CategoryMinimumבנות 16-1800:31.00נשים 19-9900:29.50,23/02/2024 09:24:00,62,56,/LeagueTable/AthleticsDisciplineResults/45237?isModal=True,1,1,56,2024-02-23 00:00:00,2024,09:24:00,Passed,41,MAYA CHN-LEVI,2008,Maccabbi Weisgal,3,7,00:30.34,474,Direct Finals
487,12,637,637,אליפות ישראל arena ותחרות קריטריונים לנוער ובוגרים חורף 2024 ,comp.asp?compID=469,46,https://loglig.com:2053/LeagueTable/AthleticsDisciplines/10091,67,200m Individual Medley,Girls 14-15,CategoryMinimumבנות 1402:54.00בנות 1502:50.00,23/02/2024 09:46:30,40,40,/LeagueTable/AthleticsDisciplineResults/45182?isModal=True,1,1,40,2024-02-23 00:00:00,2024,09:46:30,Passed,13,Noa Karni,2009,Maccabbi Weisgal,3,7,02:39.84,491,Direct Finals
488,17,637,637,אליפות ישראל arena ותחרות קריטריונים לנוער ובוגרים חורף 2024 ,comp.asp?compID=469,46,https://loglig.com:2053/LeagueTable/AthleticsDisciplines/10091,67,200m Individual Medley,Girls 14-15,CategoryMinimumבנות 1402:54.00בנות 1502:50.00,23/02/2024 09:46:30,40,40,/LeagueTable/AthleticsDisciplineResults/45182?isModal=True,1,1,40,2024-02-23 00:00:00,2024,09:46:30,Passed,18,Ariel Shahar,2009,Maccabbi Weisgal,3,8,02:43.49,459,Direct Finals
489,41,638,638,אליפות ישראל arena ותחרות קריטריונים לנוער ובוגרים חורף 2024 ,comp.asp?compID=469,46,https://loglig.com:2053/LeagueTable/AthleticsDisciplines/10091,68,200m Individual Medley,Boys 15-16,CategoryMinimumבנים 1502:34.00בנים 1602:31.00,23/02/2024 09:59:00,50,49,/LeagueTable/AthleticsDisciplineResults/45195?isModal=True,1,1,49,2024-02-23 00:00:00,2024,09:59:00,Passed,42,Noam Steinberg,2009,Maccabbi Weisgal,2,7,02:32.81,415,Direct Finals
490,25,640,640,אליפות ישראל arena ותחרות קריטריונים לנוער ובוגרים חורף 2024 ,comp.asp?compID=469,46,https://loglig.com:2053/LeagueTable/AthleticsDisciplines/10091,70,200m Individual Medley,,02:28.00,23/02/2024 10:26:00,30,29,/LeagueTable/AthleticsDisciplineResults/45208?isModal=True,1,1,29,2024-02-23 00:00:00,2024,10:26:00,Passed,26,Jonatan Veprinsky,2007,Maccabbi Weisgal,1,8,02:28.80 NMin,449,Direct Finals
491,19,642,642,אליפות ישראל arena ותחרות קריטריונים לנוער ובוגרים חורף 2024 ,comp.asp?compID=469,46,https://loglig.com:2053/LeagueTable/AthleticsDisciplines/10091,73,100m Backstroke,Girls 14-15,CategoryMinimumבנות 1401:21.00בנות 1501:19.00,23/02/2024 10:41:00,36,36,/LeagueTable/AthleticsDisciplineResults/45175?isModal=True,1,1,36,2024-02-23 00:00:00,2024,10:41:00,Passed,20,GilVered Cipele,2009,Maccabbi Weisgal,3,7,01:15.40,442,Direct Finals
492,44,643,643,אליפות ישראל arena ותחרות קריטריונים לנוער ובוגרים חורף 2024 ,comp.asp?compID=469,46,https://loglig.com:2053/LeagueTable/AthleticsDisciplines/10091,74,100m Backstroke,Boys 15-16,CategoryMinimumבנים 1501:11.00בנים 1601:10.00,23/02/2024 10:53:00,47,43,/LeagueTable/AthleticsDisciplineResults/45188?isModal=True,1,1,43,2024-02-23 00:00:00,2024,10:53:00,Passed,44,Gilad Shushan,2009,Maccabbi Weisgal,2,1,NS,0,Direct Finals
493,45,643,643,אליפות ישראל arena ותחרות קריטריונים לנוער ובוגרים חורף 2024 ,comp.asp?compID=469,46,https://loglig.com:2053/LeagueTable/AthleticsDisciplines/10091,74,100m Backstroke,Boys 15-16,CategoryMinimumבנים 1501:11.00בנים 1601:10.00,23/02/2024 10:53:00,47,43,/LeagueTable/AthleticsDisciplineResults/45188?isModal=True,1,1,43,2024-02-23 00:00:00,2024,10:53:00,Passed,44,Matan Epshtein,2009,Maccabbi Weisgal,3,1,NS,0,Direct Finals
494,27,644,644,אליפות ישראל arena ותחרות קריטריונים לנוער ובוגרים חורף 2024 ,comp.asp?compID=469,46,https://loglig.com:2053/LeagueTable/AthleticsDisciplines/10091,75,100m Backstroke,Women 16-99,CategoryMinimumבנות 16-1801:17.00נשים 19-9901:12.50,23/02/2024 11:08:00,30,29,/LeagueTable/AthleticsDisciplineResults/45227?isModal=True,1,1,29,2024-02-23 00:00:00,2024,11:08:00,Passed,28,Lior Rozenboim,2008,Maccabbi Weisgal,1,7,01:18.18 NMin,396,Direct Finals
495,16,645,645,אליפות ישראל arena ותחרות קריטריונים לנוער ובוגרים חורף 2024 ,comp.asp?compID=469,46,https://loglig.com:2053/LeagueTable/AthleticsDisciplines/10091,76,100m Backstroke,,01:08.50,23/02/2024 11:17:00,29,27,/LeagueTable/AthleticsDisciplineResults/45201?isModal=True,1,1,27,2024-02-23 00:00:00,2024,11:17:00,Passed,17,Eran Grubman,2007,Maccabbi Weisgal,2,3,01:04.93,509,Direct Finals
496,17,645,645,אליפות ישראל arena ותחרות קריטריונים לנוער ובוגרים חורף 2024 ,comp.asp?compID=469,46,https://loglig.com:2053/LeagueTable/AthleticsDisciplines/10091,76,100m Backstroke,,01:08.50,23/02/2024 11:17:00,29,27,/LeagueTable/AthleticsDisciplineResults/45201?isModal=True,1,1,27,2024-02-23 00:00:00,2024,11:17:00,Passed,18,Ron Morgulis,2006,Maccabbi Weisgal,2,6,01:05.39,498,Direct Finals
497,20,648,648,אליפות ישראל arena ותחרות קריטריונים לנוער ובוגרים חורף 2024 ,comp.asp?compID=469,46,https://loglig.com:2053/LeagueTable/AthleticsDisciplines/10091,80,800m Freestyle,Men 13-99,CategoryMinimumבנים 1509:45.00בנים 1609:39.00גברים 17-1809:15.00גברים 19-9909:00.00בנים 13-1409:00.00,23/02/2024 11:56:00,34,33,/LeagueTable/AthleticsDisciplineResults/45243?isModal=True,1,1,33,2024-02-23 00:00:00,2024,11:56:00,Passed,21,Ariel Alon,2009,Maccabbi Weisgal,1,4,09:07.88,561,Direct Finals
498,4,649,649,אליפות ישראל arena ותחרות קריטריונים לנוער ובוגרים חורף 2024 ,comp.asp?compID=469,46,https://loglig.com:2053/LeagueTable/AthleticsDisciplines/10091,81,4X50m Medley Relay,Girls 14-15,00:00.00,23/02/2024 12:29:00,115,88,/LeagueTable/AthleticsDisciplineResults/46305?isModal=True,1,1,88,2024-02-23 00:00:00,2024,12:29:00,Passed,5,"GilVered Cipele, Ariel Shahar, Noa Karni, Ellah Manna",,Maccabbi Weisgal,3,0,02:10.57,0,Direct Finals
499,15,650,650,אליפות ישראל arena ותחרות קריטריונים לנוער ובוגרים חורף 2024 ,comp.asp?compID=469,46,https://loglig.com:2053/LeagueTable/AthleticsDisciplines/10091,83,50m Butterfly,Girls 14-15,CategoryMinimumבנות 1400:35.00בנות 1500:34.50,24/02/2024 09:30:00,40,40,/LeagueTable/AthleticsDisciplineResults/45187?isModal=True,1,1,40,2024-02-24 00:00:00,2024,09:30:00,Passed,16,GilVered Cipele,2009,Maccabbi Weisgal,4,5,00:32.60,420,Direct Finals
500,1,651,651,אליפות ישראל arena ותחרות קריטריונים לנוער ובוגרים חורף 2024 ,comp.asp?compID=469,46,https://loglig.com:2053/LeagueTable/AthleticsDisciplines/10091,84,50m Butterfly,Boys 15-16,CategoryMinimumבנים 1500:32.50בנים 1600:31.00,24/02/2024 09:37:30,53,52,/LeagueTable/AthleticsDisciplineResults/45200?isModal=True,1,1,52,2024-02-24 00:00:00,2024,09:37:30,Passed,2,Itay Shpayzer,2008,Maccabbi Weisgal,6,5,00:26.51,592,Direct Finals
501,16,657,657,אליפות ישראל arena ותחרות קריטריונים לנוער ובוגרים חורף 2024 ,comp.asp?compID=469,46,https://loglig.com:2053/LeagueTable/AthleticsDisciplines/10091,91,200m Freestyle,Girls 14-15,CategoryMinimumבנות 1402:35.00בנות 1502:31.00,24/02/2024 10:49:00,47,47,/LeagueTable/AthleticsDisciplineResults/45180?isModal=True,1,1,47,2024-02-24 00:00:00,2024,10:49:00,Passed,17,Noa Karni,2009,Maccabbi Weisgal,4,6,02:24.50,477,Direct Finals
502,39,657,657,אליפות ישראל arena ותחרות קריטריונים לנוער ובוגרים חורף 2024 ,comp.asp?compID=469,46,https://loglig.com:2053/LeagueTable/AthleticsDisciplines/10091,91,200m Freestyle,Girls 14-15,CategoryMinimumבנות 1402:35.00בנות 1502:31.00,24/02/2024 10:49:00,47,47,/LeagueTable/AthleticsDisciplineResults/45180?isModal=True,1,1,47,2024-02-24 00:00:00,2024,10:49:00,Passed,40,Gaia Benis,2010,Maccabbi Weisgal,2,9,02:32.60,405,Direct Finals
503,51,658,658,אליפות ישראל arena ותחרות קריטריונים לנוער ובוגרים חורף 2024 ,comp.asp?compID=469,46,https://loglig.com:2053/LeagueTable/AthleticsDisciplines/10091,92,200m Freestyle,Boys 15-16,CategoryMinimumבנים 1502:16.00בנים 1602:12.50,24/02/2024 11:06:30,53,51,/LeagueTable/AthleticsDisciplineResults/45193?isModal=True,1,1,51,2024-02-24 00:00:00,2024,11:06:30,Passed,52,Matan Epshtein,2009,Maccabbi Weisgal,2,8,NS,0,Direct Finals
504,20,660,660,אליפות ישראל arena ותחרות קריטריונים לנוער ובוגרים חורף 2024 ,comp.asp?compID=469,46,https://loglig.com:2053/LeagueTable/AthleticsDisciplines/10091,94,200m Freestyle,,02:08.50,24/02/2024 11:39:30,31,29,/LeagueTable/AthleticsDisciplineResults/45206?isModal=True,1,1,29,2024-02-24 00:00:00,2024,11:39:30,Passed,21,Eran Grubman,2007,Maccabbi Weisgal,2,6,02:04.97,543,Direct Finals
505,6,662,662,אליפות ישראל arena ותחרות קריטריונים לנוער ובוגרים חורף 2024 ,comp.asp?compID=469,46,https://loglig.com:2053/LeagueTable/AthleticsDisciplines/10091,97,100m Breaststroke,Girls 14-15,CategoryMinimumבנות 1401:32.00בנות 1501:30.00,24/02/2024 11:57:30,47,45,/LeagueTable/AthleticsDisciplineResults/45177?isModal=True,1,1,45,2024-02-24 00:00:00,2024,11:57:30,Passed,7,Ariel Shahar,2009,Maccabbi Weisgal,5,1,01:17.68,562,Direct Finals
506,32,662,662,אליפות ישראל arena ותחרות קריטריונים לנוער ובוגרים חורף 2024 ,comp.asp?compID=469,46,https://loglig.com:2053/LeagueTable/AthleticsDisciplines/10091,97,100m Breaststroke,Girls 14-15,CategoryMinimumבנות 1401:32.00בנות 1501:30.00,24/02/2024 11:57:30,47,45,/LeagueTable/AthleticsDisciplineResults/45177?isModal=True,1,1,45,2024-02-24 00:00:00,2024,11:57:30,Passed,33,Ariel Mizrahi,2010,Maccabbi Weisgal,3,8,01:28.02,386,Direct Finals
507,22,663,663,אליפות ישראל arena ותחרות קריטריונים לנוער ובוגרים חורף 2024 ,comp.asp?compID=469,46,https://loglig.com:2053/LeagueTable/AthleticsDisciplines/10091,98,100m Breaststroke,Boys 15-16,CategoryMinimumבנים 1501:23.00בנים 1601:20.00,24/02/2024 12:07:30,57,52,/LeagueTable/AthleticsDisciplineResults/45190?isModal=True,1,1,52,2024-02-24 00:00:00,2024,12:07:30,Passed,23,Noam Steinberg,2009,Maccabbi Weisgal,5,6,01:14.41,446,Direct Finals
508,38,663,663,אליפות ישראל arena ותחרות קריטריונים לנוער ובוגרים חורף 2024 ,comp.asp?compID=469,46,https://loglig.com:2053/LeagueTable/AthleticsDisciplines/10091,98,100m Breaststroke,Boys 15-16,CategoryMinimumבנים 1501:23.00בנים 1601:20.00,24/02/2024 12:07:30,57,52,/LeagueTable/AthleticsDisciplineResults/45190?isModal=True,1,1,52,2024-02-24 00:00:00,2024,12:07:30,Passed,39,Noam Shany,2009,Maccabbi Weisgal,2,6,01:19.63,364,Direct Finals
509,10,665,665,אליפות ישראל arena ותחרות קריטריונים לנוער ובוגרים חורף 2024 ,comp.asp?compID=469,46,https://loglig.com:2053/LeagueTable/AthleticsDisciplines/10091,100,100m Breaststroke,,01:17.50,24/02/2024 12:23:30,29,29,/LeagueTable/AthleticsDisciplineResults/45203?isModal=True,1,1,29,2024-02-24 00:00:00,2024,12:23:30,Passed,11,Jonatan Veprinsky,2007,Maccabbi Weisgal,2,3,01:10.16,532,Direct Finals
510,10,667,667,אליפות ישראל arena ותחרות קריטריונים לנוער ובוגרים חורף 2024 ,comp.asp?compID=469,46,https://loglig.com:2053/LeagueTable/AthleticsDisciplines/10091,104,4X50m Medley Relay,Boys 15-16,00:00.00,24/02/2024 12:33:30,103,80,/LeagueTable/AthleticsDisciplineResults/46307?isModal=True,1,1,80,2024-02-24 00:00:00,2024,12:33:30,Passed,11,"Matan Epshtein, Noam Steinberg, Ariel Alon, Itay Shpayzer",,Maccabbi Weisgal,1,5,02:00.36,0,Direct Finals
511,4,668,668,אליפות ישראל arena ותחרות קריטריונים לנוער ובוגרים חורף 2024 ,comp.asp?compID=469,46,https://loglig.com:2053/LeagueTable/AthleticsDisciplines/10091,801,50m Breaststroke,Women 13-99,00:00.00,21/02/2024 17:00:00,30,30,/LeagueTable/AthleticsDisciplineResults/47334?isModal=True,1,1,30,2024-02-21 00:00:00,2024,17:00:00,Passed,5,Ariel Shahar,2009,Maccabbi Weisgal,1,2,00:34.62,606,Finals
512,25,673,673,אליפות ישראל arena ותחרות קריטריונים לנוער ובוגרים חורף 2024 ,comp.asp?compID=469,46,https://loglig.com:2053/LeagueTable/AthleticsDisciplines/10091,806,100m Butterfly,Men 13-99,00:00.00,21/02/2024 17:48:30,30,30,/LeagueTable/AthleticsDisciplineResults/47327?isModal=True,1,1,30,2024-02-21 00:00:00,2024,17:48:30,Passed,26,Itay Shpayzer,2008,Maccabbi Weisgal,3,3,00:59.74,567,Finals
513,28,678,678,אליפות ישראל arena ותחרות קריטריונים לנוער ובוגרים חורף 2024 ,comp.asp?compID=469,46,https://loglig.com:2053/LeagueTable/AthleticsDisciplines/10091,811,50m Backstroke,Women 13-99,00:00.00,22/02/2024 17:05:00,30,30,/LeagueTable/AthleticsDisciplineResults/47342?isModal=True,1,1,30,2024-02-22 00:00:00,2024,17:05:00,Passed,29,GilVered Cipele,2009,Maccabbi Weisgal,3,9,00:34.70,470,Finals
514,17,679,679,אליפות ישראל arena ותחרות קריטריונים לנוער ובוגרים חורף 2024 ,comp.asp?compID=469,46,https://loglig.com:2053/LeagueTable/AthleticsDisciplines/10091,812,50m Backstroke,Men 13-99,00:00.00,22/02/2024 17:11:00,30,30,/LeagueTable/AthleticsDisciplineResults/47338?isModal=True,1,1,30,2024-02-22 00:00:00,2024,17:11:00,Passed,18,ANDREI GAIDOKOV,2007,Maccabbi Weisgal,3,3,00:28.78,565,Finals
515,25,679,679,אליפות ישראל arena ותחרות קריטריונים לנוער ובוגרים חורף 2024 ,comp.asp?compID=469,46,https://loglig.com:2053/LeagueTable/AthleticsDisciplines/10091,812,50m Backstroke,Men 13-99,00:00.00,22/02/2024 17:11:00,30,30,/LeagueTable/AthleticsDisciplineResults/47338?isModal=True,1,1,30,2024-02-22 00:00:00,2024,17:11:00,Passed,26,Eran Grubman,2007,Maccabbi Weisgal,3,6,00:29.46,527,Finals
516,15,680,680,אליפות ישראל arena ותחרות קריטריונים לנוער ובוגרים חורף 2024 ,comp.asp?compID=469,46,https://loglig.com:2053/LeagueTable/AthleticsDisciplines/10091,813,200m Butterfly,Women 13-99,00:00.00,22/02/2024 17:17:00,30,29,/LeagueTable/AthleticsDisciplineResults/47341?isModal=True,1,1,29,2024-02-22 00:00:00,2024,17:17:00,Passed,16,Ellah Manna,2009,Maccabbi Weisgal,2,2,02:41.14,431,Finals
517,11,684,684,אליפות ישראל arena ותחרות קריטריונים לנוער ובוגרים חורף 2024 ,comp.asp?compID=469,46,https://loglig.com:2053/LeagueTable/AthleticsDisciplines/10091,817,200m Breaststroke,Women 13-99,00:00.00,22/02/2024 18:08:30,31,30,/LeagueTable/AthleticsDisciplineResults/47340?isModal=True,1,1,30,2024-02-22 00:00:00,2024,18:08:30,Passed,12,Ariel Shahar,2009,Maccabbi Weisgal,2,3,02:52.36,523,Finals
518,29,685,685,אליפות ישראל arena ותחרות קריטריונים לנוער ובוגרים חורף 2024 ,comp.asp?compID=469,46,https://loglig.com:2053/LeagueTable/AthleticsDisciplines/10091,818,200m Breaststroke,Men 13-99,00:00.00,22/02/2024 18:25:00,30,30,/LeagueTable/AthleticsDisciplineResults/47336?isModal=True,1,1,30,2024-02-22 00:00:00,2024,18:25:00,Passed,30,Jonatan Veprinsky,2007,Maccabbi Weisgal,3,0,02:39.88,490,Finals
519,10,686,686,אליפות ישראל arena ותחרות קריטריונים לנוער ובוגרים חורף 2024 ,comp.asp?compID=469,46,https://loglig.com:2053/LeagueTable/AthleticsDisciplines/10091,819,4X50m Medley Relay,Women 13-99,00:00.00,22/02/2024 18:38:00,115,84,/LeagueTable/AthleticsDisciplineResults/45253?isModal=True,1,1,84,2024-02-22 00:00:00,2024,18:38:00,Passed,11,"Lior Rozenboim, Ariel Shahar, GilVered Cipele, MAYA CHN-LEVI",,Maccabbi Weisgal,2,4,02:12.10,0,Direct Finals
520,11,687,687,אליפות ישראל arena ותחרות קריטריונים לנוער ובוגרים חורף 2024 ,comp.asp?compID=469,46,https://loglig.com:2053/LeagueTable/AthleticsDisciplines/10091,820,4X50m Medley Relay,Men 13-99,00:00.00,22/02/2024 18:51:00,137,104,/LeagueTable/AthleticsDisciplineResults/45250?isModal=True,1,1,104,2024-02-22 00:00:00,2024,18:51:00,Passed,12,"Eran Grubman, Jonatan Veprinsky, Itay Shpayzer, Ron Morgulis",,Maccabbi Weisgal,2,3,01:54.03,0,Direct Finals
521,24,688,688,אליפות ישראל arena ותחרות קריטריונים לנוער ובוגרים חורף 2024 ,comp.asp?compID=469,46,https://loglig.com:2053/LeagueTable/AthleticsDisciplines/10091,821,50m Freestyle,Women 13-99,00:00.00,23/02/2024 17:00:00,30,30,/LeagueTable/AthleticsDisciplineResults/47348?isModal=True,1,1,30,2024-02-23 00:00:00,2024,17:00:00,Passed,25,Ellah Manna,2009,Maccabbi Weisgal,3,6,00:29.22,531,Finals
522,29,690,690,אליפות ישראל arena ותחרות קריטריונים לנוער ובוגרים חורף 2024 ,comp.asp?compID=469,46,https://loglig.com:2053/LeagueTable/AthleticsDisciplines/10091,823,200m Individual Medley,Women 13-99,00:00.00,23/02/2024 17:12:00,30,30,/LeagueTable/AthleticsDisciplineResults/47347?isModal=True,1,1,30,2024-02-23 00:00:00,2024,17:12:00,Passed,30,Noa Karni,2009,Maccabbi Weisgal,3,2,DQ / SW 7.1,0,Finals
523,25,696,696,אליפות ישראל arena ותחרות קריטריונים לנוער ובוגרים חורף 2024 ,comp.asp?compID=469,46,https://loglig.com:2053/LeagueTable/AthleticsDisciplines/10091,830,50m Butterfly,Men 13-99,00:00.00,24/02/2024 17:06:00,31,29,/LeagueTable/AthleticsDisciplineResults/47352?isModal=True,1,1,29,2024-02-24 00:00:00,2024,17:06:00,Passed,26,Itay Shpayzer,2008,Maccabbi Weisgal,3,3,00:26.77,575,Finals
524,6,701,701,אליפות ישראל arena ותחרות קריטריונים לנוער ובוגרים חורף 2024 ,comp.asp?compID=469,46,https://loglig.com:2053/LeagueTable/AthleticsDisciplines/10091,835,100m Breaststroke,Women 13-99,00:00.00,24/02/2024 18:13:00,30,29,/LeagueTable/AthleticsDisciplineResults/47353?isModal=True,1,1,29,2024-02-24 00:00:00,2024,18:13:00,Passed,7,Ariel Shahar,2009,Maccabbi Weisgal,1,8,01:17.02,577,Finals
525,25,702,702,אליפות ישראל arena ותחרות קריטריונים לנוער ובוגרים חורף 2024 ,comp.asp?compID=469,46,https://loglig.com:2053/LeagueTable/AthleticsDisciplines/10091,836,100m Breaststroke,Men 13-99,00:00.00,24/02/2024 18:27:00,30,30,/LeagueTable/AthleticsDisciplineResults/47349?isModal=True,1,1,30,2024-02-24 00:00:00,2024,18:27:00,Passed,26,Jonatan Veprinsky,2007,Maccabbi Weisgal,3,8,01:10.27,530,Finals
526,7,714,714,אליפות ישראל arena לצעירים בבריכות קצרות,comp.asp?compID=471,48,https://loglig.com:2053/LeagueTable/AthleticsDisciplines/10309,1,200m Individual Medley,Girls 12,03:20.00,06/03/2024 09:30:00,18,16,/LeagueTable/AthleticsDisciplineResults/47628?isModal=True,1,1,16,2024-03-06 00:00:00,2024,09:30:00,Passed,8,LIEL NIKOLAEV,2012,Maccabbi Weisgal,2,7,03:01.87,300,Finals
527,14,715,715,אליפות ישראל arena לצעירים בבריכות קצרות,comp.asp?compID=471,48,https://loglig.com:2053/LeagueTable/AthleticsDisciplines/10309,2,200m Individual Medley,Boys 12,03:15.00,06/03/2024 09:38:00,30,30,/LeagueTable/AthleticsDisciplineResults/47652?isModal=True,1,1,30,2024-03-06 00:00:00,2024,09:38:00,Passed,15,ronen pesin,2012,Maccabbi Weisgal,3,0,02:55.89,242,Finals
528,19,715,715,אליפות ישראל arena לצעירים בבריכות קצרות,comp.asp?compID=471,48,https://loglig.com:2053/LeagueTable/AthleticsDisciplines/10309,2,200m Individual Medley,Boys 12,03:15.00,06/03/2024 09:38:00,30,30,/LeagueTable/AthleticsDisciplineResults/47652?isModal=True,1,1,30,2024-03-06 00:00:00,2024,09:38:00,Passed,20,NITAY BEN YOSEF,2012,Maccabbi Weisgal,2,9,02:58.38,232,Finals
529,20,717,717,אליפות ישראל arena לצעירים בבריכות קצרות,comp.asp?compID=471,48,https://loglig.com:2053/LeagueTable/AthleticsDisciplines/10309,4,200m Individual Medley,Boys 13,03:05.00,06/03/2024 10:02:00,30,30,/LeagueTable/AthleticsDisciplineResults/47664?isModal=True,1,1,30,2024-03-06 00:00:00,2024,10:02:00,Passed,21,BEN KISHINEVSKI,2011,Maccabbi Weisgal,2,7,02:48.17,277,Finals
530,24,717,717,אליפות ישראל arena לצעירים בבריכות קצרות,comp.asp?compID=471,48,https://loglig.com:2053/LeagueTable/AthleticsDisciplines/10309,4,200m Individual Medley,Boys 13,03:05.00,06/03/2024 10:02:00,30,30,/LeagueTable/AthleticsDisciplineResults/47664?isModal=True,1,1,30,2024-03-06 00:00:00,2024,10:02:00,Passed,25,YOTAM RAIZNER,2011,Maccabbi Weisgal,1,1,02:50.95,263,Finals
531,23,718,718,אליפות ישראל arena לצעירים בבריכות קצרות,comp.asp?compID=471,48,https://loglig.com:2053/LeagueTable/AthleticsDisciplines/10309,6,200m Individual Medley,Boys 14,02:55.00,06/03/2024 10:12:30,30,30,/LeagueTable/AthleticsDisciplineResults/47676?isModal=True,1,1,30,2024-03-06 00:00:00,2024,10:12:30,Passed,24,GILAD HOLAND,2010,Maccabbi Weisgal,2,0,02:36.92,340,Finals
532,11,720,720,אליפות ישראל arena לצעירים בבריכות קצרות,comp.asp?compID=471,48,https://loglig.com:2053/LeagueTable/AthleticsDisciplines/10309,8,400m Freestyle,Boys 12,05:50.00,06/03/2024 10:44:00,25,25,/LeagueTable/AthleticsDisciplineResults/47654?isModal=True,1,1,25,2024-03-06 00:00:00,2024,10:44:00,Passed,12,ron charnitsky,2012,Maccabbi Weisgal,3,9,05:18.97,294,Finals
533,9,721,721,אליפות ישראל arena לצעירים בבריכות קצרות,comp.asp?compID=471,48,https://loglig.com:2053/LeagueTable/AthleticsDisciplines/10309,9,400m Freestyle,Girls 13,05:45.00,06/03/2024 11:03:30,25,25,/LeagueTable/AthleticsDisciplineResults/47642?isModal=True,1,1,25,2024-03-06 00:00:00,2024,11:03:30,Passed,10,TAMAR AROUETTY,2011,Maccabbi Weisgal,3,8,05:09.72,430,Finals
534,23,721,721,אליפות ישראל arena לצעירים בבריכות קצרות,comp.asp?compID=471,48,https://loglig.com:2053/LeagueTable/AthleticsDisciplines/10309,9,400m Freestyle,Girls 13,05:45.00,06/03/2024 11:03:30,25,25,/LeagueTable/AthleticsDisciplineResults/47642?isModal=True,1,1,25,2024-03-06 00:00:00,2024,11:03:30,Passed,24,BAR STACHI,2011,Maccabbi Weisgal,1,2,05:38.21,330,Finals
535,26,722,722,אליפות ישראל arena לצעירים בבריכות קצרות,comp.asp?compID=471,48,https://loglig.com:2053/LeagueTable/AthleticsDisciplines/10309,10,400m Freestyle,Boys 13,05:35.00,06/03/2024 11:23:00,30,29,/LeagueTable/AthleticsDisciplineResults/47666?isModal=True,1,1,29,2024-03-06 00:00:00,2024,11:23:00,Passed,27,ITAY AVNY,2011,Maccabbi Weisgal,1,1,05:25.52,277,Finals
536,27,723,723,אליפות ישראל arena לצעירים בבריכות קצרות,comp.asp?compID=471,48,https://loglig.com:2053/LeagueTable/AthleticsDisciplines/10309,12,400m Freestyle,Boys 14,05:15.00,06/03/2024 11:42:30,30,30,/LeagueTable/AthleticsDisciplineResults/47678?isModal=True,1,1,30,2024-03-06 00:00:00,2024,11:42:30,Passed,28,DROR HASIDI,2010,Maccabbi Weisgal,1,0,04:55.74,369,Finals
537,19,724,724,אליפות ישראל arena לצעירים בבריכות קצרות,comp.asp?compID=471,48,https://loglig.com:2053/LeagueTable/AthleticsDisciplines/10309,13,4X50m Freestyle Relay,Girls 12-13,00:00.00,06/03/2024 12:00:30,101,80,/LeagueTable/AthleticsDisciplineResults/47691?isModal=True,1,1,80,2024-03-06 00:00:00,2024,12:00:30,Passed,20,"BAR STACHI, LIEL NIKOLAEV, EMILY KUKLINSKY, TAMAR AROUETTY",,Maccabbi Weisgal,1,7,DQ,0,Finals
538,15,725,725,אליפות ישראל arena לצעירים בבריכות קצרות,comp.asp?compID=471,48,https://loglig.com:2053/LeagueTable/AthleticsDisciplines/10309,14,4X50m Freestyle Relay,Boys 12,00:00.00,06/03/2024 12:10:30,96,80,/LeagueTable/AthleticsDisciplineResults/47693?isModal=True,1,1,80,2024-03-06 00:00:00,2024,12:10:30,Passed,16,"ron charnitsky, YHALI AZARZAR, Eitan Barak, ronen pesin",,Maccabbi Weisgal,2,9,02:13.01,232,Finals
539,12,727,727,אליפות ישראל arena לצעירים בבריכות קצרות,comp.asp?compID=471,48,https://loglig.com:2053/LeagueTable/AthleticsDisciplines/10309,17,100m Freestyle,Girls 12,01:25.00,06/03/2024 17:00:00,30,30,/LeagueTable/AthleticsDisciplineResults/47621?isModal=True,1,1,30,2024-03-06 00:00:00,2024,17:00:00,Passed,13,LIEL NIKOLAEV,2012,Maccabbi Weisgal,2,5,01:11.51,346,Finals
540,14,728,728,אליפות ישראל arena לצעירים בבריכות קצרות,comp.asp?compID=471,48,https://loglig.com:2053/LeagueTable/AthleticsDisciplines/10309,18,100m Freestyle,Boys 12,01:20.00,06/03/2024 17:06:00,30,30,/LeagueTable/AthleticsDisciplineResults/47645?isModal=True,1,1,30,2024-03-06 00:00:00,2024,17:06:00,Passed,15,ron charnitsky,2012,Maccabbi Weisgal,2,1,01:08.64,278,Finals
541,20,728,728,אליפות ישראל arena לצעירים בבריכות קצרות,comp.asp?compID=471,48,https://loglig.com:2053/LeagueTable/AthleticsDisciplines/10309,18,100m Freestyle,Boys 12,01:20.00,06/03/2024 17:06:00,30,30,/LeagueTable/AthleticsDisciplineResults/47645?isModal=True,1,1,30,2024-03-06 00:00:00,2024,17:06:00,Passed,21,Yahli Moshe,2012,Maccabbi Weisgal,1,6,01:10.68,255,Finals
542,17,729,729,אליפות ישראל arena לצעירים בבריכות קצרות,comp.asp?compID=471,48,https://loglig.com:2053/LeagueTable/AthleticsDisciplines/10309,19,100m Freestyle,Girls 13,01:22.00,06/03/2024 17:12:00,30,30,/LeagueTable/AthleticsDisciplineResults/47633?isModal=True,1,1,30,2024-03-06 00:00:00,2024,17:12:00,Passed,18,TAMAR AROUETTY,2011,Maccabbi Weisgal,2,2,01:08.71,391,Finals
543,25,730,730,אליפות ישראל arena לצעירים בבריכות קצרות,comp.asp?compID=471,48,https://loglig.com:2053/LeagueTable/AthleticsDisciplines/10309,20,100m Freestyle,Boys 13,01:17.00,06/03/2024 17:18:00,30,30,/LeagueTable/AthleticsDisciplineResults/47657?isModal=True,1,1,30,2024-03-06 00:00:00,2024,17:18:00,Passed,26,BEN KISHINEVSKI,2011,Maccabbi Weisgal,1,4,01:06.91,300,Finals
544,11,735,735,אליפות ישראל arena לצעירים בבריכות קצרות,comp.asp?compID=471,48,https://loglig.com:2053/LeagueTable/AthleticsDisciplines/10309,26,200m Butterfly,Boys 13,03:30.00,06/03/2024 17:56:00,23,23,/LeagueTable/AthleticsDisciplineResults/47665?isModal=True,1,1,23,2024-03-06 00:00:00,2024,17:56:00,Passed,12,YOTAM RAIZNER,2011,Maccabbi Weisgal,2,5,02:52.40,247,Finals
545,21,736,736,אליפות ישראל arena לצעירים בבריכות קצרות,comp.asp?compID=471,48,https://loglig.com:2053/LeagueTable/AthleticsDisciplines/10309,28,200m Butterfly,Boys 14,03:10.00,06/03/2024 18:07:00,25,25,/LeagueTable/AthleticsDisciplineResults/47677?isModal=True,1,1,25,2024-03-06 00:00:00,2024,18:07:00,Passed,22,ITAY PEKLRE,2010,Maccabbi Weisgal,1,5,02:53.60,242,Finals
546,7,737,737,אליפות ישראל arena לצעירים בבריכות קצרות,comp.asp?compID=471,48,https://loglig.com:2053/LeagueTable/AthleticsDisciplines/10309,29,100m Breaststroke,Girls 12,01:50.00,06/03/2024 18:17:00,30,30,/LeagueTable/AthleticsDisciplineResults/47622?isModal=True,1,1,30,2024-03-06 00:00:00,2024,18:17:00,Passed,8,Karin Margolis,2012,Maccabbi Weisgal,2,4,01:31.77,313,Finals
547,8,737,737,אליפות ישראל arena לצעירים בבריכות קצרות,comp.asp?compID=471,48,https://loglig.com:2053/LeagueTable/AthleticsDisciplines/10309,29,100m Breaststroke,Girls 12,01:50.00,06/03/2024 18:17:00,30,30,/LeagueTable/AthleticsDisciplineResults/47622?isModal=True,1,1,30,2024-03-06 00:00:00,2024,18:17:00,Passed,9,OMER SHANI,2012,Maccabbi Weisgal,3,3,01:32.45,306,Finals
548,7,738,738,אליפות ישראל arena לצעירים בבריכות קצרות,comp.asp?compID=471,48,https://loglig.com:2053/LeagueTable/AthleticsDisciplines/10309,30,100m Breaststroke,Boys 12,01:45.00,06/03/2024 18:24:00,30,30,/LeagueTable/AthleticsDisciplineResults/47646?isModal=True,1,1,30,2024-03-06 00:00:00,2024,18:24:00,Passed,8,ronen pesin,2012,Maccabbi Weisgal,3,2,01:27.35,253,Finals
549,22,738,738,אליפות ישראל arena לצעירים בבריכות קצרות,comp.asp?compID=471,48,https://loglig.com:2053/LeagueTable/AthleticsDisciplines/10309,30,100m Breaststroke,Boys 12,01:45.00,06/03/2024 18:24:00,30,30,/LeagueTable/AthleticsDisciplineResults/47646?isModal=True,1,1,30,2024-03-06 00:00:00,2024,18:24:00,Passed,23,NITAY BEN YOSEF,2012,Maccabbi Weisgal,1,2,01:34.72,198,Finals
550,14,741,741,אליפות ישראל arena לצעירים בבריכות קצרות,comp.asp?compID=471,48,https://loglig.com:2053/LeagueTable/AthleticsDisciplines/10309,34,100m Breaststroke,Boys 14,01:35.00,06/03/2024 18:46:30,30,30,/LeagueTable/AthleticsDisciplineResults/47670?isModal=True,1,1,30,2024-03-06 00:00:00,2024,18:46:30,Passed,15,GILAD HOLAND,2010,Maccabbi Weisgal,2,3,01:19.16,340,Finals
551,15,742,742,אליפות ישראל arena לצעירים בבריכות קצרות,comp.asp?compID=471,48,https://loglig.com:2053/LeagueTable/AthleticsDisciplines/10309,35,800m Freestyle,Girls 13,11:40.00,06/03/2024 18:54:00,17,17,/LeagueTable/AthleticsDisciplineResults/47680?isModal=True,1,1,17,2024-03-06 00:00:00,2024,18:54:00,Passed,16,BAR STACHI,2011,Maccabbi Weisgal,1,1,11:20.77,349,Finals
552,17,743,743,אליפות ישראל arena לצעירים בבריכות קצרות,comp.asp?compID=471,48,https://loglig.com:2053/LeagueTable/AthleticsDisciplines/10309,36,800m Freestyle,Boys 14,10:45.00,06/03/2024 19:13:00,20,20,/LeagueTable/AthleticsDisciplineResults/47681?isModal=True,1,1,20,2024-03-06 00:00:00,2024,19:13:00,Passed,18,DROR HASIDI,2010,Maccabbi Weisgal,1,0,10:05.66,392,Finals
553,6,744,744,אליפות ישראל arena לצעירים בבריכות קצרות,comp.asp?compID=471,48,https://loglig.com:2053/LeagueTable/AthleticsDisciplines/10309,37,4X50m Medley Relay Mix,Mix 12,00:00.00,06/03/2024 19:38:00,106,80,/LeagueTable/AthleticsDisciplineResults/47688?isModal=True,1,1,80,2024-03-06 00:00:00,2024,19:38:00,Passed,7,"LIEL NIKOLAEV, OMER SHANI, ronen pesin, ron charnitsky",,Maccabbi Weisgal,2,7,02:27.51,334,Finals
554,12,746,746,אליפות ישראל arena לצעירים בבריכות קצרות,comp.asp?compID=471,48,https://loglig.com:2053/LeagueTable/AthleticsDisciplines/10309,39,50m Freestyle,Girls 12,00:37.50,07/03/2024 09:30:00,30,30,/LeagueTable/AthleticsDisciplineResults/47682?isModal=True,1,1,30,2024-03-07 00:00:00,2024,09:30:00,Passed,13,SAPIR KAUSHANSKY,2012,Maccabbi Weisgal,1,3,00:33.17,330,Finals
555,25,746,746,אליפות ישראל arena לצעירים בבריכות קצרות,comp.asp?compID=471,48,https://loglig.com:2053/LeagueTable/AthleticsDisciplines/10309,39,50m Freestyle,Girls 12,00:37.50,07/03/2024 09:30:00,30,30,/LeagueTable/AthleticsDisciplineResults/47682?isModal=True,1,1,30,2024-03-07 00:00:00,2024,09:30:00,Passed,26,Karin Margolis,2012,Maccabbi Weisgal,1,4,00:35.40,271,Finals
556,27,746,746,אליפות ישראל arena לצעירים בבריכות קצרות,comp.asp?compID=471,48,https://loglig.com:2053/LeagueTable/AthleticsDisciplines/10309,39,50m Freestyle,Girls 12,00:37.50,07/03/2024 09:30:00,30,30,/LeagueTable/AthleticsDisciplineResults/47682?isModal=True,1,1,30,2024-03-07 00:00:00,2024,09:30:00,Passed,28,Lia Goralik,2012,Maccabbi Weisgal,1,1,00:36.01,258,Finals
557,12,747,747,אליפות ישראל arena לצעירים בבריכות קצרות,comp.asp?compID=471,48,https://loglig.com:2053/LeagueTable/AthleticsDisciplines/10309,40,50m Freestyle,Boys 12,00:53.50,07/03/2024 09:34:30,31,30,/LeagueTable/AthleticsDisciplineResults/47684?isModal=True,1,1,30,2024-03-07 00:00:00,2024,09:34:30,Passed,13,Yahli Moshe,2012,Maccabbi Weisgal,1,2,00:31.41,264,Finals
558,28,747,747,אליפות ישראל arena לצעירים בבריכות קצרות,comp.asp?compID=471,48,https://loglig.com:2053/LeagueTable/AthleticsDisciplines/10309,40,50m Freestyle,Boys 12,00:53.50,07/03/2024 09:34:30,31,30,/LeagueTable/AthleticsDisciplineResults/47684?isModal=True,1,1,30,2024-03-07 00:00:00,2024,09:34:30,Passed,29,YHALI AZARZAR,2012,Maccabbi Weisgal,1,0,00:33.55,216,Finals
559,26,749,749,אליפות ישראל arena לצעירים בבריכות קצרות,comp.asp?compID=471,48,https://loglig.com:2053/LeagueTable/AthleticsDisciplines/10309,42,50m Freestyle,Boys 13,00:34.00,07/03/2024 09:43:30,30,30,/LeagueTable/AthleticsDisciplineResults/47685?isModal=True,1,1,30,2024-03-07 00:00:00,2024,09:43:30,Passed,27,MAAYAN MAROUANI,2011,Maccabbi Weisgal,1,8,00:32.02,249,Finals
560,9,751,751,אליפות ישראל arena לצעירים בבריכות קצרות,comp.asp?compID=471,48,https://loglig.com:2053/LeagueTable/AthleticsDisciplines/10309,45,100m Backstroke,Girls 12,01:40.00,07/03/2024 09:52:30,30,30,/LeagueTable/AthleticsDisciplineResults/47620?isModal=True,1,1,30,2024-03-07 00:00:00,2024,09:52:30,Passed,10,LIEL NIKOLAEV,2012,Maccabbi Weisgal,2,5,01:21.97,300,Finals
561,27,752,752,אליפות ישראל arena לצעירים בבריכות קצרות,comp.asp?compID=471,48,https://loglig.com:2053/LeagueTable/AthleticsDisciplines/10309,46,100m Backstroke,Boys 12,01:35.00,07/03/2024 10:00:00,30,30,/LeagueTable/AthleticsDisciplineResults/47644?isModal=True,1,1,30,2024-03-07 00:00:00,2024,10:00:00,Passed,28,Eitan Barak,2012,Maccabbi Weisgal,1,8,01:23.96,190,Finals
562,28,752,752,אליפות ישראל arena לצעירים בבריכות קצרות,comp.asp?compID=471,48,https://loglig.com:2053/LeagueTable/AthleticsDisciplines/10309,46,100m Backstroke,Boys 12,01:35.00,07/03/2024 10:00:00,30,30,/LeagueTable/AthleticsDisciplineResults/47644?isModal=True,1,1,30,2024-03-07 00:00:00,2024,10:00:00,Passed,29,YHALI AZARZAR,2012,Maccabbi Weisgal,2,7,01:24.74,185,Finals
563,24,753,753,אליפות ישראל arena לצעירים בבריכות קצרות,comp.asp?compID=471,48,https://loglig.com:2053/LeagueTable/AthleticsDisciplines/10309,47,100m Backstroke,Girls 13,01:35.00,07/03/2024 10:07:30,30,30,/LeagueTable/AthleticsDisciplineResults/47632?isModal=True,1,1,30,2024-03-07 00:00:00,2024,10:07:30,Passed,25,TAMAR AROUETTY,2011,Maccabbi Weisgal,1,6,01:20.24,320,Finals
564,22,754,754,אליפות ישראל arena לצעירים בבריכות קצרות,comp.asp?compID=471,48,https://loglig.com:2053/LeagueTable/AthleticsDisciplines/10309,48,100m Backstroke,Boys 13,01:30.00,07/03/2024 10:15:00,30,30,/LeagueTable/AthleticsDisciplineResults/47656?isModal=True,1,1,30,2024-03-07 00:00:00,2024,10:15:00,Passed,23,BEN KISHINEVSKI,2011,Maccabbi Weisgal,1,6,01:16.75,249,Finals
565,29,755,755,אליפות ישראל arena לצעירים בבריכות קצרות,comp.asp?compID=471,48,https://loglig.com:2053/LeagueTable/AthleticsDisciplines/10309,50,100m Backstroke,Boys 14,01:25.00,07/03/2024 10:22:30,30,30,/LeagueTable/AthleticsDisciplineResults/47668?isModal=True,1,1,30,2024-03-07 00:00:00,2024,10:22:30,Passed,30,DROR HASIDI,2010,Maccabbi Weisgal,1,8,01:14.85,269,Finals
566,1,756,756,אליפות ישראל arena לצעירים בבריכות קצרות,comp.asp?compID=471,48,https://loglig.com:2053/LeagueTable/AthleticsDisciplines/10309,51,200m Breaststroke,Girls 12,03:40.00,07/03/2024 10:30:00,17,17,/LeagueTable/AthleticsDisciplineResults/47627?isModal=True,1,1,17,2024-03-07 00:00:00,2024,10:30:00,Passed,2,OMER SHANI,2012,Maccabbi Weisgal,2,5,03:12.38,342,Finals
567,7,756,756,אליפות ישראל arena לצעירים בבריכות קצרות,comp.asp?compID=471,48,https://loglig.com:2053/LeagueTable/AthleticsDisciplines/10309,51,200m Breaststroke,Girls 12,03:40.00,07/03/2024 10:30:00,17,17,/LeagueTable/AthleticsDisciplineResults/47627?isModal=True,1,1,17,2024-03-07 00:00:00,2024,10:30:00,Passed,8,Karin Margolis,2012,Maccabbi Weisgal,2,8,03:20.75,301,Finals
568,8,757,757,אליפות ישראל arena לצעירים בבריכות קצרות,comp.asp?compID=471,48,https://loglig.com:2053/LeagueTable/AthleticsDisciplines/10309,52,200m Breaststroke,Boys 12,03:35.00,07/03/2024 10:41:30,27,27,/LeagueTable/AthleticsDisciplineResults/47651?isModal=True,1,1,27,2024-03-07 00:00:00,2024,10:41:30,Passed,9,ronen pesin,2012,Maccabbi Weisgal,3,6,03:10.85,249,Finals
569,23,759,759,אליפות ישראל arena לצעירים בבריכות קצרות,comp.asp?compID=471,48,https://loglig.com:2053/LeagueTable/AthleticsDisciplines/10309,54,200m Breaststroke,Boys 13,03:25.00,07/03/2024 11:05:30,28,28,/LeagueTable/AthleticsDisciplineResults/47663?isModal=True,1,1,28,2024-03-07 00:00:00,2024,11:05:30,Passed,24,RON EZRA,2011,Maccabbi Weisgal,1,7,03:19.05,219,Finals
570,9,760,760,אליפות ישראל arena לצעירים בבריכות קצרות,comp.asp?compID=471,48,https://loglig.com:2053/LeagueTable/AthleticsDisciplines/10309,56,200m Breaststroke,Boys 14,03:15.00,07/03/2024 11:17:30,31,30,/LeagueTable/AthleticsDisciplineResults/47675?isModal=True,1,1,30,2024-03-07 00:00:00,2024,11:17:30,Passed,10,GILAD HOLAND,2010,Maccabbi Weisgal,2,5,02:47.55,368,Finals
571,8,761,761,אליפות ישראל arena לצעירים בבריכות קצרות,comp.asp?compID=471,48,https://loglig.com:2053/LeagueTable/AthleticsDisciplines/10309,57,4X100m Freestyle Relay Mix,Mix 12,00:00.00,07/03/2024 11:28:00,101,77,/LeagueTable/AthleticsDisciplineResults/47687?isModal=True,1,1,77,2024-03-07 00:00:00,2024,11:28:00,Passed,9,"ron charnitsky, ronen pesin, LIEL NIKOLAEV, OMER SHANI",,Maccabbi Weisgal,2,2,04:54.30,0,Finals
572,17,762,762,אליפות ישראל arena לצעירים בבריכות קצרות,comp.asp?compID=471,48,https://loglig.com:2053/LeagueTable/AthleticsDisciplines/10309,58,4X100m Freestyle Relay Mix,Mix 13-14,00:00.00,07/03/2024 11:40:00,105,80,/LeagueTable/AthleticsDisciplineResults/47689?isModal=True,1,1,80,2024-03-07 00:00:00,2024,11:40:00,Passed,18,"BEN KISHINEVSKI, Yehonatan Nahoum, BAR STACHI, TAMAR AROUETTY",,Maccabbi Weisgal,1,7,04:32.59,0,Finals
573,17,764,764,אליפות ישראל arena לצעירים בבריכות קצרות,comp.asp?compID=471,48,https://loglig.com:2053/LeagueTable/AthleticsDisciplines/10309,60,200m Freestyle,Boys 12,02:55.00,07/03/2024 17:10:30,30,30,/LeagueTable/AthleticsDisciplineResults/47650?isModal=True,1,1,30,2024-03-07 00:00:00,2024,17:10:30,Passed,18,ron charnitsky,2012,Maccabbi Weisgal,2,9,02:31.37,282,Finals
574,7,765,765,אליפות ישראל arena לצעירים בבריכות קצרות,comp.asp?compID=471,48,https://loglig.com:2053/LeagueTable/AthleticsDisciplines/10309,61,200m Freestyle,Girls 13,02:50.00,07/03/2024 17:19:30,30,30,/LeagueTable/AthleticsDisciplineResults/47638?isModal=True,1,1,30,2024-03-07 00:00:00,2024,17:19:30,Passed,8,TAMAR AROUETTY,2011,Maccabbi Weisgal,2,4,02:24.50,444,Finals
575,10,768,768,אליפות ישראל arena לצעירים בבריכות קצרות,comp.asp?compID=471,48,https://loglig.com:2053/LeagueTable/AthleticsDisciplines/10309,65,100m Individual Medley,Girls 12,01:40.00,07/03/2024 17:46:30,31,30,/LeagueTable/AthleticsDisciplineResults/47623?isModal=True,1,1,30,2024-03-07 00:00:00,2024,17:46:30,Passed,11,OMER SHANI,2012,Maccabbi Weisgal,3,0,01:25.65,287,Finals
576,11,768,768,אליפות ישראל arena לצעירים בבריכות קצרות,comp.asp?compID=471,48,https://loglig.com:2053/LeagueTable/AthleticsDisciplines/10309,65,100m Individual Medley,Girls 12,01:40.00,07/03/2024 17:46:30,31,30,/LeagueTable/AthleticsDisciplineResults/47623?isModal=True,1,1,30,2024-03-07 00:00:00,2024,17:46:30,Passed,12,Karin Margolis,2012,Maccabbi Weisgal,2,3,01:25.73,286,Finals
577,12,769,769,אליפות ישראל arena לצעירים בבריכות קצרות,comp.asp?compID=471,48,https://loglig.com:2053/LeagueTable/AthleticsDisciplines/10309,66,100m Individual Medley,Boys 12,01:35.00,07/03/2024 17:52:30,30,29,/LeagueTable/AthleticsDisciplineResults/47647?isModal=True,1,1,29,2024-03-07 00:00:00,2024,17:52:30,Passed,13,Yahli Moshe,2012,Maccabbi Weisgal,2,8,01:21.78,218,Finals
578,14,769,769,אליפות ישראל arena לצעירים בבריכות קצרות,comp.asp?compID=471,48,https://loglig.com:2053/LeagueTable/AthleticsDisciplines/10309,66,100m Individual Medley,Boys 12,01:35.00,07/03/2024 17:52:30,30,29,/LeagueTable/AthleticsDisciplineResults/47647?isModal=True,1,1,29,2024-03-07 00:00:00,2024,17:52:30,Passed,15,NITAY BEN YOSEF,2012,Maccabbi Weisgal,2,2,01:21.93,217,Finals
579,27,770,770,אליפות ישראל arena לצעירים בבריכות קצרות,comp.asp?compID=471,48,https://loglig.com:2053/LeagueTable/AthleticsDisciplines/10309,67,100m Individual Medley,Girls 13,01:40.00,07/03/2024 17:58:30,30,30,/LeagueTable/AthleticsDisciplineResults/47635?isModal=True,1,1,30,2024-03-07 00:00:00,2024,17:58:30,Passed,28,EMILY KUKLINSKY,2011,Maccabbi Weisgal,1,8,01:24.78,296,Finals
580,28,772,772,אליפות ישראל arena לצעירים בבריכות קצרות,comp.asp?compID=471,48,https://loglig.com:2053/LeagueTable/AthleticsDisciplines/10309,70,100m Individual Medley,Boys 14,01:25.00,07/03/2024 18:10:30,31,30,/LeagueTable/AthleticsDisciplineResults/47671?isModal=True,1,1,30,2024-03-07 00:00:00,2024,18:10:30,Passed,29,GILAD HOLAND,2010,Maccabbi Weisgal,1,0,01:14.59,288,Finals
581,18,774,774,אליפות ישראל arena לצעירים בבריכות קצרות,comp.asp?compID=471,48,https://loglig.com:2053/LeagueTable/AthleticsDisciplines/10309,72,200m Backstroke,Boys 12,03:15.00,07/03/2024 18:28:30,30,30,/LeagueTable/AthleticsDisciplineResults/47649?isModal=True,1,1,30,2024-03-07 00:00:00,2024,18:28:30,Passed,19,Eitan Barak,2012,Maccabbi Weisgal,2,1,02:52.34,230,Finals
582,29,774,774,אליפות ישראל arena לצעירים בבריכות קצרות,comp.asp?compID=471,48,https://loglig.com:2053/LeagueTable/AthleticsDisciplines/10309,72,200m Backstroke,Boys 12,03:15.00,07/03/2024 18:28:30,30,30,/LeagueTable/AthleticsDisciplineResults/47649?isModal=True,1,1,30,2024-03-07 00:00:00,2024,18:28:30,Passed,30,YHALI AZARZAR,2012,Maccabbi Weisgal,1,2,03:01.72,196,Finals
583,21,776,776,אליפות ישראל arena לצעירים בבריכות קצרות,comp.asp?compID=471,48,https://loglig.com:2053/LeagueTable/AthleticsDisciplines/10309,74,200m Backstroke,Boys 13,03:10.00,07/03/2024 18:52:00,30,30,/LeagueTable/AthleticsDisciplineResults/47661?isModal=True,1,1,30,2024-03-07 00:00:00,2024,18:52:00,Passed,22,BEN KISHINEVSKI,2011,Maccabbi Weisgal,2,7,02:42.74,273,Finals
584,27,777,777,אליפות ישראל arena לצעירים בבריכות קצרות,comp.asp?compID=471,48,https://loglig.com:2053/LeagueTable/AthleticsDisciplines/10309,76,200m Backstroke,Boys 14,03:00.00,07/03/2024 19:04:00,30,30,/LeagueTable/AthleticsDisciplineResults/47673?isModal=True,1,1,30,2024-03-07 00:00:00,2024,19:04:00,Passed,28,DROR HASIDI,2010,Maccabbi Weisgal,1,9,02:37.27,302,Finals
585,8,779,779,אליפות ישראל arena לצעירים בבריכות קצרות,comp.asp?compID=471,48,https://loglig.com:2053/LeagueTable/AthleticsDisciplines/10309,78,100m Butterfly,Boys 12,01:40.00,08/03/2024 09:36:00,32,29,/LeagueTable/AthleticsDisciplineResults/47648?isModal=True,1,1,29,2024-03-08 00:00:00,2024,09:36:00,Passed,9,ronen pesin,2012,Maccabbi Weisgal,2,5,01:19.34,218,Finals
586,15,779,779,אליפות ישראל arena לצעירים בבריכות קצרות,comp.asp?compID=471,48,https://loglig.com:2053/LeagueTable/AthleticsDisciplines/10309,78,100m Butterfly,Boys 12,01:40.00,08/03/2024 09:36:00,32,29,/LeagueTable/AthleticsDisciplineResults/47648?isModal=True,1,1,29,2024-03-08 00:00:00,2024,09:36:00,Passed,16,Yahli Moshe,2012,Maccabbi Weisgal,2,8,01:23.10,190,Finals
587,20,781,781,אליפות ישראל arena לצעירים בבריכות קצרות,comp.asp?compID=471,48,https://loglig.com:2053/LeagueTable/AthleticsDisciplines/10309,80,100m Butterfly,Boys 13,01:35.00,08/03/2024 09:48:00,31,30,/LeagueTable/AthleticsDisciplineResults/47660?isModal=True,1,1,30,2024-03-08 00:00:00,2024,09:48:00,Passed,21,RON EZRA,2011,Maccabbi Weisgal,1,3,01:21.37,202,Finals
588,23,781,781,אליפות ישראל arena לצעירים בבריכות קצרות,comp.asp?compID=471,48,https://loglig.com:2053/LeagueTable/AthleticsDisciplines/10309,80,100m Butterfly,Boys 13,01:35.00,08/03/2024 09:48:00,31,30,/LeagueTable/AthleticsDisciplineResults/47660?isModal=True,1,1,30,2024-03-08 00:00:00,2024,09:48:00,Passed,24,YOTAM RAIZNER,2011,Maccabbi Weisgal,2,0,01:22.67,193,Finals
589,13,786,786,אליפות ישראל arena לצעירים בבריכות קצרות,comp.asp?compID=471,48,https://loglig.com:2053/LeagueTable/AthleticsDisciplines/10309,86,400m Individual Medley,Boys 13,06:10.00,08/03/2024 10:34:00,17,17,/LeagueTable/AthleticsDisciplineResults/47667?isModal=True,1,1,17,2024-03-08 00:00:00,2024,10:34:00,Passed,14,YOTAM RAIZNER,2011,Maccabbi Weisgal,1,1,06:00.87,275,Finals
590,13,788,788,אליפות ישראל arena לצעירים בבריכות קצרות,comp.asp?compID=471,48,https://loglig.com:2053/LeagueTable/AthleticsDisciplines/10309,89,4X50m Medley Relay,Girls 12-13,00:00.00,08/03/2024 11:00:00,100,80,/LeagueTable/AthleticsDisciplineResults/47692?isModal=True,1,1,80,2024-03-08 00:00:00,2024,11:00:00,Passed,14,"LIEL NIKOLAEV, OMER SHANI, TAMAR AROUETTY, BAR STACHI",,Maccabbi Weisgal,1,7,02:30.01,317,Finals
591,10,789,789,אליפות ישראל arena לצעירים בבריכות קצרות,comp.asp?compID=471,48,https://loglig.com:2053/LeagueTable/AthleticsDisciplines/10309,90,4X50m Medley Relay,Boys 12,00:00.00,08/03/2024 11:10:00,99,80,/LeagueTable/AthleticsDisciplineResults/47694?isModal=True,1,1,80,2024-03-08 00:00:00,2024,11:10:00,Passed,11,"Eitan Barak, ronen pesin, NITAY BEN YOSEF, ron charnitsky",,Maccabbi Weisgal,2,0,02:28.66,222,Finals
592,3,911,911,אליפות גיל 11-10: אזור דרום,comp.asp?compID=472,57,https://loglig.com:2053/LeagueTable/AthleticsDisciplines/10357,1,100m Individual Medley,Girls 10,00:00.00,03/04/2024 10:00:00,9,9,/LeagueTable/AthleticsDisciplineResults/48200?isModal=True,1,1,9,2024-04-03 00:00:00,2024,10:00:00,Passed,4,Akupin Ariel,2014,Maccabbi Weisgal,1,4,01:48.68,140,Direct Finals
593,2,912,912,אליפות גיל 11-10: אזור דרום,comp.asp?compID=472,57,https://loglig.com:2053/LeagueTable/AthleticsDisciplines/10357,2,100m Individual Medley,Boys 10,00:00.00,03/04/2024 10:05:00,14,14,/LeagueTable/AthleticsDisciplineResults/48212?isModal=True,1,1,14,2024-04-03 00:00:00,2024,10:05:00,Passed,3,ALON ABRAMOVICH,2014,Maccabbi Weisgal,2,6,01:35.33,138,Direct Finals
594,3,912,912,אליפות גיל 11-10: אזור דרום,comp.asp?compID=472,57,https://loglig.com:2053/LeagueTable/AthleticsDisciplines/10357,2,100m Individual Medley,Boys 10,00:00.00,03/04/2024 10:05:00,14,14,/LeagueTable/AthleticsDisciplineResults/48212?isModal=True,1,1,14,2024-04-03 00:00:00,2024,10:05:00,Passed,4,AMIT GUR,2014,Maccabbi Weisgal,2,2,01:37.90,127,Direct Finals
595,6,912,912,אליפות גיל 11-10: אזור דרום,comp.asp?compID=472,57,https://loglig.com:2053/LeagueTable/AthleticsDisciplines/10357,2,100m Individual Medley,Boys 10,00:00.00,03/04/2024 10:05:00,14,14,/LeagueTable/AthleticsDisciplineResults/48212?isModal=True,1,1,14,2024-04-03 00:00:00,2024,10:05:00,Passed,7,YANNAI SOFFER,2014,Maccabbi Weisgal,2,7,01:41.36,114,Direct Finals
596,7,912,912,אליפות גיל 11-10: אזור דרום,comp.asp?compID=472,57,https://loglig.com:2053/LeagueTable/AthleticsDisciplines/10357,2,100m Individual Medley,Boys 10,00:00.00,03/04/2024 10:05:00,14,14,/LeagueTable/AthleticsDisciplineResults/48212?isModal=True,1,1,14,2024-04-03 00:00:00,2024,10:05:00,Passed,8,YANNAI NEVO,2014,Maccabbi Weisgal,1,6,01:43.04,109,Direct Finals
597,10,912,912,אליפות גיל 11-10: אזור דרום,comp.asp?compID=472,57,https://loglig.com:2053/LeagueTable/AthleticsDisciplines/10357,2,100m Individual Medley,Boys 10,00:00.00,03/04/2024 10:05:00,14,14,/LeagueTable/AthleticsDisciplineResults/48212?isModal=True,1,1,14,2024-04-03 00:00:00,2024,10:05:00,Passed,11,Eviatar Barak,2014,Maccabbi Weisgal,1,4,01:48.66,93,Direct Finals
598,1,913,913,אליפות גיל 11-10: אזור דרום,comp.asp?compID=472,57,https://loglig.com:2053/LeagueTable/AthleticsDisciplines/10357,3,100m Individual Medley,Girls 11,00:00.00,03/04/2024 10:10:00,28,27,/LeagueTable/AthleticsDisciplineResults/48206?isModal=True,1,1,27,2024-04-03 00:00:00,2024,10:10:00,Passed,2,NEOMI SHARABI,2013,Maccabbi Weisgal,4,5,01:25.04,293,Direct Finals
599,4,913,913,אליפות גיל 11-10: אזור דרום,comp.asp?compID=472,57,https://loglig.com:2053/LeagueTable/AthleticsDisciplines/10357,3,100m Individual Medley,Girls 11,00:00.00,03/04/2024 10:10:00,28,27,/LeagueTable/AthleticsDisciplineResults/48206?isModal=True,1,1,27,2024-04-03 00:00:00,2024,10:10:00,Passed,5,BENMAMAN ODEL,2013,Maccabbi Weisgal,2,7,01:32.40,228,Direct Finals
600,13,913,913,אליפות גיל 11-10: אזור דרום,comp.asp?compID=472,57,https://loglig.com:2053/LeagueTable/AthleticsDisciplines/10357,3,100m Individual Medley,Girls 11,00:00.00,03/04/2024 10:10:00,28,27,/LeagueTable/AthleticsDisciplineResults/48206?isModal=True,1,1,27,2024-04-03 00:00:00,2024,10:10:00,Passed,14,Roni Kahan,2013,Maccabbi Weisgal,2,6,01:43.12,164,Direct Finals
601,27,913,913,אליפות גיל 11-10: אזור דרום,comp.asp?compID=472,57,https://loglig.com:2053/LeagueTable/AthleticsDisciplines/10357,3,100m Individual Medley,Girls 11,00:00.00,03/04/2024 10:10:00,28,27,/LeagueTable/AthleticsDisciplineResults/48206?isModal=True,1,1,27,2024-04-03 00:00:00,2024,10:10:00,Passed,28,ALMA AWAD,2013,Maccabbi Weisgal,2,3,NS,0,Direct Finals
602,1,914,914,אליפות גיל 11-10: אזור דרום,comp.asp?compID=472,57,https://loglig.com:2053/LeagueTable/AthleticsDisciplines/10357,4,100m Individual Medley,Boys 11,00:00.00,03/04/2024 10:20:00,33,30,/LeagueTable/AthleticsDisciplineResults/48218?isModal=True,1,1,30,2024-04-03 00:00:00,2024,10:20:00,Passed,2,Ido Maruani,2013,Maccabbi Weisgal,2,5,01:23.54,205,Direct Finals
603,4,914,914,אליפות גיל 11-10: אזור דרום,comp.asp?compID=472,57,https://loglig.com:2053/LeagueTable/AthleticsDisciplines/10357,4,100m Individual Medley,Boys 11,00:00.00,03/04/2024 10:20:00,33,30,/LeagueTable/AthleticsDisciplineResults/48218?isModal=True,1,1,30,2024-04-03 00:00:00,2024,10:20:00,Passed,5,Yanay Daon Moyal,2013,Maccabbi Weisgal,5,6,01:27.09,181,Direct Finals
604,5,914,914,אליפות גיל 11-10: אזור דרום,comp.asp?compID=472,57,https://loglig.com:2053/LeagueTable/AthleticsDisciplines/10357,4,100m Individual Medley,Boys 11,00:00.00,03/04/2024 10:20:00,33,30,/LeagueTable/AthleticsDisciplineResults/48218?isModal=True,1,1,30,2024-04-03 00:00:00,2024,10:20:00,Passed,6,YONATAN EDEN,2013,Maccabbi Weisgal,5,7,01:28.05,175,Direct Finals
605,8,914,914,אליפות גיל 11-10: אזור דרום,comp.asp?compID=472,57,https://loglig.com:2053/LeagueTable/AthleticsDisciplines/10357,4,100m Individual Medley,Boys 11,00:00.00,03/04/2024 10:20:00,33,30,/LeagueTable/AthleticsDisciplineResults/48218?isModal=True,1,1,30,2024-04-03 00:00:00,2024,10:20:00,Passed,9,Dar Jehab,2013,Maccabbi Weisgal,4,4,01:31.52,156,Direct Finals
606,12,914,914,אליפות גיל 11-10: אזור דרום,comp.asp?compID=472,57,https://loglig.com:2053/LeagueTable/AthleticsDisciplines/10357,4,100m Individual Medley,Boys 11,00:00.00,03/04/2024 10:20:00,33,30,/LeagueTable/AthleticsDisciplineResults/48218?isModal=True,1,1,30,2024-04-03 00:00:00,2024,10:20:00,Passed,13,Amir Spizer,2013,Maccabbi Weisgal,2,3,01:34.12,143,Direct Finals
607,23,914,914,אליפות גיל 11-10: אזור דרום,comp.asp?compID=472,57,https://loglig.com:2053/LeagueTable/AthleticsDisciplines/10357,4,100m Individual Medley,Boys 11,00:00.00,03/04/2024 10:20:00,33,30,/LeagueTable/AthleticsDisciplineResults/48218?isModal=True,1,1,30,2024-04-03 00:00:00,2024,10:20:00,Passed,24,Nir Sulinstki,2013,Maccabbi Weisgal,2,4,01:44.85,103,Direct Finals
608,31,914,914,אליפות גיל 11-10: אזור דרום,comp.asp?compID=472,57,https://loglig.com:2053/LeagueTable/AthleticsDisciplines/10357,4,100m Individual Medley,Boys 11,00:00.00,03/04/2024 10:20:00,33,30,/LeagueTable/AthleticsDisciplineResults/48218?isModal=True,1,1,30,2024-04-03 00:00:00,2024,10:20:00,Passed,31,SHALEV NEIMAN,2013,Maccabbi Weisgal,2,6,NS,0,Direct Finals
609,6,915,915,אליפות גיל 11-10: אזור דרום,comp.asp?compID=472,57,https://loglig.com:2053/LeagueTable/AthleticsDisciplines/10357,5,200m Freestyle,Girls 10,00:00.00,03/04/2024 10:35:00,9,9,/LeagueTable/AthleticsDisciplineResults/48201?isModal=True,1,1,9,2024-04-03 00:00:00,2024,10:35:00,Passed,7,AYALA SALOMA,2014,Maccabbi Weisgal,2,5,03:24.63,156,Direct Finals
610,5,916,916,אליפות גיל 11-10: אזור דרום,comp.asp?compID=472,57,https://loglig.com:2053/LeagueTable/AthleticsDisciplines/10357,6,200m Freestyle,Boys 10,00:00.00,03/04/2024 10:44:00,16,15,/LeagueTable/AthleticsDisciplineResults/48213?isModal=True,1,1,15,2024-04-03 00:00:00,2024,10:44:00,Passed,6,AMIT GUR,2014,Maccabbi Weisgal,3,3,03:09.63,143,Direct Finals
611,8,916,916,אליפות גיל 11-10: אזור דרום,comp.asp?compID=472,57,https://loglig.com:2053/LeagueTable/AthleticsDisciplines/10357,6,200m Freestyle,Boys 10,00:00.00,03/04/2024 10:44:00,16,15,/LeagueTable/AthleticsDisciplineResults/48213?isModal=True,1,1,15,2024-04-03 00:00:00,2024,10:44:00,Passed,9,YANNAI NEVO,2014,Maccabbi Weisgal,2,2,03:15.65,131,Direct Finals
612,1,917,917,אליפות גיל 11-10: אזור דרום,comp.asp?compID=472,57,https://loglig.com:2053/LeagueTable/AthleticsDisciplines/10357,7,200m Freestyle,Girls 11,00:00.00,03/04/2024 10:57:30,18,18,/LeagueTable/AthleticsDisciplineResults/48207?isModal=True,1,1,18,2024-04-03 00:00:00,2024,10:57:30,Passed,2,NEOMI SHARABI,2013,Maccabbi Weisgal,3,7,02:42.55,312,Direct Finals
613,9,917,917,אליפות גיל 11-10: אזור דרום,comp.asp?compID=472,57,https://loglig.com:2053/LeagueTable/AthleticsDisciplines/10357,7,200m Freestyle,Girls 11,00:00.00,03/04/2024 10:57:30,18,18,/LeagueTable/AthleticsDisciplineResults/48207?isModal=True,1,1,18,2024-04-03 00:00:00,2024,10:57:30,Passed,10,Libi Goldberg,2013,Maccabbi Weisgal,1,5,03:07.93,202,Direct Finals
614,13,917,917,אליפות גיל 11-10: אזור דרום,comp.asp?compID=472,57,https://loglig.com:2053/LeagueTable/AthleticsDisciplines/10357,7,200m Freestyle,Girls 11,00:00.00,03/04/2024 10:57:30,18,18,/LeagueTable/AthleticsDisciplineResults/48207?isModal=True,1,1,18,2024-04-03 00:00:00,2024,10:57:30,Passed,14,Roni Kahan,2013,Maccabbi Weisgal,1,3,03:18.94,170,Direct Finals
615,4,918,918,אליפות גיל 11-10: אזור דרום,comp.asp?compID=472,57,https://loglig.com:2053/LeagueTable/AthleticsDisciplines/10357,8,200m Freestyle,Boys 11,00:00.00,03/04/2024 11:11:00,19,18,/LeagueTable/AthleticsDisciplineResults/48219?isModal=True,1,1,18,2024-04-03 00:00:00,2024,11:11:00,Passed,5,YONATAN EDEN,2013,Maccabbi Weisgal,1,5,02:45.40,216,Direct Finals
616,2,919,919,אליפות גיל 11-10: אזור דרום,comp.asp?compID=472,57,https://loglig.com:2053/LeagueTable/AthleticsDisciplines/10357,9,50m Butterfly,Girls 10,00:00.00,03/04/2024 11:24:30,12,12,/LeagueTable/AthleticsDisciplineResults/48222?isModal=True,1,1,12,2024-04-03 00:00:00,2024,11:24:30,Passed,3,Akupin Ariel,2014,Maccabbi Weisgal,2,1,00:48.33,128,Direct Finals
617,4,919,919,אליפות גיל 11-10: אזור דרום,comp.asp?compID=472,57,https://loglig.com:2053/LeagueTable/AthleticsDisciplines/10357,9,50m Butterfly,Girls 10,00:00.00,03/04/2024 11:24:30,12,12,/LeagueTable/AthleticsDisciplineResults/48222?isModal=True,1,1,12,2024-04-03 00:00:00,2024,11:24:30,Passed,5,NIKA ZELITCHONOK,2014,Maccabbi Weisgal,1,6,00:52.31,101,Direct Finals
618,9,919,919,אליפות גיל 11-10: אזור דרום,comp.asp?compID=472,57,https://loglig.com:2053/LeagueTable/AthleticsDisciplines/10357,9,50m Butterfly,Girls 10,00:00.00,03/04/2024 11:24:30,12,12,/LeagueTable/AthleticsDisciplineResults/48222?isModal=True,1,1,12,2024-04-03 00:00:00,2024,11:24:30,Passed,10,AYALA SALOMA,2014,Maccabbi Weisgal,1,4,00:56.68,79,Direct Finals
619,3,920,920,אליפות גיל 11-10: אזור דרום,comp.asp?compID=472,57,https://loglig.com:2053/LeagueTable/AthleticsDisciplines/10357,10,50m Butterfly,Boys 10,00:00.00,03/04/2024 11:27:30,15,14,/LeagueTable/AthleticsDisciplineResults/48224?isModal=True,1,1,14,2024-04-03 00:00:00,2024,11:27:30,Passed,4,ASSAF LEBOVITCH,2014,Maccabbi Weisgal,2,2,00:42.67,132,Direct Finals
620,4,920,920,אליפות גיל 11-10: אזור דרום,comp.asp?compID=472,57,https://loglig.com:2053/LeagueTable/AthleticsDisciplines/10357,10,50m Butterfly,Boys 10,00:00.00,03/04/2024 11:27:30,15,14,/LeagueTable/AthleticsDisciplineResults/48224?isModal=True,1,1,14,2024-04-03 00:00:00,2024,11:27:30,Passed,5,AMIT GUR,2014,Maccabbi Weisgal,3,2,00:43.28,126,Direct Finals
621,5,920,920,אליפות גיל 11-10: אזור דרום,comp.asp?compID=472,57,https://loglig.com:2053/LeagueTable/AthleticsDisciplines/10357,10,50m Butterfly,Boys 10,00:00.00,03/04/2024 11:27:30,15,14,/LeagueTable/AthleticsDisciplineResults/48224?isModal=True,1,1,14,2024-04-03 00:00:00,2024,11:27:30,Passed,6,YANNAI SOFFER,2014,Maccabbi Weisgal,3,1,00:43.57,124,Direct Finals
622,7,920,920,אליפות גיל 11-10: אזור דרום,comp.asp?compID=472,57,https://loglig.com:2053/LeagueTable/AthleticsDisciplines/10357,10,50m Butterfly,Boys 10,00:00.00,03/04/2024 11:27:30,15,14,/LeagueTable/AthleticsDisciplineResults/48224?isModal=True,1,1,14,2024-04-03 00:00:00,2024,11:27:30,Passed,8,DANIEL MASLINKOV,2014,Maccabbi Weisgal,1,4,00:46.20,104,Direct Finals
623,11,920,920,אליפות גיל 11-10: אזור דרום,comp.asp?compID=472,57,https://loglig.com:2053/LeagueTable/AthleticsDisciplines/10357,10,50m Butterfly,Boys 10,00:00.00,03/04/2024 11:27:30,15,14,/LeagueTable/AthleticsDisciplineResults/48224?isModal=True,1,1,14,2024-04-03 00:00:00,2024,11:27:30,Passed,12,Eviatar Barak,2014,Maccabbi Weisgal,2,3,00:56.49,57,Direct Finals
624,12,920,920,אליפות גיל 11-10: אזור דרום,comp.asp?compID=472,57,https://loglig.com:2053/LeagueTable/AthleticsDisciplines/10357,10,50m Butterfly,Boys 10,00:00.00,03/04/2024 11:27:30,15,14,/LeagueTable/AthleticsDisciplineResults/48224?isModal=True,1,1,14,2024-04-03 00:00:00,2024,11:27:30,Passed,13,YOHATHAN MIKULITSKI,2014,Maccabbi Weisgal,2,5,01:08.27,32,Direct Finals
625,0,921,921,אליפות גיל 11-10: אזור דרום,comp.asp?compID=472,57,https://loglig.com:2053/LeagueTable/AthleticsDisciplines/10357,11,100m Butterfly,Girls 11,00:00.00,03/04/2024 11:33:30,10,10,/LeagueTable/AthleticsDisciplineResults/48225?isModal=True,1,1,10,2024-04-03 00:00:00,2024,11:33:30,Passed,1,Liam Turjeman,2013,Maccabbi Weisgal,2,4,01:24.23,273,Direct Finals
626,7,921,921,אליפות גיל 11-10: אזור דרום,comp.asp?compID=472,57,https://loglig.com:2053/LeagueTable/AthleticsDisciplines/10357,11,100m Butterfly,Girls 11,00:00.00,03/04/2024 11:33:30,10,10,/LeagueTable/AthleticsDisciplineResults/48225?isModal=True,1,1,10,2024-04-03 00:00:00,2024,11:33:30,Passed,8,Roni Kahan,2013,Maccabbi Weisgal,2,7,02:01.67,90,Direct Finals
627,4,922,922,אליפות גיל 11-10: אזור דרום,comp.asp?compID=472,57,https://loglig.com:2053/LeagueTable/AthleticsDisciplines/10357,12,100m Butterfly,Boys 11,00:00.00,03/04/2024 11:38:30,13,11,/LeagueTable/AthleticsDisciplineResults/48227?isModal=True,1,1,11,2024-04-03 00:00:00,2024,11:38:30,Passed,5,Yanay Daon Moyal,2013,Maccabbi Weisgal,2,6,01:29.40,152,Direct Finals
628,5,922,922,אליפות גיל 11-10: אזור דרום,comp.asp?compID=472,57,https://loglig.com:2053/LeagueTable/AthleticsDisciplines/10357,12,100m Butterfly,Boys 11,00:00.00,03/04/2024 11:38:30,13,11,/LeagueTable/AthleticsDisciplineResults/48227?isModal=True,1,1,11,2024-04-03 00:00:00,2024,11:38:30,Passed,6,Dar Jehab,2013,Maccabbi Weisgal,1,3,01:30.48,147,Direct Finals
629,12,922,922,אליפות גיל 11-10: אזור דרום,comp.asp?compID=472,57,https://loglig.com:2053/LeagueTable/AthleticsDisciplines/10357,12,100m Butterfly,Boys 11,00:00.00,03/04/2024 11:38:30,13,11,/LeagueTable/AthleticsDisciplineResults/48227?isModal=True,1,1,11,2024-04-03 00:00:00,2024,11:38:30,Passed,12,SHALEV NEIMAN,2013,Maccabbi Weisgal,1,7,NS,0,Direct Finals
630,0,923,923,אליפות גיל 11-10: אזור דרום,comp.asp?compID=472,57,https://loglig.com:2053/LeagueTable/AthleticsDisciplines/10357,13,100m Backstroke,Girls 10,00:00.00,03/04/2024 11:43:30,14,14,/LeagueTable/AthleticsDisciplineResults/48197?isModal=True,1,1,14,2024-04-03 00:00:00,2024,11:43:30,Passed,1,Akupin Ariel,2014,Maccabbi Weisgal,2,4,01:43.23,150,Direct Finals
631,1,923,923,אליפות גיל 11-10: אזור דרום,comp.asp?compID=472,57,https://loglig.com:2053/LeagueTable/AthleticsDisciplines/10357,13,100m Backstroke,Girls 10,00:00.00,03/04/2024 11:43:30,14,14,/LeagueTable/AthleticsDisciplineResults/48197?isModal=True,1,1,14,2024-04-03 00:00:00,2024,11:43:30,Passed,2,AYALA SALOMA,2014,Maccabbi Weisgal,2,5,01:43.57,148,Direct Finals
632,4,923,923,אליפות גיל 11-10: אזור דרום,comp.asp?compID=472,57,https://loglig.com:2053/LeagueTable/AthleticsDisciplines/10357,13,100m Backstroke,Girls 10,00:00.00,03/04/2024 11:43:30,14,14,/LeagueTable/AthleticsDisciplineResults/48197?isModal=True,1,1,14,2024-04-03 00:00:00,2024,11:43:30,Passed,5,NIKA ZELITCHONOK,2014,Maccabbi Weisgal,1,3,01:51.88,118,Direct Finals
633,0,924,924,אליפות גיל 11-10: אזור דרום,comp.asp?compID=472,57,https://loglig.com:2053/LeagueTable/AthleticsDisciplines/10357,14,100m Backstroke,Boys 10,00:00.00,03/04/2024 11:49:30,9,8,/LeagueTable/AthleticsDisciplineResults/48209?isModal=True,1,1,8,2024-04-03 00:00:00,2024,11:49:30,Passed,1,ALON ABRAMOVICH,2014,Maccabbi Weisgal,2,4,01:33.91,136,Direct Finals
634,4,924,924,אליפות גיל 11-10: אזור דרום,comp.asp?compID=472,57,https://loglig.com:2053/LeagueTable/AthleticsDisciplines/10357,14,100m Backstroke,Boys 10,00:00.00,03/04/2024 11:49:30,9,8,/LeagueTable/AthleticsDisciplineResults/48209?isModal=True,1,1,8,2024-04-03 00:00:00,2024,11:49:30,Passed,5,Eviatar Barak,2014,Maccabbi Weisgal,2,2,01:45.97,94,Direct Finals
635,19,925,925,אליפות גיל 11-10: אזור דרום,comp.asp?compID=472,57,https://loglig.com:2053/LeagueTable/AthleticsDisciplines/10357,15,100m Backstroke,Girls 11,00:00.00,03/04/2024 11:55:30,32,31,/LeagueTable/AthleticsDisciplineResults/48203?isModal=True,1,1,31,2024-04-03 00:00:00,2024,11:55:30,Passed,20,NOYA SHER,2013,Maccabbi Weisgal,3,2,01:44.41,145,Direct Finals
636,1,926,926,אליפות גיל 11-10: אזור דרום,comp.asp?compID=472,57,https://loglig.com:2053/LeagueTable/AthleticsDisciplines/10357,16,100m Backstroke,Boys 11,00:00.00,03/04/2024 12:08:00,18,18,/LeagueTable/AthleticsDisciplineResults/48215?isModal=True,1,1,18,2024-04-03 00:00:00,2024,12:08:00,Passed,2,Ido Maruani,2013,Maccabbi Weisgal,2,4,01:26.18,176,Direct Finals
637,2,927,927,אליפות גיל 11-10: אזור דרום,comp.asp?compID=472,57,https://loglig.com:2053/LeagueTable/AthleticsDisciplines/10357,17,4X50m Freestyle Relay,Girls 10-11,00:00.00,03/04/2024 12:15:00,81,72,/LeagueTable/AthleticsDisciplineResults/48229?isModal=True,1,1,72,2024-04-03 00:00:00,2024,12:15:00,Passed,3,"NEOMI SHARABI, Roni Kahan, BENMAMAN ODEL, Liam Turjeman",,Maccabbi Weisgal,3,5,02:25.05,259,Direct Finals
638,13,927,927,אליפות גיל 11-10: אזור דרום,comp.asp?compID=472,57,https://loglig.com:2053/LeagueTable/AthleticsDisciplines/10357,17,4X50m Freestyle Relay,Girls 10-11,00:00.00,03/04/2024 12:15:00,81,72,/LeagueTable/AthleticsDisciplineResults/48229?isModal=True,1,1,72,2024-04-03 00:00:00,2024,12:15:00,Passed,14,"NOYA SHER, MICHAL KEREN, AYALA SALOMA, NIKA ZELITCHONOK",,Maccabbi Weisgal,3,2,02:54.83,148,Direct Finals
639,2,928,928,אליפות גיל 11-10: אזור דרום,comp.asp?compID=472,57,https://loglig.com:2053/LeagueTable/AthleticsDisciplines/10357,18,4X50m Freestyle Relay,Boys 10-11,00:00.00,03/04/2024 12:30:00,65,56,/LeagueTable/AthleticsDisciplineResults/48231?isModal=True,1,1,56,2024-04-03 00:00:00,2024,12:30:00,Passed,3,"YONATAN EDEN, Dar Jehab, Yanay Daon Moyal, Ido Maruani",,Maccabbi Weisgal,2,6,02:20.53,197,Direct Finals
640,7,928,928,אליפות גיל 11-10: אזור דרום,comp.asp?compID=472,57,https://loglig.com:2053/LeagueTable/AthleticsDisciplines/10357,18,4X50m Freestyle Relay,Boys 10-11,00:00.00,03/04/2024 12:30:00,65,56,/LeagueTable/AthleticsDisciplineResults/48231?isModal=True,1,1,56,2024-04-03 00:00:00,2024,12:30:00,Passed,8,"Amir Spizer, YANNAI NEVO, Nir Sulinstki, YANNAI SOFFER",,Maccabbi Weisgal,2,7,02:35.63,145,Direct Finals
641,3,930,930,אליפות גיל 11-10: אזור דרום,comp.asp?compID=472,57,https://loglig.com:2053/LeagueTable/AthleticsDisciplines/10357,20,200m Individual Medley,Boys 10,00:00.00,03/04/2024 14:30:00,6,6,/LeagueTable/AthleticsDisciplineResults/48214?isModal=True,1,1,6,2024-04-03 00:00:00,2024,14:30:00,Passed,4,ASSAF LEBOVITCH,2014,Maccabbi Weisgal,1,6,03:36.47,129,Direct Finals
642,5,930,930,אליפות גיל 11-10: אזור דרום,comp.asp?compID=472,57,https://loglig.com:2053/LeagueTable/AthleticsDisciplines/10357,20,200m Individual Medley,Boys 10,00:00.00,03/04/2024 14:30:00,6,6,/LeagueTable/AthleticsDisciplineResults/48214?isModal=True,1,1,6,2024-04-03 00:00:00,2024,14:30:00,Passed,6,IDAN KOUDINOV,2014,Maccabbi Weisgal,1,3,03:51.58,106,Direct Finals
643,0,931,931,אליפות גיל 11-10: אזור דרום,comp.asp?compID=472,57,https://loglig.com:2053/LeagueTable/AthleticsDisciplines/10357,21,200m Individual Medley,Girls 11,00:00.00,03/04/2024 14:35:00,10,10,/LeagueTable/AthleticsDisciplineResults/48208?isModal=True,1,1,10,2024-04-03 00:00:00,2024,14:35:00,Passed,1,Liam Turjeman,2013,Maccabbi Weisgal,2,4,02:58.01,320,Direct Finals
644,5,932,932,אליפות גיל 11-10: אזור דרום,comp.asp?compID=472,57,https://loglig.com:2053/LeagueTable/AthleticsDisciplines/10357,22,200m Individual Medley,Boys 11,00:00.00,03/04/2024 14:44:00,14,14,/LeagueTable/AthleticsDisciplineResults/48220?isModal=True,1,1,14,2024-04-03 00:00:00,2024,14:44:00,Passed,6,Ido Maruani,2013,Maccabbi Weisgal,2,2,03:01.27,221,Direct Finals
645,6,932,932,אליפות גיל 11-10: אזור דרום,comp.asp?compID=472,57,https://loglig.com:2053/LeagueTable/AthleticsDisciplines/10357,22,200m Individual Medley,Boys 11,00:00.00,03/04/2024 14:44:00,14,14,/LeagueTable/AthleticsDisciplineResults/48220?isModal=True,1,1,14,2024-04-03 00:00:00,2024,14:44:00,Passed,7,Yanay Daon Moyal,2013,Maccabbi Weisgal,2,6,03:06.30,203,Direct Finals
646,11,932,932,אליפות גיל 11-10: אזור דרום,comp.asp?compID=472,57,https://loglig.com:2053/LeagueTable/AthleticsDisciplines/10357,22,200m Individual Medley,Boys 11,00:00.00,03/04/2024 14:44:00,14,14,/LeagueTable/AthleticsDisciplineResults/48220?isModal=True,1,1,14,2024-04-03 00:00:00,2024,14:44:00,Passed,12,Amir Spizer,2013,Maccabbi Weisgal,2,7,03:29.06,144,Direct Finals
647,12,932,932,אליפות גיל 11-10: אזור דרום,comp.asp?compID=472,57,https://loglig.com:2053/LeagueTable/AthleticsDisciplines/10357,22,200m Individual Medley,Boys 11,00:00.00,03/04/2024 14:44:00,14,14,/LeagueTable/AthleticsDisciplineResults/48220?isModal=True,1,1,14,2024-04-03 00:00:00,2024,14:44:00,Passed,13,Nir Sulinstki,2013,Maccabbi Weisgal,1,7,03:41.28,121,Direct Finals
648,3,933,933,אליפות גיל 11-10: אזור דרום,comp.asp?compID=472,57,https://loglig.com:2053/LeagueTable/AthleticsDisciplines/10357,23,100m Freestyle,Girls 10,00:00.00,03/04/2024 14:52:00,29,28,/LeagueTable/AthleticsDisciplineResults/48198?isModal=True,1,1,28,2024-04-03 00:00:00,2024,14:52:00,Passed,4,MICHAL KEREN,2014,Maccabbi Weisgal,3,1,01:30.04,173,Direct Finals
649,10,933,933,אליפות גיל 11-10: אזור דרום,comp.asp?compID=472,57,https://loglig.com:2053/LeagueTable/AthleticsDisciplines/10357,23,100m Freestyle,Girls 10,00:00.00,03/04/2024 14:52:00,29,28,/LeagueTable/AthleticsDisciplineResults/48198?isModal=True,1,1,28,2024-04-03 00:00:00,2024,14:52:00,Passed,11,NIKA ZELITCHONOK,2014,Maccabbi Weisgal,3,4,01:43.61,114,Direct Finals
650,4,934,934,אליפות גיל 11-10: אזור דרום,comp.asp?compID=472,57,https://loglig.com:2053/LeagueTable/AthleticsDisciplines/10357,24,100m Freestyle,Boys 10,00:00.00,03/04/2024 15:04:00,40,38,/LeagueTable/AthleticsDisciplineResults/48210?isModal=True,1,1,38,2024-04-03 00:00:00,2024,15:04:00,Passed,5,ASSAF LEBOVITCH,2014,Maccabbi Weisgal,6,6,01:25.46,144,Direct Finals
651,7,934,934,אליפות גיל 11-10: אזור דרום,comp.asp?compID=472,57,https://loglig.com:2053/LeagueTable/AthleticsDisciplines/10357,24,100m Freestyle,Boys 10,00:00.00,03/04/2024 15:04:00,40,38,/LeagueTable/AthleticsDisciplineResults/48210?isModal=True,1,1,38,2024-04-03 00:00:00,2024,15:04:00,Passed,8,DANIEL MASLINKOV,2014,Maccabbi Weisgal,5,3,01:28.70,129,Direct Finals
652,9,934,934,אליפות גיל 11-10: אזור דרום,comp.asp?compID=472,57,https://loglig.com:2053/LeagueTable/AthleticsDisciplines/10357,24,100m Freestyle,Boys 10,00:00.00,03/04/2024 15:04:00,40,38,/LeagueTable/AthleticsDisciplineResults/48210?isModal=True,1,1,38,2024-04-03 00:00:00,2024,15:04:00,Passed,10,YANNAI SOFFER,2014,Maccabbi Weisgal,5,7,01:29.13,127,Direct Finals
653,11,934,934,אליפות גיל 11-10: אזור דרום,comp.asp?compID=472,57,https://loglig.com:2053/LeagueTable/AthleticsDisciplines/10357,24,100m Freestyle,Boys 10,00:00.00,03/04/2024 15:04:00,40,38,/LeagueTable/AthleticsDisciplineResults/48210?isModal=True,1,1,38,2024-04-03 00:00:00,2024,15:04:00,Passed,12,YOHATHAN MIKULITSKI,2014,Maccabbi Weisgal,6,5,01:30.68,120,Direct Finals
654,23,934,934,אליפות גיל 11-10: אזור דרום,comp.asp?compID=472,57,https://loglig.com:2053/LeagueTable/AthleticsDisciplines/10357,24,100m Freestyle,Boys 10,00:00.00,03/04/2024 15:04:00,40,38,/LeagueTable/AthleticsDisciplineResults/48210?isModal=True,1,1,38,2024-04-03 00:00:00,2024,15:04:00,Passed,24,IDAN KOUDINOV,2014,Maccabbi Weisgal,3,4,01:39.61,91,Direct Finals
655,27,934,934,אליפות גיל 11-10: אזור דרום,comp.asp?compID=472,57,https://loglig.com:2053/LeagueTable/AthleticsDisciplines/10357,24,100m Freestyle,Boys 10,00:00.00,03/04/2024 15:04:00,40,38,/LeagueTable/AthleticsDisciplineResults/48210?isModal=True,1,1,38,2024-04-03 00:00:00,2024,15:04:00,Passed,28,YAIR SUDAKOV,2014,Maccabbi Weisgal,5,4,01:41.84,85,Direct Finals
656,5,935,935,אליפות גיל 11-10: אזור דרום,comp.asp?compID=472,57,https://loglig.com:2053/LeagueTable/AthleticsDisciplines/10357,25,100m Freestyle,Girls 11,00:00.00,03/04/2024 15:19:00,35,35,/LeagueTable/AthleticsDisciplineResults/48204?isModal=True,1,1,35,2024-04-03 00:00:00,2024,15:19:00,Passed,6,BENMAMAN ODEL,2013,Maccabbi Weisgal,5,7,01:20.15,246,Direct Finals
657,7,935,935,אליפות גיל 11-10: אזור דרום,comp.asp?compID=472,57,https://loglig.com:2053/LeagueTable/AthleticsDisciplines/10357,25,100m Freestyle,Girls 11,00:00.00,03/04/2024 15:19:00,35,35,/LeagueTable/AthleticsDisciplineResults/48204?isModal=True,1,1,35,2024-04-03 00:00:00,2024,15:19:00,Passed,8,Libi Goldberg,2013,Maccabbi Weisgal,5,1,01:24.46,210,Direct Finals
658,18,935,935,אליפות גיל 11-10: אזור דרום,comp.asp?compID=472,57,https://loglig.com:2053/LeagueTable/AthleticsDisciplines/10357,25,100m Freestyle,Girls 11,00:00.00,03/04/2024 15:19:00,35,35,/LeagueTable/AthleticsDisciplineResults/48204?isModal=True,1,1,35,2024-04-03 00:00:00,2024,15:19:00,Passed,19,NOYA SHER,2013,Maccabbi Weisgal,4,6,01:36.90,139,Direct Finals
659,34,935,935,אליפות גיל 11-10: אזור דרום,comp.asp?compID=472,57,https://loglig.com:2053/LeagueTable/AthleticsDisciplines/10357,25,100m Freestyle,Girls 11,00:00.00,03/04/2024 15:19:00,35,35,/LeagueTable/AthleticsDisciplineResults/48204?isModal=True,1,1,35,2024-04-03 00:00:00,2024,15:19:00,Passed,35,ALMA AWAD,2013,Maccabbi Weisgal,4,3,NS,0,Direct Finals
660,6,936,936,אליפות גיל 11-10: אזור דרום,comp.asp?compID=472,57,https://loglig.com:2053/LeagueTable/AthleticsDisciplines/10357,26,100m Freestyle,Boys 11,00:00.00,03/04/2024 15:31:30,43,40,/LeagueTable/AthleticsDisciplineResults/48216?isModal=True,1,1,40,2024-04-03 00:00:00,2024,15:31:30,Passed,7,YONATAN EDEN,2013,Maccabbi Weisgal,7,1,01:18.12,189,Direct Finals
661,10,936,936,אליפות גיל 11-10: אזור דרום,comp.asp?compID=472,57,https://loglig.com:2053/LeagueTable/AthleticsDisciplines/10357,26,100m Freestyle,Boys 11,00:00.00,03/04/2024 15:31:30,43,40,/LeagueTable/AthleticsDisciplineResults/48216?isModal=True,1,1,40,2024-04-03 00:00:00,2024,15:31:30,Passed,11,Dar Jehab,2013,Maccabbi Weisgal,6,2,01:21.84,164,Direct Finals
662,42,936,936,אליפות גיל 11-10: אזור דרום,comp.asp?compID=472,57,https://loglig.com:2053/LeagueTable/AthleticsDisciplines/10357,26,100m Freestyle,Boys 11,00:00.00,03/04/2024 15:31:30,43,40,/LeagueTable/AthleticsDisciplineResults/48216?isModal=True,1,1,40,2024-04-03 00:00:00,2024,15:31:30,Passed,41,SHALEV NEIMAN,2013,Maccabbi Weisgal,5,3,NS,0,Direct Finals
663,1,937,937,אליפות גיל 11-10: אזור דרום,comp.asp?compID=472,57,https://loglig.com:2053/LeagueTable/AthleticsDisciplines/10357,27,100m Breaststroke,Girls 10,00:00.00,03/04/2024 15:49:00,13,13,/LeagueTable/AthleticsDisciplineResults/48199?isModal=True,1,1,13,2024-04-03 00:00:00,2024,15:49:00,Passed,2,MICHAL KEREN,2014,Maccabbi Weisgal,2,3,01:55.17,158,Direct Finals
664,1,938,938,אליפות גיל 11-10: אזור דרום,comp.asp?compID=472,57,https://loglig.com:2053/LeagueTable/AthleticsDisciplines/10357,28,100m Breaststroke,Boys 10,00:00.00,03/04/2024 15:54:00,18,18,/LeagueTable/AthleticsDisciplineResults/48211?isModal=True,1,1,18,2024-04-03 00:00:00,2024,15:54:00,Passed,2,DANIEL MASLINKOV,2014,Maccabbi Weisgal,3,5,01:48.43,132,Direct Finals
665,3,938,938,אליפות גיל 11-10: אזור דרום,comp.asp?compID=472,57,https://loglig.com:2053/LeagueTable/AthleticsDisciplines/10357,28,100m Breaststroke,Boys 10,00:00.00,03/04/2024 15:54:00,18,18,/LeagueTable/AthleticsDisciplineResults/48211?isModal=True,1,1,18,2024-04-03 00:00:00,2024,15:54:00,Passed,4,YANNAI NEVO,2014,Maccabbi Weisgal,2,4,01:53.72,114,Direct Finals
666,11,938,938,אליפות גיל 11-10: אזור דרום,comp.asp?compID=472,57,https://loglig.com:2053/LeagueTable/AthleticsDisciplines/10357,28,100m Breaststroke,Boys 10,00:00.00,03/04/2024 15:54:00,18,18,/LeagueTable/AthleticsDisciplineResults/48211?isModal=True,1,1,18,2024-04-03 00:00:00,2024,15:54:00,Passed,12,YAIR SUDAKOV,2014,Maccabbi Weisgal,2,7,02:05.27,85,Direct Finals
667,15,938,938,אליפות גיל 11-10: אזור דרום,comp.asp?compID=472,57,https://loglig.com:2053/LeagueTable/AthleticsDisciplines/10357,28,100m Breaststroke,Boys 10,00:00.00,03/04/2024 15:54:00,18,18,/LeagueTable/AthleticsDisciplineResults/48211?isModal=True,1,1,18,2024-04-03 00:00:00,2024,15:54:00,Passed,16,IDAN KOUDINOV,2014,Maccabbi Weisgal,2,1,02:10.16,76,Direct Finals
668,1,939,939,אליפות גיל 11-10: אזור דרום,comp.asp?compID=472,57,https://loglig.com:2053/LeagueTable/AthleticsDisciplines/10357,29,100m Breaststroke,Girls 11,00:00.00,03/04/2024 16:01:30,33,32,/LeagueTable/AthleticsDisciplineResults/48205?isModal=True,1,1,32,2024-04-03 00:00:00,2024,16:01:30,Passed,2,NEOMI SHARABI,2013,Maccabbi Weisgal,5,3,01:34.32,289,Direct Finals
669,10,939,939,אליפות גיל 11-10: אזור דרום,comp.asp?compID=472,57,https://loglig.com:2053/LeagueTable/AthleticsDisciplines/10357,29,100m Breaststroke,Girls 11,00:00.00,03/04/2024 16:01:30,33,32,/LeagueTable/AthleticsDisciplineResults/48205?isModal=True,1,1,32,2024-04-03 00:00:00,2024,16:01:30,Passed,11,BENMAMAN ODEL,2013,Maccabbi Weisgal,4,7,01:48.14,191,Direct Finals
670,19,939,939,אליפות גיל 11-10: אזור דרום,comp.asp?compID=472,57,https://loglig.com:2053/LeagueTable/AthleticsDisciplines/10357,29,100m Breaststroke,Girls 11,00:00.00,03/04/2024 16:01:30,33,32,/LeagueTable/AthleticsDisciplineResults/48205?isModal=True,1,1,32,2024-04-03 00:00:00,2024,16:01:30,Passed,20,NOYA SHER,2013,Maccabbi Weisgal,2,4,01:55.65,156,Direct Finals
671,32,939,939,אליפות גיל 11-10: אזור דרום,comp.asp?compID=472,57,https://loglig.com:2053/LeagueTable/AthleticsDisciplines/10357,29,100m Breaststroke,Girls 11,00:00.00,03/04/2024 16:01:30,33,32,/LeagueTable/AthleticsDisciplineResults/48205?isModal=True,1,1,32,2024-04-03 00:00:00,2024,16:01:30,Passed,33,ALMA AWAD,2013,Maccabbi Weisgal,3,2,NS,0,Direct Finals
672,4,940,940,אליפות גיל 11-10: אזור דרום,comp.asp?compID=472,57,https://loglig.com:2053/LeagueTable/AthleticsDisciplines/10357,30,100m Breaststroke,Boys 11,00:00.00,03/04/2024 16:14:00,17,16,/LeagueTable/AthleticsDisciplineResults/48217?isModal=True,1,1,16,2024-04-03 00:00:00,2024,16:14:00,Passed,5,Amir Spizer,2013,Maccabbi Weisgal,3,7,01:47.88,134,Direct Finals
673,1,941,941,אליפות גיל 11-10: אזור דרום,comp.asp?compID=472,57,https://loglig.com:2053/LeagueTable/AthleticsDisciplines/10357,31,50m Backstroke,Girls 10,00:00.00,03/04/2024 16:21:30,15,15,/LeagueTable/AthleticsDisciplineResults/48221?isModal=True,1,1,15,2024-04-03 00:00:00,2024,16:21:30,Passed,2,MICHAL KEREN,2014,Maccabbi Weisgal,2,6,00:49.92,129,Direct Finals
674,0,942,942,אליפות גיל 11-10: אזור דרום,comp.asp?compID=472,57,https://loglig.com:2053/LeagueTable/AthleticsDisciplines/10357,32,50m Backstroke,Boys 10,00:00.00,03/04/2024 16:27:30,18,17,/LeagueTable/AthleticsDisciplineResults/48223?isModal=True,1,1,17,2024-04-03 00:00:00,2024,16:27:30,Passed,1,ALON ABRAMOVICH,2014,Maccabbi Weisgal,3,5,00:42.22,145,Direct Finals
675,3,942,942,אליפות גיל 11-10: אזור דרום,comp.asp?compID=472,57,https://loglig.com:2053/LeagueTable/AthleticsDisciplines/10357,32,50m Backstroke,Boys 10,00:00.00,03/04/2024 16:27:30,18,17,/LeagueTable/AthleticsDisciplineResults/48223?isModal=True,1,1,17,2024-04-03 00:00:00,2024,16:27:30,Passed,4,YOHATHAN MIKULITSKI,2014,Maccabbi Weisgal,3,7,00:47.00,105,Direct Finals
676,13,942,942,אליפות גיל 11-10: אזור דרום,comp.asp?compID=472,57,https://loglig.com:2053/LeagueTable/AthleticsDisciplines/10357,32,50m Backstroke,Boys 10,00:00.00,03/04/2024 16:27:30,18,17,/LeagueTable/AthleticsDisciplineResults/48223?isModal=True,1,1,17,2024-04-03 00:00:00,2024,16:27:30,Passed,14,YAIR SUDAKOV,2014,Maccabbi Weisgal,2,6,00:54.66,67,Direct Finals
677,0,943,943,אליפות גיל 11-10: אזור דרום,comp.asp?compID=472,57,https://loglig.com:2053/LeagueTable/AthleticsDisciplines/10357,33,200m Backstroke,Girls 11,00:00.00,03/04/2024 16:33:30,4,4,/LeagueTable/AthleticsDisciplineResults/48226?isModal=True,1,1,4,2024-04-03 00:00:00,2024,16:33:30,Passed,1,Liam Turjeman,2013,Maccabbi Weisgal,1,4,02:56.62,305,Direct Finals
678,2,943,943,אליפות גיל 11-10: אזור דרום,comp.asp?compID=472,57,https://loglig.com:2053/LeagueTable/AthleticsDisciplines/10357,33,200m Backstroke,Girls 11,00:00.00,03/04/2024 16:33:30,4,4,/LeagueTable/AthleticsDisciplineResults/48226?isModal=True,1,1,4,2024-04-03 00:00:00,2024,16:33:30,Passed,3,Libi Goldberg,2013,Maccabbi Weisgal,1,5,03:17.04,219,Direct Finals
679,4,944,944,אליפות גיל 11-10: אזור דרום,comp.asp?compID=472,57,https://loglig.com:2053/LeagueTable/AthleticsDisciplines/10357,34,200m Backstroke,Boys 11,00:00.00,03/04/2024 16:38:00,6,5,/LeagueTable/AthleticsDisciplineResults/48228?isModal=True,1,1,5,2024-04-03 00:00:00,2024,16:38:00,Passed,5,Nir Sulinstki,2013,Maccabbi Weisgal,1,6,03:39.25,111,Direct Finals
680,2,945,945,אליפות גיל 11-10: אזור דרום,comp.asp?compID=472,57,https://loglig.com:2053/LeagueTable/AthleticsDisciplines/10357,35,4X50m Medley Relay,Girls 10-11,00:00.00,03/04/2024 16:42:00,69,60,/LeagueTable/AthleticsDisciplineResults/48230?isModal=True,1,1,60,2024-04-03 00:00:00,2024,16:42:00,Passed,3,"BENMAMAN ODEL, NEOMI SHARABI, Liam Turjeman, Roni Kahan",,Maccabbi Weisgal,3,4,02:46.08,234,Direct Finals
681,12,945,945,אליפות גיל 11-10: אזור דרום,comp.asp?compID=472,57,https://loglig.com:2053/LeagueTable/AthleticsDisciplines/10357,35,4X50m Medley Relay,Girls 10-11,00:00.00,03/04/2024 16:42:00,69,60,/LeagueTable/AthleticsDisciplineResults/48230?isModal=True,1,1,60,2024-04-03 00:00:00,2024,16:42:00,Passed,13,"MICHAL KEREN, NOYA SHER, AYALA SALOMA, NIKA ZELITCHONOK",,Maccabbi Weisgal,3,6,03:27.29,120,Direct Finals
682,4,946,946,אליפות גיל 11-10: אזור דרום,comp.asp?compID=472,57,https://loglig.com:2053/LeagueTable/AthleticsDisciplines/10357,36,4X50m Medley Relay,Boys 10-11,00:00.00,03/04/2024 16:57:00,68,60,/LeagueTable/AthleticsDisciplineResults/48232?isModal=True,1,1,60,2024-04-03 00:00:00,2024,16:57:00,Passed,5,"Ido Maruani, YONATAN EDEN, Yanay Daon Moyal, Dar Jehab",,Maccabbi Weisgal,3,3,02:42.25,171,Direct Finals
683,7,946,946,אליפות גיל 11-10: אזור דרום,comp.asp?compID=472,57,https://loglig.com:2053/LeagueTable/AthleticsDisciplines/10357,36,4X50m Medley Relay,Boys 10-11,00:00.00,03/04/2024 16:57:00,68,60,/LeagueTable/AthleticsDisciplineResults/48232?isModal=True,1,1,60,2024-04-03 00:00:00,2024,16:57:00,Passed,8,"ALON ABRAMOVICH, DANIEL MASLINKOV, ASSAF LEBOVITCH, Amir Spizer",,Maccabbi Weisgal,3,2,02:57.33,131,Direct Finals
684,2,947,947,ליגה צעירים בת ים,comp.asp?compID=1513,58,https://loglig.com:2053/LeagueTable/AthleticsDisciplines/10339,1,200m Freestyle,Girls 10-13,00:00.00,12/04/2024 09:00:00,38,38,/LeagueTable/AthleticsDisciplineResults/48028?isModal=True,1,1,38,2024-04-12 00:00:00,2024,09:00:00,Passed,3,TAMAR AROUETTY,2011,Maccabbi Weisgal,8,3,02:26.32,428,Direct Finals
685,5,947,947,ליגה צעירים בת ים,comp.asp?compID=1513,58,https://loglig.com:2053/LeagueTable/AthleticsDisciplines/10339,1,200m Freestyle,Girls 10-13,00:00.00,12/04/2024 09:00:00,38,38,/LeagueTable/AthleticsDisciplineResults/48028?isModal=True,1,1,38,2024-04-12 00:00:00,2024,09:00:00,Passed,6,LIEL NIKOLAEV,2012,Maccabbi Weisgal,7,4,02:38.48,337,Direct Finals
686,6,947,947,ליגה צעירים בת ים,comp.asp?compID=1513,58,https://loglig.com:2053/LeagueTable/AthleticsDisciplines/10339,1,200m Freestyle,Girls 10-13,00:00.00,12/04/2024 09:00:00,38,38,/LeagueTable/AthleticsDisciplineResults/48028?isModal=True,1,1,38,2024-04-12 00:00:00,2024,09:00:00,Passed,7,BAR STACHI,2011,Maccabbi Weisgal,7,3,02:39.05,333,Direct Finals
687,7,947,947,ליגה צעירים בת ים,comp.asp?compID=1513,58,https://loglig.com:2053/LeagueTable/AthleticsDisciplines/10339,1,200m Freestyle,Girls 10-13,00:00.00,12/04/2024 09:00:00,38,38,/LeagueTable/AthleticsDisciplineResults/48028?isModal=True,1,1,38,2024-04-12 00:00:00,2024,09:00:00,Passed,8,Liam Turjeman,2013,Maccabbi Weisgal,2,4,02:42.62,312,Direct Finals
688,8,947,947,ליגה צעירים בת ים,comp.asp?compID=1513,58,https://loglig.com:2053/LeagueTable/AthleticsDisciplines/10339,1,200m Freestyle,Girls 10-13,00:00.00,12/04/2024 09:00:00,38,38,/LeagueTable/AthleticsDisciplineResults/48028?isModal=True,1,1,38,2024-04-12 00:00:00,2024,09:00:00,Passed,9,EMILY KUKLINSKY,2011,Maccabbi Weisgal,4,3,02:42.65,311,Direct Finals
689,11,947,947,ליגה צעירים בת ים,comp.asp?compID=1513,58,https://loglig.com:2053/LeagueTable/AthleticsDisciplines/10339,1,200m Freestyle,Girls 10-13,00:00.00,12/04/2024 09:00:00,38,38,/LeagueTable/AthleticsDisciplineResults/48028?isModal=True,1,1,38,2024-04-12 00:00:00,2024,09:00:00,Passed,12,OMER SHANI,2012,Maccabbi Weisgal,7,2,02:50.33,271,Direct Finals
690,26,947,947,ליגה צעירים בת ים,comp.asp?compID=1513,58,https://loglig.com:2053/LeagueTable/AthleticsDisciplines/10339,1,200m Freestyle,Girls 10-13,00:00.00,12/04/2024 09:00:00,38,38,/LeagueTable/AthleticsDisciplineResults/48028?isModal=True,1,1,38,2024-04-12 00:00:00,2024,09:00:00,Passed,27,DANIEL ITSHAK,2012,Maccabbi Weisgal,4,1,03:37.25,130,Direct Finals
691,31,947,947,ליגה צעירים בת ים,comp.asp?compID=1513,58,https://loglig.com:2053/LeagueTable/AthleticsDisciplines/10339,1,200m Freestyle,Girls 10-13,00:00.00,12/04/2024 09:00:00,38,38,/LeagueTable/AthleticsDisciplineResults/48028?isModal=True,1,1,38,2024-04-12 00:00:00,2024,09:00:00,Passed,32,GIL ZENI,2012,Maccabbi Weisgal,3,2,03:49.89,110,Direct Finals
692,36,947,947,ליגה צעירים בת ים,comp.asp?compID=1513,58,https://loglig.com:2053/LeagueTable/AthleticsDisciplines/10339,1,200m Freestyle,Girls 10-13,00:00.00,12/04/2024 09:00:00,38,38,/LeagueTable/AthleticsDisciplineResults/48028?isModal=True,1,1,38,2024-04-12 00:00:00,2024,09:00:00,Passed,35,SAPIR KAUSHANSKY,2012,Maccabbi Weisgal,6,3,DNS,0,Direct Finals
693,6,948,948,ליגה צעירים בת ים,comp.asp?compID=1513,58,https://loglig.com:2053/LeagueTable/AthleticsDisciplines/10339,2,200m Freestyle,Boys 10-14,00:00.00,12/04/2024 09:40:00,71,71,/LeagueTable/AthleticsDisciplineResults/48032?isModal=True,1,1,71,2024-04-12 00:00:00,2024,09:40:00,Passed,7,DROR HASIDI,2010,Maccabbi Weisgal,13,2,02:18.37,370,Direct Finals
694,8,948,948,ליגה צעירים בת ים,comp.asp?compID=1513,58,https://loglig.com:2053/LeagueTable/AthleticsDisciplines/10339,2,200m Freestyle,Boys 10-14,00:00.00,12/04/2024 09:40:00,71,71,/LeagueTable/AthleticsDisciplineResults/48032?isModal=True,1,1,71,2024-04-12 00:00:00,2024,09:40:00,Passed,9,ROZENSHTRAKH ITAMAR,2010,Maccabbi Weisgal,11,1,02:22.13,341,Direct Finals
695,12,948,948,ליגה צעירים בת ים,comp.asp?compID=1513,58,https://loglig.com:2053/LeagueTable/AthleticsDisciplines/10339,2,200m Freestyle,Boys 10-14,00:00.00,12/04/2024 09:40:00,71,71,/LeagueTable/AthleticsDisciplineResults/48032?isModal=True,1,1,71,2024-04-12 00:00:00,2024,09:40:00,Passed,13,GILAD HOLAND,2010,Maccabbi Weisgal,13,1,02:25.54,318,Direct Finals
696,13,948,948,ליגה צעירים בת ים,comp.asp?compID=1513,58,https://loglig.com:2053/LeagueTable/AthleticsDisciplines/10339,2,200m Freestyle,Boys 10-14,00:00.00,12/04/2024 09:40:00,71,71,/LeagueTable/AthleticsDisciplineResults/48032?isModal=True,1,1,71,2024-04-12 00:00:00,2024,09:40:00,Passed,14,BEN KISHINEVSKI,2011,Maccabbi Weisgal,5,3,02:25.85,316,Direct Finals
697,19,948,948,ליגה צעירים בת ים,comp.asp?compID=1513,58,https://loglig.com:2053/LeagueTable/AthleticsDisciplines/10339,2,200m Freestyle,Boys 10-14,00:00.00,12/04/2024 09:40:00,71,71,/LeagueTable/AthleticsDisciplineResults/48032?isModal=True,1,1,71,2024-04-12 00:00:00,2024,09:40:00,Passed,20,Yahel Berihun,2010,Maccabbi Weisgal,6,5,02:29.84,291,Direct Finals
698,23,948,948,ליגה צעירים בת ים,comp.asp?compID=1513,58,https://loglig.com:2053/LeagueTable/AthleticsDisciplines/10339,2,200m Freestyle,Boys 10-14,00:00.00,12/04/2024 09:40:00,71,71,/LeagueTable/AthleticsDisciplineResults/48032?isModal=True,1,1,71,2024-04-12 00:00:00,2024,09:40:00,Passed,24,ron charnitsky,2012,Maccabbi Weisgal,12,2,02:32.59,276,Direct Finals
699,25,948,948,ליגה צעירים בת ים,comp.asp?compID=1513,58,https://loglig.com:2053/LeagueTable/AthleticsDisciplines/10339,2,200m Freestyle,Boys 10-14,00:00.00,12/04/2024 09:40:00,71,71,/LeagueTable/AthleticsDisciplineResults/48032?isModal=True,1,1,71,2024-04-12 00:00:00,2024,09:40:00,Passed,26,ITAY AVNY,2011,Maccabbi Weisgal,11,5,02:35.37,261,Direct Finals
700,27,948,948,ליגה צעירים בת ים,comp.asp?compID=1513,58,https://loglig.com:2053/LeagueTable/AthleticsDisciplines/10339,2,200m Freestyle,Boys 10-14,00:00.00,12/04/2024 09:40:00,71,71,/LeagueTable/AthleticsDisciplineResults/48032?isModal=True,1,1,71,2024-04-12 00:00:00,2024,09:40:00,Passed,28,YOTAM RAIZNER,2011,Maccabbi Weisgal,5,4,02:35.66,260,Direct Finals
701,31,948,948,ליגה צעירים בת ים,comp.asp?compID=1513,58,https://loglig.com:2053/LeagueTable/AthleticsDisciplines/10339,2,200m Freestyle,Boys 10-14,00:00.00,12/04/2024 09:40:00,71,71,/LeagueTable/AthleticsDisciplineResults/48032?isModal=True,1,1,71,2024-04-12 00:00:00,2024,09:40:00,Passed,32,Eitan Barak,2012,Maccabbi Weisgal,10,2,02:39.09,243,Direct Finals
702,35,948,948,ליגה צעירים בת ים,comp.asp?compID=1513,58,https://loglig.com:2053/LeagueTable/AthleticsDisciplines/10339,2,200m Freestyle,Boys 10-14,00:00.00,12/04/2024 09:40:00,71,71,/LeagueTable/AthleticsDisciplineResults/48032?isModal=True,1,1,71,2024-04-12 00:00:00,2024,09:40:00,Passed,36,NITAY BEN YOSEF,2012,Maccabbi Weisgal,10,4,02:45.98,214,Direct Finals
703,36,948,948,ליגה צעירים בת ים,comp.asp?compID=1513,58,https://loglig.com:2053/LeagueTable/AthleticsDisciplines/10339,2,200m Freestyle,Boys 10-14,00:00.00,12/04/2024 09:40:00,71,71,/LeagueTable/AthleticsDisciplineResults/48032?isModal=True,1,1,71,2024-04-12 00:00:00,2024,09:40:00,Passed,37,Ido Maruani,2013,Maccabbi Weisgal,9,5,02:46.40,212,Direct Finals
704,38,948,948,ליגה צעירים בת ים,comp.asp?compID=1513,58,https://loglig.com:2053/LeagueTable/AthleticsDisciplines/10339,2,200m Freestyle,Boys 10-14,00:00.00,12/04/2024 09:40:00,71,71,/LeagueTable/AthleticsDisciplineResults/48032?isModal=True,1,1,71,2024-04-12 00:00:00,2024,09:40:00,Passed,39,Yanay Daon Moyal,2013,Maccabbi Weisgal,1,4,02:46.80,211,Direct Finals
705,39,948,948,ליגה צעירים בת ים,comp.asp?compID=1513,58,https://loglig.com:2053/LeagueTable/AthleticsDisciplines/10339,2,200m Freestyle,Boys 10-14,00:00.00,12/04/2024 09:40:00,71,71,/LeagueTable/AthleticsDisciplineResults/48032?isModal=True,1,1,71,2024-04-12 00:00:00,2024,09:40:00,Passed,40,YONATAN EDEN,2013,Maccabbi Weisgal,10,5,02:49.49,201,Direct Finals
706,40,948,948,ליגה צעירים בת ים,comp.asp?compID=1513,58,https://loglig.com:2053/LeagueTable/AthleticsDisciplines/10339,2,200m Freestyle,Boys 10-14,00:00.00,12/04/2024 09:40:00,71,71,/LeagueTable/AthleticsDisciplineResults/48032?isModal=True,1,1,71,2024-04-12 00:00:00,2024,09:40:00,Passed,41,YHALI AZARZAR,2012,Maccabbi Weisgal,4,3,02:50.57,197,Direct Finals
707,44,948,948,ליגה צעירים בת ים,comp.asp?compID=1513,58,https://loglig.com:2053/LeagueTable/AthleticsDisciplines/10339,2,200m Freestyle,Boys 10-14,00:00.00,12/04/2024 09:40:00,71,71,/LeagueTable/AthleticsDisciplineResults/48032?isModal=True,1,1,71,2024-04-12 00:00:00,2024,09:40:00,Passed,45,Yaniv Grovman,2012,Maccabbi Weisgal,7,4,02:54.10,185,Direct Finals
708,45,948,948,ליגה צעירים בת ים,comp.asp?compID=1513,58,https://loglig.com:2053/LeagueTable/AthleticsDisciplines/10339,2,200m Freestyle,Boys 10-14,00:00.00,12/04/2024 09:40:00,71,71,/LeagueTable/AthleticsDisciplineResults/48032?isModal=True,1,1,71,2024-04-12 00:00:00,2024,09:40:00,Passed,46,MATAN VIGDIRSKI,2011,Maccabbi Weisgal,9,3,02:54.38,185,Direct Finals
709,48,948,948,ליגה צעירים בת ים,comp.asp?compID=1513,58,https://loglig.com:2053/LeagueTable/AthleticsDisciplines/10339,2,200m Freestyle,Boys 10-14,00:00.00,12/04/2024 09:40:00,71,71,/LeagueTable/AthleticsDisciplineResults/48032?isModal=True,1,1,71,2024-04-12 00:00:00,2024,09:40:00,Passed,49,Dar Jehab,2013,Maccabbi Weisgal,1,3,03:00.09,167,Direct Finals
710,49,948,948,ליגה צעירים בת ים,comp.asp?compID=1513,58,https://loglig.com:2053/LeagueTable/AthleticsDisciplines/10339,2,200m Freestyle,Boys 10-14,00:00.00,12/04/2024 09:40:00,71,71,/LeagueTable/AthleticsDisciplineResults/48032?isModal=True,1,1,71,2024-04-12 00:00:00,2024,09:40:00,Passed,50,ITAMAR AHARONI,2011,Maccabbi Weisgal,5,2,03:00.52,166,Direct Finals
711,54,948,948,ליגה צעירים בת ים,comp.asp?compID=1513,58,https://loglig.com:2053/LeagueTable/AthleticsDisciplines/10339,2,200m Freestyle,Boys 10-14,00:00.00,12/04/2024 09:40:00,71,71,/LeagueTable/AthleticsDisciplineResults/48032?isModal=True,1,1,71,2024-04-12 00:00:00,2024,09:40:00,Passed,55,EVAN MICHELSON,2012,Maccabbi Weisgal,4,1,03:11.98,138,Direct Finals
712,2,949,949,ליגה צעירים בת ים,comp.asp?compID=1513,58,https://loglig.com:2053/LeagueTable/AthleticsDisciplines/10339,3,100m Breaststroke,Girls 10-13,00:00.00,12/04/2024 10:55:00,29,29,/LeagueTable/AthleticsDisciplineResults/48026?isModal=True,1,1,29,2024-04-12 00:00:00,2024,10:55:00,Passed,3,NEOMI SHARABI,2013,Maccabbi Weisgal,6,2,01:33.83,293,Direct Finals
713,5,949,949,ליגה צעירים בת ים,comp.asp?compID=1513,58,https://loglig.com:2053/LeagueTable/AthleticsDisciplines/10339,3,100m Breaststroke,Girls 10-13,00:00.00,12/04/2024 10:55:00,29,29,/LeagueTable/AthleticsDisciplineResults/48026?isModal=True,1,1,29,2024-04-12 00:00:00,2024,10:55:00,Passed,6,YUVAL ORI,2011,Maccabbi Weisgal,6,1,01:39.00,249,Direct Finals
714,6,949,949,ליגה צעירים בת ים,comp.asp?compID=1513,58,https://loglig.com:2053/LeagueTable/AthleticsDisciplines/10339,3,100m Breaststroke,Girls 10-13,00:00.00,12/04/2024 10:55:00,29,29,/LeagueTable/AthleticsDisciplineResults/48026?isModal=True,1,1,29,2024-04-12 00:00:00,2024,10:55:00,Passed,7,Liam Turjeman,2013,Maccabbi Weisgal,6,5,01:39.53,245,Direct Finals
715,7,949,949,ליגה צעירים בת ים,comp.asp?compID=1513,58,https://loglig.com:2053/LeagueTable/AthleticsDisciplines/10339,3,100m Breaststroke,Girls 10-13,00:00.00,12/04/2024 10:55:00,29,29,/LeagueTable/AthleticsDisciplineResults/48026?isModal=True,1,1,29,2024-04-12 00:00:00,2024,10:55:00,Passed,8,HADAR BACHAR,2012,Maccabbi Weisgal,4,4,01:42.79,223,Direct Finals
716,8,949,949,ליגה צעירים בת ים,comp.asp?compID=1513,58,https://loglig.com:2053/LeagueTable/AthleticsDisciplines/10339,3,100m Breaststroke,Girls 10-13,00:00.00,12/04/2024 10:55:00,29,29,/LeagueTable/AthleticsDisciplineResults/48026?isModal=True,1,1,29,2024-04-12 00:00:00,2024,10:55:00,Passed,8,LI - CHEN OVADEA,2012,Maccabbi Weisgal,5,4,01:42.79,223,Direct Finals
717,12,949,949,ליגה צעירים בת ים,comp.asp?compID=1513,58,https://loglig.com:2053/LeagueTable/AthleticsDisciplines/10339,3,100m Breaststroke,Girls 10-13,00:00.00,12/04/2024 10:55:00,29,29,/LeagueTable/AthleticsDisciplineResults/48026?isModal=True,1,1,29,2024-04-12 00:00:00,2024,10:55:00,Passed,13,Lia Goralik,2012,Maccabbi Weisgal,5,1,01:48.23,191,Direct Finals
718,14,949,949,ליגה צעירים בת ים,comp.asp?compID=1513,58,https://loglig.com:2053/LeagueTable/AthleticsDisciplines/10339,3,100m Breaststroke,Girls 10-13,00:00.00,12/04/2024 10:55:00,29,29,/LeagueTable/AthleticsDisciplineResults/48026?isModal=True,1,1,29,2024-04-12 00:00:00,2024,10:55:00,Passed,15,GIL ZENI,2012,Maccabbi Weisgal,4,1,01:54.24,162,Direct Finals
719,20,949,949,ליגה צעירים בת ים,comp.asp?compID=1513,58,https://loglig.com:2053/LeagueTable/AthleticsDisciplines/10339,3,100m Breaststroke,Girls 10-13,00:00.00,12/04/2024 10:55:00,29,29,/LeagueTable/AthleticsDisciplineResults/48026?isModal=True,1,1,29,2024-04-12 00:00:00,2024,10:55:00,Passed,21,DANIEL ITSHAK,2012,Maccabbi Weisgal,3,1,02:02.05,133,Direct Finals
720,5,950,950,ליגה צעירים בת ים,comp.asp?compID=1513,58,https://loglig.com:2053/LeagueTable/AthleticsDisciplines/10339,4,100m Breaststroke,Boys 10-14,00:00.00,12/04/2024 11:13:00,54,54,/LeagueTable/AthleticsDisciplineResults/48030?isModal=True,1,1,54,2024-04-12 00:00:00,2024,11:13:00,Passed,6,Yehonatan Nahoum,2010,Maccabbi Weisgal,10,2,01:25.28,272,Direct Finals
721,7,950,950,ליגה צעירים בת ים,comp.asp?compID=1513,58,https://loglig.com:2053/LeagueTable/AthleticsDisciplines/10339,4,100m Breaststroke,Boys 10-14,00:00.00,12/04/2024 11:13:00,54,54,/LeagueTable/AthleticsDisciplineResults/48030?isModal=True,1,1,54,2024-04-12 00:00:00,2024,11:13:00,Passed,8,ronen pesin,2012,Maccabbi Weisgal,10,4,01:27.25,254,Direct Finals
722,12,950,950,ליגה צעירים בת ים,comp.asp?compID=1513,58,https://loglig.com:2053/LeagueTable/AthleticsDisciplines/10339,4,100m Breaststroke,Boys 10-14,00:00.00,12/04/2024 11:13:00,54,54,/LeagueTable/AthleticsDisciplineResults/48030?isModal=True,1,1,54,2024-04-12 00:00:00,2024,11:13:00,Passed,13,RON EZRA,2011,Maccabbi Weisgal,10,3,01:32.15,215,Direct Finals
723,16,950,950,ליגה צעירים בת ים,comp.asp?compID=1513,58,https://loglig.com:2053/LeagueTable/AthleticsDisciplines/10339,4,100m Breaststroke,Boys 10-14,00:00.00,12/04/2024 11:13:00,54,54,/LeagueTable/AthleticsDisciplineResults/48030?isModal=True,1,1,54,2024-04-12 00:00:00,2024,11:13:00,Passed,17,ITAY PEKLRE,2010,Maccabbi Weisgal,7,4,01:34.80,198,Direct Finals
724,18,950,950,ליגה צעירים בת ים,comp.asp?compID=1513,58,https://loglig.com:2053/LeagueTable/AthleticsDisciplines/10339,4,100m Breaststroke,Boys 10-14,00:00.00,12/04/2024 11:13:00,54,54,/LeagueTable/AthleticsDisciplineResults/48030?isModal=True,1,1,54,2024-04-12 00:00:00,2024,11:13:00,Passed,19,MAAYAN MAROUANI,2011,Maccabbi Weisgal,9,5,01:36.58,187,Direct Finals
725,23,950,950,ליגה צעירים בת ים,comp.asp?compID=1513,58,https://loglig.com:2053/LeagueTable/AthleticsDisciplines/10339,4,100m Breaststroke,Boys 10-14,00:00.00,12/04/2024 11:13:00,54,54,/LeagueTable/AthleticsDisciplineResults/48030?isModal=True,1,1,54,2024-04-12 00:00:00,2024,11:13:00,Passed,24,HAREL ROSENBOIM,2010,Maccabbi Weisgal,7,3,01:38.30,177,Direct Finals
726,24,950,950,ליגה צעירים בת ים,comp.asp?compID=1513,58,https://loglig.com:2053/LeagueTable/AthleticsDisciplines/10339,4,100m Breaststroke,Boys 10-14,00:00.00,12/04/2024 11:13:00,54,54,/LeagueTable/AthleticsDisciplineResults/48030?isModal=True,1,1,54,2024-04-12 00:00:00,2024,11:13:00,Passed,25,Yanay Daon Moyal,2013,Maccabbi Weisgal,6,4,01:39.18,173,Direct Finals
727,25,950,950,ליגה צעירים בת ים,comp.asp?compID=1513,58,https://loglig.com:2053/LeagueTable/AthleticsDisciplines/10339,4,100m Breaststroke,Boys 10-14,00:00.00,12/04/2024 11:13:00,54,54,/LeagueTable/AthleticsDisciplineResults/48030?isModal=True,1,1,54,2024-04-12 00:00:00,2024,11:13:00,Passed,26,YONATAN EDEN,2013,Maccabbi Weisgal,6,3,01:39.98,169,Direct Finals
728,29,950,950,ליגה צעירים בת ים,comp.asp?compID=1513,58,https://loglig.com:2053/LeagueTable/AthleticsDisciplines/10339,4,100m Breaststroke,Boys 10-14,00:00.00,12/04/2024 11:13:00,54,54,/LeagueTable/AthleticsDisciplineResults/48030?isModal=True,1,1,54,2024-04-12 00:00:00,2024,11:13:00,Passed,30,EVAN MICHELSON,2012,Maccabbi Weisgal,2,2,01:53.81,114,Direct Finals
729,31,950,950,ליגה צעירים בת ים,comp.asp?compID=1513,58,https://loglig.com:2053/LeagueTable/AthleticsDisciplines/10339,4,100m Breaststroke,Boys 10-14,00:00.00,12/04/2024 11:13:00,54,54,/LeagueTable/AthleticsDisciplineResults/48030?isModal=True,1,1,54,2024-04-12 00:00:00,2024,11:13:00,Passed,32,Yaniv Grovman,2012,Maccabbi Weisgal,5,2,01:54.49,112,Direct Finals
730,32,950,950,ליגה צעירים בת ים,comp.asp?compID=1513,58,https://loglig.com:2053/LeagueTable/AthleticsDisciplines/10339,4,100m Breaststroke,Boys 10-14,00:00.00,12/04/2024 11:13:00,54,54,/LeagueTable/AthleticsDisciplineResults/48030?isModal=True,1,1,54,2024-04-12 00:00:00,2024,11:13:00,Passed,33,ITAMAR AHARONI,2011,Maccabbi Weisgal,6,2,01:55.31,110,Direct Finals
731,51,950,950,ליגה צעירים בת ים,comp.asp?compID=1513,58,https://loglig.com:2053/LeagueTable/AthleticsDisciplines/10339,4,100m Breaststroke,Boys 10-14,00:00.00,12/04/2024 11:13:00,54,54,/LeagueTable/AthleticsDisciplineResults/48030?isModal=True,1,1,54,2024-04-12 00:00:00,2024,11:13:00,Passed,48,OZ BEN DAVID,2012,Maccabbi Weisgal,6,5,DNS,0,Direct Finals
732,2,951,951,ליגה צעירים בת ים,comp.asp?compID=1513,58,https://loglig.com:2053/LeagueTable/AthleticsDisciplines/10339,5,200m Individual Medley,Girls 10-13,00:00.00,12/04/2024 11:46:00,21,21,/LeagueTable/AthleticsDisciplineResults/48029?isModal=True,1,1,21,2024-04-12 00:00:00,2024,11:46:00,Passed,3,TAMAR AROUETTY,2011,Maccabbi Weisgal,5,2,02:54.46,340,Direct Finals
733,5,951,951,ליגה צעירים בת ים,comp.asp?compID=1513,58,https://loglig.com:2053/LeagueTable/AthleticsDisciplines/10339,5,200m Individual Medley,Girls 10-13,00:00.00,12/04/2024 11:46:00,21,21,/LeagueTable/AthleticsDisciplineResults/48029?isModal=True,1,1,21,2024-04-12 00:00:00,2024,11:46:00,Passed,6,LIEL NIKOLAEV,2012,Maccabbi Weisgal,5,1,03:02.00,300,Direct Finals
734,9,951,951,ליגה צעירים בת ים,comp.asp?compID=1513,58,https://loglig.com:2053/LeagueTable/AthleticsDisciplines/10339,5,200m Individual Medley,Girls 10-13,00:00.00,12/04/2024 11:46:00,21,21,/LeagueTable/AthleticsDisciplineResults/48029?isModal=True,1,1,21,2024-04-12 00:00:00,2024,11:46:00,Passed,10,OMER SHANI,2012,Maccabbi Weisgal,4,5,03:13.23,250,Direct Finals
735,10,951,951,ליגה צעירים בת ים,comp.asp?compID=1513,58,https://loglig.com:2053/LeagueTable/AthleticsDisciplines/10339,5,200m Individual Medley,Girls 10-13,00:00.00,12/04/2024 11:46:00,21,21,/LeagueTable/AthleticsDisciplineResults/48029?isModal=True,1,1,21,2024-04-12 00:00:00,2024,11:46:00,Passed,11,BAR STACHI,2011,Maccabbi Weisgal,2,3,03:15.84,240,Direct Finals
736,11,951,951,ליגה צעירים בת ים,comp.asp?compID=1513,58,https://loglig.com:2053/LeagueTable/AthleticsDisciplines/10339,5,200m Individual Medley,Girls 10-13,00:00.00,12/04/2024 11:46:00,21,21,/LeagueTable/AthleticsDisciplineResults/48029?isModal=True,1,1,21,2024-04-12 00:00:00,2024,11:46:00,Passed,12,EMILY KUKLINSKY,2011,Maccabbi Weisgal,4,3,03:16.16,239,Direct Finals
737,12,951,951,ליגה צעירים בת ים,comp.asp?compID=1513,58,https://loglig.com:2053/LeagueTable/AthleticsDisciplines/10339,5,200m Individual Medley,Girls 10-13,00:00.00,12/04/2024 11:46:00,21,21,/LeagueTable/AthleticsDisciplineResults/48029?isModal=True,1,1,21,2024-04-12 00:00:00,2024,11:46:00,Passed,13,YUVAL ORI,2011,Maccabbi Weisgal,3,1,03:20.86,223,Direct Finals
738,13,951,951,ליגה צעירים בת ים,comp.asp?compID=1513,58,https://loglig.com:2053/LeagueTable/AthleticsDisciplines/10339,5,200m Individual Medley,Girls 10-13,00:00.00,12/04/2024 11:46:00,21,21,/LeagueTable/AthleticsDisciplineResults/48029?isModal=True,1,1,21,2024-04-12 00:00:00,2024,11:46:00,Passed,14,LI - CHEN OVADEA,2012,Maccabbi Weisgal,3,3,03:29.76,196,Direct Finals
739,14,951,951,ליגה צעירים בת ים,comp.asp?compID=1513,58,https://loglig.com:2053/LeagueTable/AthleticsDisciplines/10339,5,200m Individual Medley,Girls 10-13,00:00.00,12/04/2024 11:46:00,21,21,/LeagueTable/AthleticsDisciplineResults/48029?isModal=True,1,1,21,2024-04-12 00:00:00,2024,11:46:00,Passed,15,HADAR BACHAR,2012,Maccabbi Weisgal,2,2,03:31.50,191,Direct Finals
740,16,951,951,ליגה צעירים בת ים,comp.asp?compID=1513,58,https://loglig.com:2053/LeagueTable/AthleticsDisciplines/10339,5,200m Individual Medley,Girls 10-13,00:00.00,12/04/2024 11:46:00,21,21,/LeagueTable/AthleticsDisciplineResults/48029?isModal=True,1,1,21,2024-04-12 00:00:00,2024,11:46:00,Passed,17,Lia Goralik,2012,Maccabbi Weisgal,3,2,03:33.90,184,Direct Finals
741,0,952,952,ליגה צעירים בת ים,comp.asp?compID=1513,58,https://loglig.com:2053/LeagueTable/AthleticsDisciplines/10339,6,200m Individual Medley,Boys 10-14,00:00.00,12/04/2024 12:11:00,46,46,/LeagueTable/AthleticsDisciplineResults/48033?isModal=True,1,1,46,2024-04-12 00:00:00,2024,12:11:00,Passed,1,Eitan Barak,2012,Maccabbi Weisgal,5,4,02:02.68,713,Direct Finals
742,9,952,952,ליגה צעירים בת ים,comp.asp?compID=1513,58,https://loglig.com:2053/LeagueTable/AthleticsDisciplines/10339,6,200m Individual Medley,Boys 10-14,00:00.00,12/04/2024 12:11:00,46,46,/LeagueTable/AthleticsDisciplineResults/48033?isModal=True,1,1,46,2024-04-12 00:00:00,2024,12:11:00,Passed,10,BEN KISHINEVSKI,2011,Maccabbi Weisgal,8,3,02:40.70,317,Direct Finals
743,11,952,952,ליגה צעירים בת ים,comp.asp?compID=1513,58,https://loglig.com:2053/LeagueTable/AthleticsDisciplines/10339,6,200m Individual Medley,Boys 10-14,00:00.00,12/04/2024 12:11:00,46,46,/LeagueTable/AthleticsDisciplineResults/48033?isModal=True,1,1,46,2024-04-12 00:00:00,2024,12:11:00,Passed,12,GILAD HOLAND,2010,Maccabbi Weisgal,10,4,02:43.48,301,Direct Finals
744,19,952,952,ליגה צעירים בת ים,comp.asp?compID=1513,58,https://loglig.com:2053/LeagueTable/AthleticsDisciplines/10339,6,200m Individual Medley,Boys 10-14,00:00.00,12/04/2024 12:11:00,46,46,/LeagueTable/AthleticsDisciplineResults/48033?isModal=True,1,1,46,2024-04-12 00:00:00,2024,12:11:00,Passed,20,ronen pesin,2012,Maccabbi Weisgal,8,1,02:50.65,265,Direct Finals
745,21,952,952,ליגה צעירים בת ים,comp.asp?compID=1513,58,https://loglig.com:2053/LeagueTable/AthleticsDisciplines/10339,6,200m Individual Medley,Boys 10-14,00:00.00,12/04/2024 12:11:00,46,46,/LeagueTable/AthleticsDisciplineResults/48033?isModal=True,1,1,46,2024-04-12 00:00:00,2024,12:11:00,Passed,22,Yahel Berihun,2010,Maccabbi Weisgal,7,2,02:52.97,254,Direct Finals
746,22,952,952,ליגה צעירים בת ים,comp.asp?compID=1513,58,https://loglig.com:2053/LeagueTable/AthleticsDisciplines/10339,6,200m Individual Medley,Boys 10-14,00:00.00,12/04/2024 12:11:00,46,46,/LeagueTable/AthleticsDisciplineResults/48033?isModal=True,1,1,46,2024-04-12 00:00:00,2024,12:11:00,Passed,23,RON EZRA,2011,Maccabbi Weisgal,7,5,02:53.69,251,Direct Finals
747,25,952,952,ליגה צעירים בת ים,comp.asp?compID=1513,58,https://loglig.com:2053/LeagueTable/AthleticsDisciplines/10339,6,200m Individual Medley,Boys 10-14,00:00.00,12/04/2024 12:11:00,46,46,/LeagueTable/AthleticsDisciplineResults/48033?isModal=True,1,1,46,2024-04-12 00:00:00,2024,12:11:00,Passed,26,YOTAM RAIZNER,2011,Maccabbi Weisgal,8,2,02:55.72,242,Direct Finals
748,27,952,952,ליגה צעירים בת ים,comp.asp?compID=1513,58,https://loglig.com:2053/LeagueTable/AthleticsDisciplines/10339,6,200m Individual Medley,Boys 10-14,00:00.00,12/04/2024 12:11:00,46,46,/LeagueTable/AthleticsDisciplineResults/48033?isModal=True,1,1,46,2024-04-12 00:00:00,2024,12:11:00,Passed,28,MAAYAN MAROUANI,2011,Maccabbi Weisgal,6,1,02:59.48,227,Direct Finals
749,31,952,952,ליגה צעירים בת ים,comp.asp?compID=1513,58,https://loglig.com:2053/LeagueTable/AthleticsDisciplines/10339,6,200m Individual Medley,Boys 10-14,00:00.00,12/04/2024 12:11:00,46,46,/LeagueTable/AthleticsDisciplineResults/48033?isModal=True,1,1,46,2024-04-12 00:00:00,2024,12:11:00,Passed,32,Ido Maruani,2013,Maccabbi Weisgal,6,5,03:03.61,212,Direct Finals
750,38,952,952,ליגה צעירים בת ים,comp.asp?compID=1513,58,https://loglig.com:2053/LeagueTable/AthleticsDisciplines/10339,6,200m Individual Medley,Boys 10-14,00:00.00,12/04/2024 12:11:00,46,46,/LeagueTable/AthleticsDisciplineResults/48033?isModal=True,1,1,46,2024-04-12 00:00:00,2024,12:11:00,Passed,39,MATAN VIGDIRSKI,2011,Maccabbi Weisgal,4,3,03:21.07,162,Direct Finals
751,2,953,953,ליגה צעירים בת ים,comp.asp?compID=1513,58,https://loglig.com:2053/LeagueTable/AthleticsDisciplines/10339,7,100m Butterfly,Girls 10-13,00:00.00,12/04/2024 13:01:00,12,12,/LeagueTable/AthleticsDisciplineResults/48027?isModal=True,1,1,12,2024-04-12 00:00:00,2024,13:01:00,Passed,3,NEOMI SHARABI,2013,Maccabbi Weisgal,3,5,01:30.83,218,Direct Finals
752,9,953,953,ליגה צעירים בת ים,comp.asp?compID=1513,58,https://loglig.com:2053/LeagueTable/AthleticsDisciplines/10339,7,100m Butterfly,Girls 10-13,00:00.00,12/04/2024 13:01:00,12,12,/LeagueTable/AthleticsDisciplineResults/48027?isModal=True,1,1,12,2024-04-12 00:00:00,2024,13:01:00,Passed,10,SAPIR KAUSHANSKY,2012,Maccabbi Weisgal,2,5,DNS,0,Direct Finals
753,4,954,954,ליגה צעירים בת ים,comp.asp?compID=1513,58,https://loglig.com:2053/LeagueTable/AthleticsDisciplines/10339,8,100m Butterfly,Boys 10-14,00:00.00,12/04/2024 13:10:00,38,38,/LeagueTable/AthleticsDisciplineResults/48031?isModal=True,1,1,38,2024-04-12 00:00:00,2024,13:10:00,Passed,5,Yehonatan Nahoum,2010,Maccabbi Weisgal,8,2,01:13.43,275,Direct Finals
754,10,954,954,ליגה צעירים בת ים,comp.asp?compID=1513,58,https://loglig.com:2053/LeagueTable/AthleticsDisciplines/10339,8,100m Butterfly,Boys 10-14,00:00.00,12/04/2024 13:10:00,38,38,/LeagueTable/AthleticsDisciplineResults/48031?isModal=True,1,1,38,2024-04-12 00:00:00,2024,13:10:00,Passed,11,DROR HASIDI,2010,Maccabbi Weisgal,6,4,01:16.42,244,Direct Finals
755,11,954,954,ליגה צעירים בת ים,comp.asp?compID=1513,58,https://loglig.com:2053/LeagueTable/AthleticsDisciplines/10339,8,100m Butterfly,Boys 10-14,00:00.00,12/04/2024 13:10:00,38,38,/LeagueTable/AthleticsDisciplineResults/48031?isModal=True,1,1,38,2024-04-12 00:00:00,2024,13:10:00,Passed,12,BEN KISHINEVSKI,2011,Maccabbi Weisgal,7,4,01:17.44,234,Direct Finals
756,13,954,954,ליגה צעירים בת ים,comp.asp?compID=1513,58,https://loglig.com:2053/LeagueTable/AthleticsDisciplines/10339,8,100m Butterfly,Boys 10-14,00:00.00,12/04/2024 13:10:00,38,38,/LeagueTable/AthleticsDisciplineResults/48031?isModal=True,1,1,38,2024-04-12 00:00:00,2024,13:10:00,Passed,14,ron charnitsky,2012,Maccabbi Weisgal,4,4,01:18.62,224,Direct Finals
757,14,954,954,ליגה צעירים בת ים,comp.asp?compID=1513,58,https://loglig.com:2053/LeagueTable/AthleticsDisciplines/10339,8,100m Butterfly,Boys 10-14,00:00.00,12/04/2024 13:10:00,38,38,/LeagueTable/AthleticsDisciplineResults/48031?isModal=True,1,1,38,2024-04-12 00:00:00,2024,13:10:00,Passed,14,ROZENSHTRAKH ITAMAR,2010,Maccabbi Weisgal,5,4,01:18.62,224,Direct Finals
758,18,954,954,ליגה צעירים בת ים,comp.asp?compID=1513,58,https://loglig.com:2053/LeagueTable/AthleticsDisciplines/10339,8,100m Butterfly,Boys 10-14,00:00.00,12/04/2024 13:10:00,38,38,/LeagueTable/AthleticsDisciplineResults/48031?isModal=True,1,1,38,2024-04-12 00:00:00,2024,13:10:00,Passed,19,ITAY PEKLRE,2010,Maccabbi Weisgal,7,1,01:20.70,207,Direct Finals
759,19,954,954,ליגה צעירים בת ים,comp.asp?compID=1513,58,https://loglig.com:2053/LeagueTable/AthleticsDisciplines/10339,8,100m Butterfly,Boys 10-14,00:00.00,12/04/2024 13:10:00,38,38,/LeagueTable/AthleticsDisciplineResults/48031?isModal=True,1,1,38,2024-04-12 00:00:00,2024,13:10:00,Passed,20,YOTAM RAIZNER,2011,Maccabbi Weisgal,6,3,01:20.90,206,Direct Finals
760,20,954,954,ליגה צעירים בת ים,comp.asp?compID=1513,58,https://loglig.com:2053/LeagueTable/AthleticsDisciplines/10339,8,100m Butterfly,Boys 10-14,00:00.00,12/04/2024 13:10:00,38,38,/LeagueTable/AthleticsDisciplineResults/48031?isModal=True,1,1,38,2024-04-12 00:00:00,2024,13:10:00,Passed,21,RON EZRA,2011,Maccabbi Weisgal,6,2,01:21.47,201,Direct Finals
761,23,954,954,ליגה צעירים בת ים,comp.asp?compID=1513,58,https://loglig.com:2053/LeagueTable/AthleticsDisciplines/10339,8,100m Butterfly,Boys 10-14,00:00.00,12/04/2024 13:10:00,38,38,/LeagueTable/AthleticsDisciplineResults/48031?isModal=True,1,1,38,2024-04-12 00:00:00,2024,13:10:00,Passed,24,NITAY BEN YOSEF,2012,Maccabbi Weisgal,4,3,01:28.87,155,Direct Finals
762,25,954,954,ליגה צעירים בת ים,comp.asp?compID=1513,58,https://loglig.com:2053/LeagueTable/AthleticsDisciplines/10339,8,100m Butterfly,Boys 10-14,00:00.00,12/04/2024 13:10:00,38,38,/LeagueTable/AthleticsDisciplineResults/48031?isModal=True,1,1,38,2024-04-12 00:00:00,2024,13:10:00,Passed,26,HAREL ROSENBOIM,2010,Maccabbi Weisgal,3,5,01:30.76,145,Direct Finals
763,27,954,954,ליגה צעירים בת ים,comp.asp?compID=1513,58,https://loglig.com:2053/LeagueTable/AthleticsDisciplines/10339,8,100m Butterfly,Boys 10-14,00:00.00,12/04/2024 13:10:00,38,38,/LeagueTable/AthleticsDisciplineResults/48031?isModal=True,1,1,38,2024-04-12 00:00:00,2024,13:10:00,Passed,28,Dar Jehab,2013,Maccabbi Weisgal,5,1,01:35.50,125,Direct Finals
764,30,954,954,ליגה צעירים בת ים,comp.asp?compID=1513,58,https://loglig.com:2053/LeagueTable/AthleticsDisciplines/10339,8,100m Butterfly,Boys 10-14,00:00.00,12/04/2024 13:10:00,38,38,/LeagueTable/AthleticsDisciplineResults/48031?isModal=True,1,1,38,2024-04-12 00:00:00,2024,13:10:00,Passed,31,YHALI AZARZAR,2012,Maccabbi Weisgal,4,1,01:52.98,75,Direct Finals
765,34,954,954,ליגה צעירים בת ים,comp.asp?compID=1513,58,https://loglig.com:2053/LeagueTable/AthleticsDisciplines/10339,8,100m Butterfly,Boys 10-14,00:00.00,12/04/2024 13:10:00,38,38,/LeagueTable/AthleticsDisciplineResults/48031?isModal=True,1,1,38,2024-04-12 00:00:00,2024,13:10:00,Passed,35,ITAY AVNY,2011,Maccabbi Weisgal,3,1,03:11.77,15,Direct Finals
766,36,954,954,ליגה צעירים בת ים,comp.asp?compID=1513,58,https://loglig.com:2053/LeagueTable/AthleticsDisciplines/10339,8,100m Butterfly,Boys 10-14,00:00.00,12/04/2024 13:10:00,38,38,/LeagueTable/AthleticsDisciplineResults/48031?isModal=True,1,1,38,2024-04-12 00:00:00,2024,13:10:00,Passed,37,OZ BEN DAVID,2012,Maccabbi Weisgal,4,5,DNS,0,Direct Finals
767,73,1001,1001,אליפות עמק חפר,comp.asp?compID=475,64,https://loglig.com:2053/LeagueTable/AthleticsDisciplines/10454,1,100m Backstroke,Women 13-99,CategoryMinimumבנות 13-1501:23.00נשים 16-9901:20.00,19/04/2024 09:30:00,98,95,/LeagueTable/AthleticsDisciplineResults/48926?isModal=True,1,1,95,2024-04-19 00:00:00,2024,09:30:00,Passed,74,SHIRLI DUBOVICH,2010,Maccabbi Weisgal,3,7,01:21.48,350,Direct Finals
768,29,1002,1002,אליפות עמק חפר,comp.asp?compID=475,64,https://loglig.com:2053/LeagueTable/AthleticsDisciplines/10454,2,100m Butterfly,Men 14-99,CategoryMinimumגברים 17-9901:10.00בנים 14-1601:15.00,19/04/2024 09:55:00,120,118,/LeagueTable/AthleticsDisciplineResults/48912?isModal=True,1,1,118,2024-04-19 00:00:00,2024,09:55:00,Passed,30,Itay Shpayzer,2008,Maccabbi Weisgal,11,0,01:00.11,556,Direct Finals
769,44,1002,1002,אליפות עמק חפר,comp.asp?compID=475,64,https://loglig.com:2053/LeagueTable/AthleticsDisciplines/10454,2,100m Butterfly,Men 14-99,CategoryMinimumגברים 17-9901:10.00בנים 14-1601:15.00,19/04/2024 09:55:00,120,118,/LeagueTable/AthleticsDisciplineResults/48912?isModal=True,1,1,118,2024-04-19 00:00:00,2024,09:55:00,Passed,45,Eran Grubman,2007,Maccabbi Weisgal,9,0,01:02.12,504,Direct Finals
770,37,1004,1004,אליפות עמק חפר,comp.asp?compID=475,64,https://loglig.com:2053/LeagueTable/AthleticsDisciplines/10454,4,200m Breaststroke,Men 14-99,CategoryMinimumגברים 17-9902:52.00בנים 14-1603:00.00,19/04/2024 10:38:30,79,76,/LeagueTable/AthleticsDisciplineResults/48916?isModal=True,1,1,76,2024-04-19 00:00:00,2024,10:38:30,Passed,38,Noam Steinberg,2009,Maccabbi Weisgal,5,2,02:43.10,462,Direct Finals
771,58,1004,1004,אליפות עמק חפר,comp.asp?compID=475,64,https://loglig.com:2053/LeagueTable/AthleticsDisciplines/10454,4,200m Breaststroke,Men 14-99,CategoryMinimumגברים 17-9902:52.00בנים 14-1603:00.00,19/04/2024 10:38:30,79,76,/LeagueTable/AthleticsDisciplineResults/48916?isModal=True,1,1,76,2024-04-19 00:00:00,2024,10:38:30,Passed,59,GILAD HOLAND,2010,Maccabbi Weisgal,2,2,02:57.44,359,Direct Finals
772,41,1005,1005,אליפות עמק חפר,comp.asp?compID=475,64,https://loglig.com:2053/LeagueTable/AthleticsDisciplines/10454,5,50m Butterfly,Women 13-99,CategoryMinimumבנות 13-1500:39.00נשים 16-9900:37.00,19/04/2024 11:06:30,124,121,/LeagueTable/AthleticsDisciplineResults/48941?isModal=True,1,1,121,2024-04-19 00:00:00,2024,11:06:30,Passed,42,Ellah Manna,2009,Maccabbi Weisgal,8,1,00:32.16,438,Direct Finals
773,56,1005,1005,אליפות עמק חפר,comp.asp?compID=475,64,https://loglig.com:2053/LeagueTable/AthleticsDisciplines/10454,5,50m Butterfly,Women 13-99,CategoryMinimumבנות 13-1500:39.00נשים 16-9900:37.00,19/04/2024 11:06:30,124,121,/LeagueTable/AthleticsDisciplineResults/48941?isModal=True,1,1,121,2024-04-19 00:00:00,2024,11:06:30,Passed,57,Noa Karni,2009,Maccabbi Weisgal,7,9,00:32.84,411,Direct Finals
774,75,1005,1005,אליפות עמק חפר,comp.asp?compID=475,64,https://loglig.com:2053/LeagueTable/AthleticsDisciplines/10454,5,50m Butterfly,Women 13-99,CategoryMinimumבנות 13-1500:39.00נשים 16-9900:37.00,19/04/2024 11:06:30,124,121,/LeagueTable/AthleticsDisciplineResults/48941?isModal=True,1,1,121,2024-04-19 00:00:00,2024,11:06:30,Passed,76,Ariel Shahar,2009,Maccabbi Weisgal,2,8,00:33.59,384,Direct Finals
775,91,1005,1005,אליפות עמק חפר,comp.asp?compID=475,64,https://loglig.com:2053/LeagueTable/AthleticsDisciplines/10454,5,50m Butterfly,Women 13-99,CategoryMinimumבנות 13-1500:39.00נשים 16-9900:37.00,19/04/2024 11:06:30,124,121,/LeagueTable/AthleticsDisciplineResults/48941?isModal=True,1,1,121,2024-04-19 00:00:00,2024,11:06:30,Passed,92,Lior Rozenboim,2008,Maccabbi Weisgal,7,2,00:34.82,345,Direct Finals
776,96,1005,1005,אליפות עמק חפר,comp.asp?compID=475,64,https://loglig.com:2053/LeagueTable/AthleticsDisciplines/10454,5,50m Butterfly,Women 13-99,CategoryMinimumבנות 13-1500:39.00נשים 16-9900:37.00,19/04/2024 11:06:30,124,121,/LeagueTable/AthleticsDisciplineResults/48941?isModal=True,1,1,121,2024-04-19 00:00:00,2024,11:06:30,Passed,97,Ariel Mizrahi,2010,Maccabbi Weisgal,2,3,00:35.53,325,Direct Finals
777,105,1005,1005,אליפות עמק חפר,comp.asp?compID=475,64,https://loglig.com:2053/LeagueTable/AthleticsDisciplines/10454,5,50m Butterfly,Women 13-99,CategoryMinimumבנות 13-1500:39.00נשים 16-9900:37.00,19/04/2024 11:06:30,124,121,/LeagueTable/AthleticsDisciplineResults/48941?isModal=True,1,1,121,2024-04-19 00:00:00,2024,11:06:30,Passed,106,SHIRLI DUBOVICH,2010,Maccabbi Weisgal,2,5,00:36.02,311,Direct Finals
778,122,1005,1005,אליפות עמק חפר,comp.asp?compID=475,64,https://loglig.com:2053/LeagueTable/AthleticsDisciplines/10454,5,50m Butterfly,Women 13-99,CategoryMinimumבנות 13-1500:39.00נשים 16-9900:37.00,19/04/2024 11:06:30,124,121,/LeagueTable/AthleticsDisciplineResults/48941?isModal=True,1,1,121,2024-04-19 00:00:00,2024,11:06:30,Passed,122,Gaia Benis,2010,Maccabbi Weisgal,4,9,NS,0,Direct Finals
779,22,1006,1006,אליפות עמק חפר,comp.asp?compID=475,64,https://loglig.com:2053/LeagueTable/AthleticsDisciplines/10454,6,50m Backstroke,Men 14-99,CategoryMinimumבנים 14-1600:35.00גברים 17-9900:33.00,19/04/2024 11:26:00,100,99,/LeagueTable/AthleticsDisciplineResults/48921?isModal=True,1,1,99,2024-04-19 00:00:00,2024,11:26:00,Passed,23,ANDREI GAIDOKOV,2007,Maccabbi Weisgal,9,9,00:29.10,547,Direct Finals
780,32,1006,1006,אליפות עמק חפר,comp.asp?compID=475,64,https://loglig.com:2053/LeagueTable/AthleticsDisciplines/10454,6,50m Backstroke,Men 14-99,CategoryMinimumבנים 14-1600:35.00גברים 17-9900:33.00,19/04/2024 11:26:00,100,99,/LeagueTable/AthleticsDisciplineResults/48921?isModal=True,1,1,99,2024-04-19 00:00:00,2024,11:26:00,Passed,33,Ron Morgulis,2006,Maccabbi Weisgal,8,2,00:29.98,500,Direct Finals
781,55,1006,1006,אליפות עמק חפר,comp.asp?compID=475,64,https://loglig.com:2053/LeagueTable/AthleticsDisciplines/10454,6,50m Backstroke,Men 14-99,CategoryMinimumבנים 14-1600:35.00גברים 17-9900:33.00,19/04/2024 11:26:00,100,99,/LeagueTable/AthleticsDisciplineResults/48921?isModal=True,1,1,99,2024-04-19 00:00:00,2024,11:26:00,Passed,56,Gilad Shushan,2009,Maccabbi Weisgal,6,1,00:31.48,432,Direct Finals
782,69,1006,1006,אליפות עמק חפר,comp.asp?compID=475,64,https://loglig.com:2053/LeagueTable/AthleticsDisciplines/10454,6,50m Backstroke,Men 14-99,CategoryMinimumבנים 14-1600:35.00גברים 17-9900:33.00,19/04/2024 11:26:00,100,99,/LeagueTable/AthleticsDisciplineResults/48921?isModal=True,1,1,99,2024-04-19 00:00:00,2024,11:26:00,Passed,70,Matan Epshtein,2009,Maccabbi Weisgal,2,5,00:32.33,398,Direct Finals
783,85,1006,1006,אליפות עמק חפר,comp.asp?compID=475,64,https://loglig.com:2053/LeagueTable/AthleticsDisciplines/10454,6,50m Backstroke,Men 14-99,CategoryMinimumבנים 14-1600:35.00גברים 17-9900:33.00,19/04/2024 11:26:00,100,99,/LeagueTable/AthleticsDisciplineResults/48921?isModal=True,1,1,99,2024-04-19 00:00:00,2024,11:26:00,Passed,86,Yehonatan Nahoum,2010,Maccabbi Weisgal,2,4,00:34.27,334,Direct Finals
784,60,1007,1007,אליפות עמק חפר,comp.asp?compID=475,64,https://loglig.com:2053/LeagueTable/AthleticsDisciplines/10454,7,200m Freestyle,Women 13-99,CategoryMinimumנשים 16-9902:35.00בנות 13-1502:40.00,19/04/2024 11:41:00,91,87,/LeagueTable/AthleticsDisciplineResults/48932?isModal=True,1,1,87,2024-04-19 00:00:00,2024,11:41:00,Passed,61,MAYA CHN-LEVI,2008,Maccabbi Weisgal,1,8,02:27.50,449,Direct Finals
785,10,1009,1009,אליפות עמק חפר,comp.asp?compID=475,64,https://loglig.com:2053/LeagueTable/AthleticsDisciplines/10454,9,4X50m Medley Relay,Mix 13-99,00:00.00,19/04/2024 12:53:00,124,96,/LeagueTable/AthleticsDisciplineResults/48943?isModal=True,1,1,96,2024-04-19 00:00:00,2024,12:53:00,Passed,11,"ANDREI GAIDOKOV, Ariel Shahar, Itay Shpayzer, Ellah Manna",,Maccabbi Weisgal,3,2,02:01.76,0,Direct Finals
786,23,1009,1009,אליפות עמק חפר,comp.asp?compID=475,64,https://loglig.com:2053/LeagueTable/AthleticsDisciplines/10454,9,4X50m Medley Relay,Mix 13-99,00:00.00,19/04/2024 12:53:00,124,96,/LeagueTable/AthleticsDisciplineResults/48943?isModal=True,1,1,96,2024-04-19 00:00:00,2024,12:53:00,Passed,23,"Eran Grubman, Noam Steinberg, Noa Karni, MAYA CHN-LEVI",,Maccabbi Weisgal,3,9,DQ,0,Direct Finals
787,23,1010,1010,אליפות עמק חפר,comp.asp?compID=475,64,https://loglig.com:2053/LeagueTable/AthleticsDisciplines/10454,10,100m Backstroke,Men 14-99,CategoryMinimumבנים 14-1601:14.00גברים 17-9901:11.00,19/04/2024 16:20:00,108,106,/LeagueTable/AthleticsDisciplineResults/48909?isModal=True,1,1,106,2024-04-19 00:00:00,2024,16:20:00,Passed,24,ANDREI GAIDOKOV,2007,Maccabbi Weisgal,1,1,01:03.82,536,Direct Finals
788,30,1010,1010,אליפות עמק חפר,comp.asp?compID=475,64,https://loglig.com:2053/LeagueTable/AthleticsDisciplines/10454,10,100m Backstroke,Men 14-99,CategoryMinimumבנים 14-1601:14.00גברים 17-9901:11.00,19/04/2024 16:20:00,108,106,/LeagueTable/AthleticsDisciplineResults/48909?isModal=True,1,1,106,2024-04-19 00:00:00,2024,16:20:00,Passed,31,Ron Morgulis,2006,Maccabbi Weisgal,9,5,01:04.89,510,Direct Finals
789,48,1010,1010,אליפות עמק חפר,comp.asp?compID=475,64,https://loglig.com:2053/LeagueTable/AthleticsDisciplines/10454,10,100m Backstroke,Men 14-99,CategoryMinimumבנים 14-1601:14.00גברים 17-9901:11.00,19/04/2024 16:20:00,108,106,/LeagueTable/AthleticsDisciplineResults/48909?isModal=True,1,1,106,2024-04-19 00:00:00,2024,16:20:00,Passed,49,Gilad Shushan,2009,Maccabbi Weisgal,5,3,01:07.87,445,Direct Finals
790,60,1010,1010,אליפות עמק חפר,comp.asp?compID=475,64,https://loglig.com:2053/LeagueTable/AthleticsDisciplines/10454,10,100m Backstroke,Men 14-99,CategoryMinimumבנים 14-1601:14.00גברים 17-9901:11.00,19/04/2024 16:20:00,108,106,/LeagueTable/AthleticsDisciplineResults/48909?isModal=True,1,1,106,2024-04-19 00:00:00,2024,16:20:00,Passed,61,Matan Epshtein,2009,Maccabbi Weisgal,7,8,01:09.07,423,Direct Finals
791,98,1010,1010,אליפות עמק חפר,comp.asp?compID=475,64,https://loglig.com:2053/LeagueTable/AthleticsDisciplines/10454,10,100m Backstroke,Men 14-99,CategoryMinimumבנים 14-1601:14.00גברים 17-9901:11.00,19/04/2024 16:20:00,108,106,/LeagueTable/AthleticsDisciplineResults/48909?isModal=True,1,1,106,2024-04-19 00:00:00,2024,16:20:00,Passed,99,Noam Steinberg,2009,Maccabbi Weisgal,2,8,01:15.95 NMin,318,Direct Finals
792,107,1010,1010,אליפות עמק חפר,comp.asp?compID=475,64,https://loglig.com:2053/LeagueTable/AthleticsDisciplines/10454,10,100m Backstroke,Men 14-99,CategoryMinimumבנים 14-1601:14.00גברים 17-9901:11.00,19/04/2024 16:20:00,108,106,/LeagueTable/AthleticsDisciplineResults/48909?isModal=True,1,1,106,2024-04-19 00:00:00,2024,16:20:00,Passed,107,Eran Grubman,2007,Maccabbi Weisgal,10,8,NS,0,Direct Finals
793,55,1011,1011,אליפות עמק חפר,comp.asp?compID=475,64,https://loglig.com:2053/LeagueTable/AthleticsDisciplines/10454,11,100m Butterfly,Women 13-99,CategoryMinimumבנות 13-1501:25.00נשים 16-9901:21.00,19/04/2024 16:47:00,77,73,/LeagueTable/AthleticsDisciplineResults/48929?isModal=True,1,1,73,2024-04-19 00:00:00,2024,16:47:00,Passed,56,MAYA CHN-LEVI,2008,Maccabbi Weisgal,1,3,01:19.66,337,Direct Finals
794,74,1011,1011,אליפות עמק חפר,comp.asp?compID=475,64,https://loglig.com:2053/LeagueTable/AthleticsDisciplines/10454,11,100m Butterfly,Women 13-99,CategoryMinimumבנות 13-1501:25.00נשים 16-9901:21.00,19/04/2024 16:47:00,77,73,/LeagueTable/AthleticsDisciplineResults/48929?isModal=True,1,1,73,2024-04-19 00:00:00,2024,16:47:00,Passed,74,Gaia Benis,2010,Maccabbi Weisgal,4,9,NS,0,Direct Finals
795,6,1013,1013,אליפות עמק חפר,comp.asp?compID=475,64,https://loglig.com:2053/LeagueTable/AthleticsDisciplines/10454,13,200m Breaststroke,Women 13-99,CategoryMinimumבנות 13-1503:15.00נשים 16-9903:08.00,19/04/2024 17:42:00,43,41,/LeagueTable/AthleticsDisciplineResults/48933?isModal=True,1,1,41,2024-04-19 00:00:00,2024,17:42:00,Passed,7,Ariel Shahar,2009,Maccabbi Weisgal,5,0,02:50.98,536,Direct Finals
796,35,1013,1013,אליפות עמק חפר,comp.asp?compID=475,64,https://loglig.com:2053/LeagueTable/AthleticsDisciplines/10454,13,200m Breaststroke,Women 13-99,CategoryMinimumבנות 13-1503:15.00נשים 16-9903:08.00,19/04/2024 17:42:00,43,41,/LeagueTable/AthleticsDisciplineResults/48933?isModal=True,1,1,41,2024-04-19 00:00:00,2024,17:42:00,Passed,36,Ariel Mizrahi,2010,Maccabbi Weisgal,2,7,03:13.27,371,Direct Finals
797,36,1014,1014,אליפות עמק חפר,comp.asp?compID=475,64,https://loglig.com:2053/LeagueTable/AthleticsDisciplines/10454,14,50m Butterfly,Men 14-99,CategoryMinimumבנים 14-1600:33.00גברים 17-9900:31.00,19/04/2024 18:00:00,136,129,/LeagueTable/AthleticsDisciplineResults/48924?isModal=True,1,1,129,2024-04-19 00:00:00,2024,18:00:00,Passed,37,Itay Shpayzer,2008,Maccabbi Weisgal,13,9,00:27.51,530,Direct Finals
798,65,1014,1014,אליפות עמק חפר,comp.asp?compID=475,64,https://loglig.com:2053/LeagueTable/AthleticsDisciplines/10454,14,50m Butterfly,Men 14-99,CategoryMinimumבנים 14-1600:33.00גברים 17-9900:31.00,19/04/2024 18:00:00,136,129,/LeagueTable/AthleticsDisciplineResults/48924?isModal=True,1,1,129,2024-04-19 00:00:00,2024,18:00:00,Passed,66,ANDREI GAIDOKOV,2007,Maccabbi Weisgal,2,9,00:29.10,448,Direct Finals
799,83,1014,1014,אליפות עמק חפר,comp.asp?compID=475,64,https://loglig.com:2053/LeagueTable/AthleticsDisciplines/10454,14,50m Butterfly,Men 14-99,CategoryMinimumבנים 14-1600:33.00גברים 17-9900:31.00,19/04/2024 18:00:00,136,129,/LeagueTable/AthleticsDisciplineResults/48924?isModal=True,1,1,129,2024-04-19 00:00:00,2024,18:00:00,Passed,84,Noam Steinberg,2009,Maccabbi Weisgal,4,7,00:30.43,391,Direct Finals
800,87,1014,1014,אליפות עמק חפר,comp.asp?compID=475,64,https://loglig.com:2053/LeagueTable/AthleticsDisciplines/10454,14,50m Butterfly,Men 14-99,CategoryMinimumבנים 14-1600:33.00גברים 17-9900:31.00,19/04/2024 18:00:00,136,129,/LeagueTable/AthleticsDisciplineResults/48924?isModal=True,1,1,129,2024-04-19 00:00:00,2024,18:00:00,Passed,88,Matan Epshtein,2009,Maccabbi Weisgal,3,2,00:30.58,386,Direct Finals
801,112,1014,1014,אליפות עמק חפר,comp.asp?compID=475,64,https://loglig.com:2053/LeagueTable/AthleticsDisciplines/10454,14,50m Butterfly,Men 14-99,CategoryMinimumבנים 14-1600:33.00גברים 17-9900:31.00,19/04/2024 18:00:00,136,129,/LeagueTable/AthleticsDisciplineResults/48924?isModal=True,1,1,129,2024-04-19 00:00:00,2024,18:00:00,Passed,113,Noam Shany,2009,Maccabbi Weisgal,3,6,00:32.56,319,Direct Finals
802,129,1014,1014,אליפות עמק חפר,comp.asp?compID=475,64,https://loglig.com:2053/LeagueTable/AthleticsDisciplines/10454,14,50m Butterfly,Men 14-99,CategoryMinimumבנים 14-1600:33.00גברים 17-9900:31.00,19/04/2024 18:00:00,136,129,/LeagueTable/AthleticsDisciplineResults/48924?isModal=True,1,1,129,2024-04-19 00:00:00,2024,18:00:00,Passed,130,Gilad Shushan,2009,Maccabbi Weisgal,4,0,NS,0,Direct Finals
803,43,1016,1016,אליפות עמק חפר,comp.asp?compID=475,64,https://loglig.com:2053/LeagueTable/AthleticsDisciplines/10454,16,200m Freestyle,Men 14-99,CategoryMinimumבנים 14-1602:18.00גברים 17-9902:12.00,19/04/2024 18:34:00,111,102,/LeagueTable/AthleticsDisciplineResults/48915?isModal=True,1,1,102,2024-04-19 00:00:00,2024,18:34:00,Passed,44,Eran Grubman,2007,Maccabbi Weisgal,7,8,02:06.09,529,Direct Finals
804,24,1017,1017,אליפות עמק חפר,comp.asp?compID=475,64,https://loglig.com:2053/LeagueTable/AthleticsDisciplines/10454,17,400m Freestyle,Women 13-99,CategoryMinimumבנות 13-1505:25.00נשים 16-9905:10.00,19/04/2024 19:07:00,60,55,/LeagueTable/AthleticsDisciplineResults/48936?isModal=True,1,1,55,2024-04-19 00:00:00,2024,19:07:00,Passed,25,Ellah Manna,2009,Maccabbi Weisgal,1,5,04:56.97,504,Direct Finals
805,28,1017,1017,אליפות עמק חפר,comp.asp?compID=475,64,https://loglig.com:2053/LeagueTable/AthleticsDisciplines/10454,17,400m Freestyle,Women 13-99,CategoryMinimumבנות 13-1505:25.00נשים 16-9905:10.00,19/04/2024 19:07:00,60,55,/LeagueTable/AthleticsDisciplineResults/48936?isModal=True,1,1,55,2024-04-19 00:00:00,2024,19:07:00,Passed,29,Noa Karni,2009,Maccabbi Weisgal,3,5,04:58.06,499,Direct Finals
806,6,1018,1018,אליפות עמק חפר,comp.asp?compID=475,64,https://loglig.com:2053/LeagueTable/AthleticsDisciplines/10454,19,4X50m Freestyle Relay,Women 13-99,00:00.00,19/04/2024 19:40:00,63,48,/LeagueTable/AthleticsDisciplineResults/48945?isModal=True,1,1,48,2024-04-19 00:00:00,2024,19:40:00,Passed,7,"Ellah Manna, Noa Karni, MAYA CHN-LEVI, Ariel Mizrahi",,Maccabbi Weisgal,2,6,02:01.50,0,Direct Finals
807,6,1019,1019,אליפות עמק חפר,comp.asp?compID=475,64,https://loglig.com:2053/LeagueTable/AthleticsDisciplines/10454,20,4X50m Freestyle Relay,Men 14-99,00:00.00,19/04/2024 19:50:00,76,56,/LeagueTable/AthleticsDisciplineResults/48944?isModal=True,1,1,56,2024-04-19 00:00:00,2024,19:50:00,Passed,7,"Itay Shpayzer, ANDREI GAIDOKOV, Ron Morgulis, Eran Grubman",,Maccabbi Weisgal,2,3,01:43.21,0,Direct Finals
808,22,1020,1020,אליפות עמק חפר,comp.asp?compID=475,64,https://loglig.com:2053/LeagueTable/AthleticsDisciplines/10454,22,200m Backstroke,Men 14-99,CategoryMinimumגברים 17-9902:40.00בנים 14-1602:32.00,20/04/2024 09:30:00,88,86,/LeagueTable/AthleticsDisciplineResults/48914?isModal=True,1,1,86,2024-04-20 00:00:00,2024,09:30:00,Passed,23,Ron Morgulis,2006,Maccabbi Weisgal,8,5,02:20.26,508,Direct Finals
809,30,1020,1020,אליפות עמק חפר,comp.asp?compID=475,64,https://loglig.com:2053/LeagueTable/AthleticsDisciplines/10454,22,200m Backstroke,Men 14-99,CategoryMinimumגברים 17-9902:40.00בנים 14-1602:32.00,20/04/2024 09:30:00,88,86,/LeagueTable/AthleticsDisciplineResults/48914?isModal=True,1,1,86,2024-04-20 00:00:00,2024,09:30:00,Passed,31,ANDREI GAIDOKOV,2007,Maccabbi Weisgal,1,2,02:22.38,485,Direct Finals
810,36,1020,1020,אליפות עמק חפר,comp.asp?compID=475,64,https://loglig.com:2053/LeagueTable/AthleticsDisciplines/10454,22,200m Backstroke,Men 14-99,CategoryMinimumגברים 17-9902:40.00בנים 14-1602:32.00,20/04/2024 09:30:00,88,86,/LeagueTable/AthleticsDisciplineResults/48914?isModal=True,1,1,86,2024-04-20 00:00:00,2024,09:30:00,Passed,37,Matan Epshtein,2009,Maccabbi Weisgal,3,2,02:24.49,464,Direct Finals
811,80,1020,1020,אליפות עמק חפר,comp.asp?compID=475,64,https://loglig.com:2053/LeagueTable/AthleticsDisciplines/10454,22,200m Backstroke,Men 14-99,CategoryMinimumגברים 17-9902:40.00בנים 14-1602:32.00,20/04/2024 09:30:00,88,86,/LeagueTable/AthleticsDisciplineResults/48914?isModal=True,1,1,86,2024-04-20 00:00:00,2024,09:30:00,Passed,81,DROR HASIDI,2010,Maccabbi Weisgal,2,4,02:42.03 NMin,329,Direct Finals
812,19,1021,1021,אליפות עמק חפר,comp.asp?compID=475,64,https://loglig.com:2053/LeagueTable/AthleticsDisciplines/10454,23,200m Butterfly,Women 13-99,CategoryMinimumבנות 13-1503:00.00נשים 16-9902:50.00,20/04/2024 10:01:30,36,34,/LeagueTable/AthleticsDisciplineResults/48935?isModal=True,1,1,34,2024-04-20 00:00:00,2024,10:01:30,Passed,20,Ellah Manna,2009,Maccabbi Weisgal,3,6,02:43.12,416,Direct Finals
813,49,1022,1022,אליפות עמק חפר,comp.asp?compID=475,64,https://loglig.com:2053/LeagueTable/AthleticsDisciplines/10454,24,100m Breaststroke,Men 14-99,CategoryMinimumבנים 14-1601:25.00גברים 17-9901:20.00,20/04/2024 10:15:30,99,97,/LeagueTable/AthleticsDisciplineResults/48911?isModal=True,1,1,97,2024-04-20 00:00:00,2024,10:15:30,Passed,50,Noam Steinberg,2009,Maccabbi Weisgal,6,2,01:15.66,424,Direct Finals
814,72,1022,1022,אליפות עמק חפר,comp.asp?compID=475,64,https://loglig.com:2053/LeagueTable/AthleticsDisciplines/10454,24,100m Breaststroke,Men 14-99,CategoryMinimumבנים 14-1601:25.00גברים 17-9901:20.00,20/04/2024 10:15:30,99,97,/LeagueTable/AthleticsDisciplineResults/48911?isModal=True,1,1,97,2024-04-20 00:00:00,2024,10:15:30,Passed,73,Noam Shany,2009,Maccabbi Weisgal,4,5,01:20.81,348,Direct Finals
815,83,1022,1022,אליפות עמק חפר,comp.asp?compID=475,64,https://loglig.com:2053/LeagueTable/AthleticsDisciplines/10454,24,100m Breaststroke,Men 14-99,CategoryMinimumבנים 14-1601:25.00גברים 17-9901:20.00,20/04/2024 10:15:30,99,97,/LeagueTable/AthleticsDisciplineResults/48911?isModal=True,1,1,97,2024-04-20 00:00:00,2024,10:15:30,Passed,84,GILAD HOLAND,2010,Maccabbi Weisgal,2,5,01:23.43,316,Direct Finals
816,9,1023,1023,אליפות עמק חפר,comp.asp?compID=475,64,https://loglig.com:2053/LeagueTable/AthleticsDisciplines/10454,25,50m Breaststroke,Women 13-99,CategoryMinimumבנות 13-1500:44.00נשים 16-9900:42.00,20/04/2024 10:35:30,55,53,/LeagueTable/AthleticsDisciplineResults/48940?isModal=True,1,1,53,2024-04-20 00:00:00,2024,10:35:30,Passed,10,Ariel Shahar,2009,Maccabbi Weisgal,6,6,00:36.61,512,Direct Finals
817,30,1023,1023,אליפות עמק חפר,comp.asp?compID=475,64,https://loglig.com:2053/LeagueTable/AthleticsDisciplines/10454,25,50m Breaststroke,Women 13-99,CategoryMinimumבנות 13-1500:44.00נשים 16-9900:42.00,20/04/2024 10:35:30,55,53,/LeagueTable/AthleticsDisciplineResults/48940?isModal=True,1,1,53,2024-04-20 00:00:00,2024,10:35:30,Passed,31,Ariel Mizrahi,2010,Maccabbi Weisgal,4,2,00:39.65,403,Direct Finals
