Gender,Age,Event,Points,Time
Male,8,50m Freestyle,20,00:33.68
Male,8,100m Freestyle,20,01:17.71
Male,8,200m Freestyle,20,02:51.20
Male,8,400m Freestyle,20,06:18.30
Male,8,800m Freestyle,20,13:05.70
Male,8,1500m Freestyle,20,24:58.65
Male,8,50m Breaststroke,20,00:45.18
Male,8,100m Breaststroke,20,01:41.49
Male,8,200m Breaststroke,20,03:46.01
Male,8,50m Butterfly,20,00:39.41
Male,8,100m Butterfly,20,01:32.15
Male,8,200m Butterfly,20,04:12.20
Male,8,50m Backstroke,20,00:39.61
Male,8,100m Backstroke,20,01:27.36
Male,8,200m Backstroke,20,03:13.48
Male,8,200m Individual Medley,20,03:22.73
Male,8,400m Individual Medley,20,07:21.35
Male,8,50m Freestyle,19,00:34.20
Male,8,100m Freestyle,19,01:18.91
Male,8,200m Freestyle,19,02:53.85
Male,8,400m Freestyle,19,06:24.15
Male,8,800m Freestyle,19,13:17.85
Male,8,1500m Freestyle,19,25:21.82
Male,8,50m Breaststroke,19,00:45.88
Male,8,100m Breaststroke,19,01:43.06
Male,8,200m Breaststroke,19,03:49.51
Male,8,50m Butterfly,19,00:40.02
Male,8,100m Butterfly,19,01:33.58
Male,8,200m Butterfly,19,04:16.10
Male,8,50m Backstroke,19,00:40.22
Male,8,100m Backstroke,19,01:28.71
Male,8,200m Backstroke,19,03:16.47
Male,8,200m Individual Medley,19,03:25.86
Male,8,400m Individual Medley,19,07:28.18
Male,8,50m Freestyle,18,00:34.72
Male,8,100m Freestyle,18,01:20.11
Male,8,200m Freestyle,18,02:56.50
Male,8,400m Freestyle,18,06:30.00
Male,8,800m Freestyle,18,13:30.00
Male,8,1500m Freestyle,18,25:45.00
Male,8,50m Butterfly,18,00:40.63
Male,8,100m Butterfly,18,01:35.00
Male,8,200m Butterfly,18,04:20.00
Male,8,50m Backstroke,18,00:40.83
Male,8,100m Backstroke,18,01:30.06
Male,8,200m Backstroke,18,03:19.46
Male,8,200m Individual Medley,18,03:29.00
Male,8,400m Individual Medley,18,07:35.00
Male,8,50m Freestyle,17,00:35.24
Male,8,100m Freestyle,17,01:21.31
Male,8,200m Freestyle,17,02:59.15
Male,8,400m Freestyle,17,06:35.85
Male,8,800m Freestyle,17,13:42.15
Male,8,1500m Freestyle,17,26:08.17
Male,8,50m Breaststroke,17,00:47.28
Male,8,100m Breaststroke,17,01:46.20
Male,8,200m Breaststroke,17,03:56.49
Male,8,50m Butterfly,17,00:41.24
Male,8,100m Butterfly,17,01:36.42
Male,8,200m Butterfly,17,04:23.90
Male,8,50m Backstroke,17,00:41.44
Male,8,100m Backstroke,17,01:31.41
Male,8,200m Backstroke,17,03:22.45
Male,8,200m Individual Medley,17,03:32.13
Male,8,400m Individual Medley,17,07:41.82
Male,8,50m Freestyle,16,00:35.76
Male,8,100m Freestyle,16,01:22.51
Male,8,200m Freestyle,16,03:01.79
Male,8,400m Freestyle,16,06:41.70
Male,8,800m Freestyle,16,13:54.30
Male,8,1500m Freestyle,16,26:31.35
Male,8,50m Breaststroke,16,00:47.98
Male,8,100m Breaststroke,16,01:47.77
Male,8,200m Breaststroke,16,03:59.99
Male,8,50m Butterfly,16,00:41.85
Male,8,100m Butterfly,16,01:37.85
Male,8,200m Butterfly,16,04:27.80
Male,8,50m Backstroke,16,00:42.05
Male,8,100m Backstroke,16,01:32.76
Male,8,200m Backstroke,16,03:25.44
Male,8,200m Individual Medley,16,03:35.27
Male,8,400m Individual Medley,16,07:48.65
Male,8,50m Freestyle,15,00:36.28
Male,8,100m Freestyle,15,01:23.71
Male,8,200m Freestyle,15,03:04.44
Male,8,400m Freestyle,15,06:47.55
Male,8,800m Freestyle,15,14:06.45
Male,8,1500m Freestyle,15,26:54.52
Male,8,50m Breaststroke,15,00:48.68
Male,8,100m Breaststroke,15,01:49.34
Male,8,200m Breaststroke,15,04:03.49
Male,8,50m Butterfly,15,00:42.46
Male,8,100m Butterfly,15,01:39.28
Male,8,200m Butterfly,15,04:31.70
Male,8,50m Backstroke,15,00:42.67
Male,8,100m Backstroke,15,01:34.11
Male,8,200m Backstroke,15,03:28.44
Male,8,200m Individual Medley,15,03:38.40
Male,8,400m Individual Medley,15,07:55.48
Male,8,50m Freestyle,14,00:36.80
Male,8,100m Freestyle,14,01:24.92
Male,8,200m Freestyle,14,03:07.09
Male,8,400m Freestyle,14,06:53.40
Male,8,800m Freestyle,14,14:18.60
Male,8,1500m Freestyle,14,27:17.70
Male,8,50m Breaststroke,14,00:49.37
Male,8,100m Breaststroke,14,01:50.91
Male,8,200m Breaststroke,14,04:06.98
Male,8,50m Butterfly,14,00:43.07
Male,8,100m Butterfly,14,01:40.70
Male,8,200m Butterfly,14,04:35.60
Male,8,50m Backstroke,14,00:43.28
Male,8,100m Backstroke,14,01:35.46
Male,8,200m Backstroke,14,03:31.43
Male,8,200m Individual Medley,14,03:41.54
Male,8,400m Individual Medley,14,08:02.30
Male,8,50m Freestyle,13,00:37.32
Male,8,100m Freestyle,13,01:26.12
Male,8,200m Freestyle,13,03:09.74
Male,8,400m Freestyle,13,06:59.25
Male,8,800m Freestyle,13,14:30.75
Male,8,1500m Freestyle,13,27:40.87
Male,8,50m Breaststroke,13,00:50.07
Male,8,100m Breaststroke,13,01:52.48
Male,8,200m Breaststroke,13,04:10.47
Male,8,50m Butterfly,13,00:43.68
Male,8,100m Butterfly,13,01:42.12
Male,8,200m Butterfly,13,04:39.50
Male,8,50m Backstroke,13,00:43.89
Male,8,100m Backstroke,13,01:36.81
Male,8,200m Backstroke,13,03:34.42
Male,8,200m Individual Medley,13,03:44.68
Male,8,400m Individual Medley,13,08:09.13
Male,8,50m Freestyle,12,00:37.84
Male,8,100m Freestyle,12,01:27.32
Male,8,200m Freestyle,12,03:12.39
Male,8,400m Freestyle,12,07:05.10
Male,8,800m Freestyle,12,14:42.90
Male,8,1500m Freestyle,12,28:04.05
Male,8,50m Breaststroke,12,00:50.77
Male,8,100m Breaststroke,12,01:54.05
Male,8,200m Breaststroke,12,04:13.97
Male,8,50m Butterfly,12,00:44.29
Male,8,100m Butterfly,12,01:43.55
Male,8,200m Butterfly,12,04:43.40
Male,8,50m Backstroke,12,00:44.50
Male,8,100m Backstroke,12,01:38.17
Male,8,200m Backstroke,12,03:37.41
Male,8,200m Individual Medley,12,03:47.81
Male,8,400m Individual Medley,12,08:15.95
Male,8,50m Freestyle,11,00:38.37
Male,8,100m Freestyle,11,01:28.52
Male,8,200m Freestyle,11,03:15.03
Male,8,400m Freestyle,11,07:10.95
Male,8,800m Freestyle,11,14:55.05
Male,8,1500m Freestyle,11,28:27.22
Male,8,50m Breaststroke,11,00:51.47
Male,8,100m Breaststroke,11,01:55.62
Male,8,200m Breaststroke,11,04:17.47
Male,8,50m Butterfly,11,00:44.90
Male,8,100m Butterfly,11,01:44.98
Male,8,200m Butterfly,11,04:47.30
Male,8,50m Backstroke,11,00:45.12
Male,8,100m Backstroke,11,01:39.52
Male,8,200m Backstroke,11,03:40.40
Male,8,200m Individual Medley,11,03:50.95
Male,8,400m Individual Medley,11,08:22.77
Male,8,50m Freestyle,10,00:38.89
Male,8,100m Freestyle,10,01:29.72
Male,8,200m Freestyle,10,03:17.68
Male,8,400m Freestyle,10,07:16.80
Male,8,800m Freestyle,10,15:07.20
Male,8,1500m Freestyle,10,28:50.40
Male,8,50m Breaststroke,10,00:52.17
Male,8,100m Breaststroke,10,01:57.19
Male,8,200m Breaststroke,10,04:20.96
Male,8,50m Butterfly,10,00:45.51
Male,8,100m Butterfly,10,01:46.40
Male,8,200m Butterfly,10,04:51.20
Male,8,50m Backstroke,10,00:45.73
Male,8,100m Backstroke,10,01:40.87
Male,8,200m Backstroke,10,03:43.40
Male,8,200m Individual Medley,10,03:54.08
Male,8,400m Individual Medley,10,08:29.60
Male,8,50m Freestyle,9,00:39.41
Male,8,100m Freestyle,9,01:30.92
Male,8,200m Freestyle,9,03:20.33
Male,8,400m Freestyle,9,07:22.65
Male,8,800m Freestyle,9,15:19.35
Male,8,1500m Freestyle,9,29:13.57
Male,8,50m Breaststroke,9,00:52.87
Male,8,100m Breaststroke,9,01:58.76
Male,8,200m Breaststroke,9,04:24.45
Male,8,50m Butterfly,9,00:46.12
Male,8,100m Butterfly,9,01:47.82
Male,8,200m Butterfly,9,04:55.10
Male,8,50m Backstroke,9,00:46.34
Male,8,100m Backstroke,9,01:42.22
Male,8,200m Backstroke,9,03:46.39
Male,8,200m Individual Medley,9,03:57.22
Male,8,400m Individual Medley,9,08:36.42
Male,8,50m Freestyle,8,00:39.93
Male,8,100m Freestyle,8,01:32.13
Male,8,200m Freestyle,8,03:22.97
Male,8,400m Freestyle,8,07:28.50
Male,8,800m Freestyle,8,15:31.50
Male,8,1500m Freestyle,8,29:36.75
Male,8,50m Breaststroke,8,00:53.57
Male,8,100m Breaststroke,8,02:00.32
Male,8,200m Breaststroke,8,04:27.95
Male,8,50m Butterfly,8,00:46.72
Male,8,100m Butterfly,8,01:49.25
Male,8,200m Butterfly,8,04:59.00
Male,8,50m Backstroke,8,00:46.95
Male,8,100m Backstroke,8,01:43.57
Male,8,200m Backstroke,8,03:49.38
Male,8,200m Individual Medley,8,04:00.35
Male,8,400m Individual Medley,8,08:43.25
Male,8,50m Freestyle,7,00:40.45
Male,8,100m Freestyle,7,01:33.33
Male,8,200m Freestyle,7,03:25.62
Male,8,400m Freestyle,7,07:34.35
Male,8,800m Freestyle,7,15:43.65
Male,8,1500m Freestyle,7,29:59.93
Male,8,50m Breaststroke,7,00:54.27
Male,8,100m Breaststroke,7,02:01.89
Male,8,200m Breaststroke,7,04:31.45
Male,8,50m Butterfly,7,00:47.33
Male,8,100m Butterfly,7,01:50.68
Male,8,200m Butterfly,7,05:02.90
Male,8,50m Backstroke,7,00:47.57
Male,8,100m Backstroke,7,01:44.92
Male,8,200m Backstroke,7,03:52.37
Male,8,200m Individual Medley,7,04:03.49
Male,8,400m Individual Medley,7,08:50.08
Male,8,50m Freestyle,6,00:40.97
Male,8,100m Freestyle,6,01:34.53
Male,8,200m Freestyle,6,03:28.27
Male,8,400m Freestyle,6,07:40.20
Male,8,800m Freestyle,6,15:55.80
Male,8,1500m Freestyle,6,30:23.10
Male,8,50m Breaststroke,6,00:54.96
Male,8,100m Breaststroke,6,02:03.46
Male,8,200m Breaststroke,6,04:34.94
Male,8,50m Butterfly,6,00:47.94
Male,8,100m Butterfly,6,01:52.10
Male,8,200m Butterfly,6,05:06.80
Male,8,50m Backstroke,6,00:48.18
Male,8,100m Backstroke,6,01:46.27
Male,8,200m Backstroke,6,03:55.36
Male,8,200m Individual Medley,6,04:06.62
Male,8,400m Individual Medley,6,08:56.90
Male,8,50m Freestyle,5,00:41.49
Male,8,100m Freestyle,5,01:35.73
Male,8,200m Freestyle,5,03:30.92
Male,8,400m Freestyle,5,07:46.05
Male,8,800m Freestyle,5,16:07.95
Male,8,1500m Freestyle,5,30:46.28
Male,8,50m Breaststroke,5,00:55.66
Male,8,100m Breaststroke,5,02:05.03
Male,8,200m Breaststroke,5,04:38.44
Male,8,50m Butterfly,5,00:48.55
Male,8,100m Butterfly,5,01:53.53
Male,8,200m Butterfly,5,05:10.70
Male,8,50m Backstroke,5,00:48.79
Male,8,100m Backstroke,5,01:47.62
Male,8,200m Backstroke,5,03:58.35
Male,8,200m Individual Medley,5,04:09.76
Male,8,400m Individual Medley,5,09:03.73
Male,8,50m Freestyle,4,00:42.01
Male,8,100m Freestyle,4,01:36.93
Male,8,200m Freestyle,4,03:33.56
Male,8,400m Freestyle,4,07:51.90
Male,8,800m Freestyle,4,16:20.10
Male,8,1500m Freestyle,4,31:09.45
Male,8,50m Breaststroke,4,00:56.36
Male,8,100m Breaststroke,4,02:06.60
Male,8,200m Breaststroke,4,04:41.93
Male,8,50m Butterfly,4,00:49.16
Male,8,100m Butterfly,4,01:54.95
Male,8,200m Butterfly,4,05:14.60
Male,8,50m Backstroke,4,00:49.40
Male,8,100m Backstroke,4,01:48.97
Male,8,200m Backstroke,4,04:01.35
Male,8,200m Individual Medley,4,04:12.89
Male,8,400m Individual Medley,4,09:10.55
Male,8,50m Freestyle,3,00:42.53
Male,8,100m Freestyle,3,01:38.13
Male,8,200m Freestyle,3,03:36.21
Male,8,400m Freestyle,3,07:57.75
Male,8,800m Freestyle,3,16:32.25
Male,8,1500m Freestyle,3,31:32.63
Male,8,50m Breaststroke,3,00:57.06
Male,8,100m Breaststroke,3,02:08.17
Male,8,200m Breaststroke,3,04:45.43
Male,8,50m Butterfly,3,00:49.77
Male,8,100m Butterfly,3,01:56.38
Male,8,200m Butterfly,3,05:18.50
Male,8,50m Backstroke,3,00:50.02
Male,8,100m Backstroke,3,01:50.32
Male,8,200m Backstroke,3,04:04.34
Male,8,200m Individual Medley,3,04:16.03
Male,8,400m Individual Medley,3,09:17.38
Male,8,50m Freestyle,2,00:43.05
Male,8,100m Freestyle,2,01:39.34
Male,8,200m Freestyle,2,03:38.86
Male,8,400m Freestyle,2,08:03.60
Male,8,800m Freestyle,2,16:44.40
Male,8,1500m Freestyle,2,31:55.80
Male,8,50m Breaststroke,2,00:57.76
Male,8,100m Breaststroke,2,02:09.74
Male,8,200m Breaststroke,2,04:48.92
Male,8,50m Butterfly,2,00:50.38
Male,8,100m Butterfly,2,01:57.80
Male,8,200m Butterfly,2,05:22.40
Male,8,50m Backstroke,2,00:50.63
Male,8,100m Backstroke,2,01:51.67
Male,8,200m Backstroke,2,04:07.33
Male,8,200m Individual Medley,2,04:19.16
Male,8,400m Individual Medley,2,09:24.20
Male,8,50m Freestyle,1,00:43.57
Male,8,100m Freestyle,1,01:40.54
Male,8,200m Freestyle,1,03:41.51
Male,8,400m Freestyle,1,08:09.45
Male,8,800m Freestyle,1,16:56.55
Male,8,1500m Freestyle,1,32:18.97
Male,8,50m Breaststroke,1,00:58.46
Male,8,100m Breaststroke,1,02:11.31
Male,8,200m Breaststroke,1,04:52.42
Male,8,50m Butterfly,1,00:50.99
Male,8,100m Butterfly,1,01:59.23
Male,8,200m Butterfly,1,05:26.30
Male,8,50m Backstroke,1,00:51.24
Male,8,100m Backstroke,1,01:53.03
Male,8,200m Backstroke,1,04:10.32
Male,8,200m Individual Medley,1,04:22.29
Male,8,400m Individual Medley,1,09:31.02
Male,9,50m Freestyle,20,00:31.49
Male,9,100m Freestyle,20,01:10.51
Male,9,200m Freestyle,20,02:34.95
Male,9,400m Freestyle,20,05:32.69
Male,9,800m Freestyle,20,11:38.40
Male,9,1500m Freestyle,20,22:08.90
Male,9,50m Breaststroke,20,00:50.83
Male,9,100m Breaststroke,20,01:31.66
Male,9,200m Breaststroke,20,03:19.92
Male,9,50m Butterfly,20,00:35.51
Male,9,100m Butterfly,20,01:21.48
Male,9,200m Butterfly,20,03:29.52
Male,9,50m Backstroke,20,00:36.86
Male,9,100m Backstroke,20,01:21.22
Male,9,200m Backstroke,20,02:52.50
Male,9,200m Individual Medley,20,02:55.26
Male,9,400m Individual Medley,20,06:28.00
Male,9,50m Freestyle,19,00:31.97
Male,9,100m Freestyle,19,01:11.60
Male,9,200m Freestyle,19,02:37.34
Male,9,400m Freestyle,19,05:37.84
Male,9,800m Freestyle,19,11:49.20
Male,9,1500m Freestyle,19,22:29.45
Male,9,50m Butterfly,19,00:36.06
Male,9,100m Butterfly,19,01:22.74
Male,9,200m Butterfly,19,03:32.76
Male,9,50m Backstroke,19,00:37.43
Male,9,100m Backstroke,19,01:22.47
Male,9,200m Backstroke,19,02:55.16
Male,9,200m Individual Medley,19,02:57.97
Male,9,400m Individual Medley,19,06:34.00
Male,9,50m Freestyle,18,00:32.46
Male,9,100m Freestyle,18,01:12.69
Male,9,200m Freestyle,18,02:39.74
Male,9,400m Freestyle,18,05:42.98
Male,9,800m Freestyle,18,12:00.00
Male,9,1500m Freestyle,18,22:50.00
Male,9,50m Breaststroke,18,00:52.40
Male,9,100m Breaststroke,18,01:34.49
Male,9,200m Breaststroke,18,03:26.10
Male,9,50m Butterfly,18,00:36.61
Male,9,100m Butterfly,18,01:24.00
Male,9,200m Butterfly,18,03:36.00
Male,9,50m Backstroke,18,00:38.00
Male,9,100m Backstroke,18,01:23.73
Male,9,200m Backstroke,18,02:57.83
Male,9,200m Individual Medley,18,03:00.68
Male,9,400m Individual Medley,18,06:40.00
Male,9,50m Freestyle,17,00:32.95
Male,9,100m Freestyle,17,01:13.78
Male,9,200m Freestyle,17,02:42.14
Male,9,400m Freestyle,17,05:48.12
Male,9,800m Freestyle,17,12:10.80
Male,9,1500m Freestyle,17,23:10.55
Male,9,50m Breaststroke,17,00:53.19
Male,9,100m Breaststroke,17,01:35.91
Male,9,200m Breaststroke,17,03:29.19
Male,9,50m Butterfly,17,00:37.16
Male,9,100m Butterfly,17,01:25.26
Male,9,200m Butterfly,17,03:39.24
Male,9,50m Backstroke,17,00:38.57
Male,9,100m Backstroke,17,01:24.99
Male,9,200m Backstroke,17,03:00.50
Male,9,200m Individual Medley,17,03:03.39
Male,9,400m Individual Medley,17,06:46.00
Male,9,50m Freestyle,16,00:33.43
Male,9,100m Freestyle,16,01:14.87
Male,9,200m Freestyle,16,02:44.53
Male,9,400m Freestyle,16,05:53.27
Male,9,800m Freestyle,16,12:21.60
Male,9,1500m Freestyle,16,23:31.10
Male,9,50m Breaststroke,16,00:53.97
Male,9,100m Breaststroke,16,01:37.32
Male,9,200m Breaststroke,16,03:32.28
Male,9,50m Butterfly,16,00:37.71
Male,9,100m Butterfly,16,01:26.52
Male,9,200m Butterfly,16,03:42.48
Male,9,50m Backstroke,16,00:39.14
Male,9,100m Backstroke,16,01:26.24
Male,9,200m Backstroke,16,03:03.16
Male,9,200m Individual Medley,16,03:06.10
Male,9,400m Individual Medley,16,06:52.00
Male,9,50m Freestyle,15,00:33.92
Male,9,100m Freestyle,15,01:15.96
Male,9,200m Freestyle,15,02:46.93
Male,9,400m Freestyle,15,05:58.41
Male,9,800m Freestyle,15,12:32.40
Male,9,1500m Freestyle,15,23:51.65
Male,9,50m Breaststroke,15,00:54.76
Male,9,100m Breaststroke,15,01:38.74
Male,9,200m Breaststroke,15,03:35.37
Male,9,50m Butterfly,15,00:38.26
Male,9,100m Butterfly,15,01:27.78
Male,9,200m Butterfly,15,03:45.72
Male,9,50m Backstroke,15,00:39.71
Male,9,100m Backstroke,15,01:27.50
Male,9,200m Backstroke,15,03:05.83
Male,9,200m Individual Medley,15,03:08.81
Male,9,400m Individual Medley,15,06:58.00
Male,9,50m Freestyle,14,00:34.41
Male,9,100m Freestyle,14,01:17.05
Male,9,200m Freestyle,14,02:49.32
Male,9,400m Freestyle,14,06:03.56
Male,9,800m Freestyle,14,12:43.20
Male,9,1500m Freestyle,14,24:12.20
Male,9,50m Breaststroke,14,00:55.54
Male,9,100m Breaststroke,14,01:40.16
Male,9,200m Breaststroke,14,03:38.47
Male,9,50m Butterfly,14,00:38.81
Male,9,100m Butterfly,14,01:29.04
Male,9,200m Butterfly,14,03:48.96
Male,9,50m Backstroke,14,00:40.28
Male,9,100m Backstroke,14,01:28.75
Male,9,200m Backstroke,14,03:08.50
Male,9,200m Individual Medley,14,03:11.52
Male,9,400m Individual Medley,14,07:04.00
Male,9,50m Freestyle,13,00:34.89
Male,9,100m Freestyle,13,01:18.14
Male,9,200m Freestyle,13,02:51.72
Male,9,400m Freestyle,13,06:08.70
Male,9,800m Freestyle,13,12:54.00
Male,9,1500m Freestyle,13,24:32.75
Male,9,50m Breaststroke,13,00:56.33
Male,9,100m Breaststroke,13,01:41.58
Male,9,200m Breaststroke,13,03:41.56
Male,9,50m Butterfly,13,00:39.36
Male,9,100m Butterfly,13,01:30.30
Male,9,200m Butterfly,13,03:52.20
Male,9,50m Backstroke,13,00:40.85
Male,9,100m Backstroke,13,01:30.01
Male,9,200m Backstroke,13,03:11.17
Male,9,200m Individual Medley,13,03:14.23
Male,9,400m Individual Medley,13,07:10.00
Male,9,50m Freestyle,12,00:35.38
Male,9,100m Freestyle,12,01:19.23
Male,9,200m Freestyle,12,02:54.12
Male,9,400m Freestyle,12,06:13.85
Male,9,800m Freestyle,12,13:04.80
Male,9,1500m Freestyle,12,24:53.30
Male,9,50m Breaststroke,12,00:57.12
Male,9,100m Breaststroke,12,01:42.99
Male,9,200m Breaststroke,12,03:44.65
Male,9,50m Butterfly,12,00:39.90
Male,9,100m Butterfly,12,01:31.56
Male,9,200m Butterfly,12,03:55.44
Male,9,50m Backstroke,12,00:41.42
Male,9,100m Backstroke,12,01:31.27
Male,9,200m Backstroke,12,03:13.83
Male,9,200m Individual Medley,12,03:16.94
Male,9,400m Individual Medley,12,07:16.00
Male,9,50m Freestyle,11,00:35.87
Male,9,100m Freestyle,11,01:20.32
Male,9,200m Freestyle,11,02:56.51
Male,9,400m Freestyle,11,06:18.99
Male,9,800m Freestyle,11,13:15.60
Male,9,1500m Freestyle,11,25:13.85
Male,9,50m Breaststroke,11,00:57.90
Male,9,100m Breaststroke,11,01:44.41
Male,9,200m Breaststroke,11,03:47.74
Male,9,50m Butterfly,11,00:40.45
Male,9,100m Butterfly,11,01:32.82
Male,9,200m Butterfly,11,03:58.68
Male,9,50m Backstroke,11,00:41.99
Male,9,100m Backstroke,11,01:32.52
Male,9,200m Backstroke,11,03:16.50
Male,9,200m Individual Medley,11,03:19.65
Male,9,400m Individual Medley,11,07:22.00
Male,9,50m Freestyle,10,00:36.36
Male,9,100m Freestyle,10,01:21.41
Male,9,200m Freestyle,10,02:58.91
Male,9,400m Freestyle,10,06:24.14
Male,9,800m Freestyle,10,13:26.40
Male,9,1500m Freestyle,10,25:34.40
Male,9,50m Breaststroke,10,00:58.69
Male,9,100m Breaststroke,10,01:45.83
Male,9,200m Breaststroke,10,03:50.83
Male,9,50m Butterfly,10,00:41.00
Male,9,100m Butterfly,10,01:34.08
Male,9,200m Butterfly,10,04:01.92
Male,9,50m Backstroke,10,00:42.56
Male,9,100m Backstroke,10,01:33.78
Male,9,200m Backstroke,10,03:19.17
Male,9,200m Individual Medley,10,03:22.36
Male,9,400m Individual Medley,10,07:28.00
Male,9,50m Freestyle,9,00:36.84
Male,9,100m Freestyle,9,01:22.50
Male,9,200m Freestyle,9,03:01.30
Male,9,400m Freestyle,9,06:29.28
Male,9,800m Freestyle,9,13:37.20
Male,9,1500m Freestyle,9,25:54.95
Male,9,50m Breaststroke,9,00:59.47
Male,9,100m Breaststroke,9,01:47.25
Male,9,200m Breaststroke,9,03:53.92
Male,9,50m Butterfly,9,00:41.55
Male,9,100m Butterfly,9,01:35.34
Male,9,200m Butterfly,9,04:05.16
Male,9,50m Backstroke,9,00:43.13
Male,9,100m Backstroke,9,01:35.03
Male,9,200m Backstroke,9,03:21.84
Male,9,200m Individual Medley,9,03:25.07
Male,9,400m Individual Medley,9,07:34.00
Male,9,50m Freestyle,8,00:37.33
Male,9,100m Freestyle,8,01:23.59
Male,9,200m Freestyle,8,03:03.70
Male,9,400m Freestyle,8,06:34.43
Male,9,800m Freestyle,8,13:48.00
Male,9,1500m Freestyle,8,26:15.50
Male,9,50m Breaststroke,8,01:00.26
Male,9,100m Breaststroke,8,01:48.66
Male,9,200m Breaststroke,8,03:57.01
Male,9,50m Butterfly,8,00:42.10
Male,9,100m Butterfly,8,01:36.60
Male,9,200m Butterfly,8,04:08.40
Male,9,50m Backstroke,8,00:43.70
Male,9,100m Backstroke,8,01:36.29
Male,9,200m Backstroke,8,03:24.50
Male,9,200m Individual Medley,8,03:27.78
Male,9,400m Individual Medley,8,07:40.00
Male,9,50m Freestyle,7,00:37.82
Male,9,100m Freestyle,7,01:24.68
Male,9,200m Freestyle,7,03:06.10
Male,9,400m Freestyle,7,06:39.57
Male,9,800m Freestyle,7,13:58.80
Male,9,1500m Freestyle,7,26:36.05
Male,9,50m Breaststroke,7,01:01.05
Male,9,100m Breaststroke,7,01:50.08
Male,9,200m Breaststroke,7,04:00.11
Male,9,50m Butterfly,7,00:42.65
Male,9,100m Butterfly,7,01:37.86
Male,9,200m Butterfly,7,04:11.64
Male,9,50m Backstroke,7,00:44.27
Male,9,100m Backstroke,7,01:37.55
Male,9,200m Backstroke,7,03:27.17
Male,9,200m Individual Medley,7,03:30.49
Male,9,400m Individual Medley,7,07:46.00
Male,9,50m Freestyle,6,00:38.30
Male,9,100m Freestyle,6,01:25.77
Male,9,200m Freestyle,6,03:08.49
Male,9,400m Freestyle,6,06:44.72
Male,9,800m Freestyle,6,14:09.60
Male,9,1500m Freestyle,6,26:56.60
Male,9,50m Breaststroke,6,01:01.83
Male,9,100m Breaststroke,6,01:51.50
Male,9,200m Breaststroke,6,04:03.20
Male,9,50m Butterfly,6,00:43.20
Male,9,100m Butterfly,6,01:39.12
Male,9,200m Butterfly,6,04:14.88
Male,9,50m Backstroke,6,00:44.84
Male,9,100m Backstroke,6,01:38.80
Male,9,200m Backstroke,6,03:29.84
Male,9,200m Individual Medley,6,03:33.20
Male,9,400m Individual Medley,6,07:52.00
Male,9,50m Freestyle,5,00:38.79
Male,9,100m Freestyle,5,01:26.86
Male,9,200m Freestyle,5,03:10.89
Male,9,400m Freestyle,5,06:49.86
Male,9,800m Freestyle,5,14:20.40
Male,9,1500m Freestyle,5,27:17.15
Male,9,50m Breaststroke,5,01:02.62
Male,9,100m Breaststroke,5,01:52.92
Male,9,200m Breaststroke,5,04:06.29
Male,9,50m Butterfly,5,00:43.75
Male,9,100m Butterfly,5,01:40.38
Male,9,200m Butterfly,5,04:18.12
Male,9,50m Backstroke,5,00:45.41
Male,9,100m Backstroke,5,01:40.06
Male,9,200m Backstroke,5,03:32.51
Male,9,200m Individual Medley,5,03:35.91
Male,9,400m Individual Medley,5,07:58.00
Male,9,50m Freestyle,4,00:39.28
Male,9,100m Freestyle,4,01:27.95
Male,9,200m Freestyle,4,03:13.29
Male,9,400m Freestyle,4,06:55.01
Male,9,800m Freestyle,4,14:31.20
Male,9,1500m Freestyle,4,27:37.70
Male,9,50m Breaststroke,4,01:03.40
Male,9,100m Breaststroke,4,01:54.33
Male,9,200m Breaststroke,4,04:09.38
Male,9,50m Butterfly,4,00:44.30
Male,9,100m Butterfly,4,01:41.64
Male,9,200m Butterfly,4,04:21.36
Male,9,50m Backstroke,4,00:45.98
Male,9,100m Backstroke,4,01:41.31
Male,9,200m Backstroke,4,03:35.17
Male,9,200m Individual Medley,4,03:38.62
Male,9,400m Individual Medley,4,08:04.00
Male,9,50m Freestyle,3,00:39.76
Male,9,100m Freestyle,3,01:29.05
Male,9,200m Freestyle,3,03:15.68
Male,9,400m Freestyle,3,07:00.15
Male,9,800m Freestyle,3,14:42.00
Male,9,1500m Freestyle,3,27:58.25
Male,9,50m Breaststroke,3,01:04.19
Male,9,100m Breaststroke,3,01:55.75
Male,9,200m Breaststroke,3,04:12.47
Male,9,50m Butterfly,3,00:44.85
Male,9,100m Butterfly,3,01:42.90
Male,9,200m Butterfly,3,04:24.60
Male,9,50m Backstroke,3,00:46.55
Male,9,100m Backstroke,3,01:42.57
Male,9,200m Backstroke,3,03:37.84
Male,9,200m Individual Medley,3,03:41.33
Male,9,400m Individual Medley,3,08:10.00
Male,9,50m Freestyle,2,00:40.25
Male,9,100m Freestyle,2,01:30.14
Male,9,200m Freestyle,2,03:18.08
Male,9,400m Freestyle,2,07:05.30
Male,9,800m Freestyle,2,14:52.80
Male,9,1500m Freestyle,2,28:18.80
Male,9,50m Breaststroke,2,01:04.98
Male,9,100m Breaststroke,2,01:57.17
Male,9,200m Breaststroke,2,04:15.56
Male,9,50m Butterfly,2,00:45.40
Male,9,100m Butterfly,2,01:44.16
Male,9,200m Butterfly,2,04:27.84
Male,9,50m Backstroke,2,00:47.12
Male,9,100m Backstroke,2,01:43.83
Male,9,200m Backstroke,2,03:40.51
Male,9,200m Individual Medley,2,03:44.04
Male,9,400m Individual Medley,2,08:16.00
Male,9,50m Freestyle,1,00:40.74
Male,9,100m Freestyle,1,01:31.23
Male,9,200m Freestyle,1,03:20.47
Male,9,400m Freestyle,1,07:10.44
Male,9,800m Freestyle,1,15:03.60
Male,9,1500m Freestyle,1,28:39.35
Male,9,50m Breaststroke,1,01:05.76
Male,9,100m Breaststroke,1,01:58.58
Male,9,200m Breaststroke,1,04:18.66
Male,9,50m Butterfly,1,00:45.95
Male,9,100m Butterfly,1,01:45.42
Male,9,200m Butterfly,1,04:31.08
Male,9,50m Backstroke,1,00:47.69
Male,9,100m Backstroke,1,01:45.08
Male,9,200m Backstroke,1,03:43.18
Male,9,200m Individual Medley,1,03:46.75
Male,9,400m Individual Medley,1,08:22.00
Male,10,50m Freestyle,20,00:29.27
Male,10,100m Freestyle,20,01:05.64
Male,10,200m Freestyle,20,02:21.44
Male,10,400m Freestyle,20,04:55.34
Male,10,800m Freestyle,20,10:26.25
Male,10,1500m Freestyle,20,19:45.98
Male,10,50m Breaststroke,20,00:37.70
Male,10,100m Breaststroke,20,01:23.05
Male,10,200m Breaststroke,20,02:58.25
Male,10,50m Butterfly,20,00:32.09
Male,10,100m Butterfly,20,01:13.04
Male,10,200m Butterfly,20,02:52.59
Male,10,50m Backstroke,20,00:33.96
Male,10,100m Backstroke,20,01:14.05
Male,10,200m Backstroke,20,02:39.35
Male,10,200m Individual Medley,20,02:40.01
Male,10,400m Individual Medley,20,05:42.04
Male,10,50m Freestyle,19,00:29.73
Male,10,100m Freestyle,19,01:06.65
Male,10,200m Freestyle,19,02:23.62
Male,10,400m Freestyle,19,04:59.90
Male,10,800m Freestyle,19,10:35.94
Male,10,1500m Freestyle,19,20:04.32
Male,10,50m Breaststroke,19,00:38.29
Male,10,100m Breaststroke,19,01:24.34
Male,10,200m Breaststroke,19,03:01.00
Male,10,50m Butterfly,19,00:32.58
Male,10,100m Butterfly,19,01:14.17
Male,10,200m Butterfly,19,02:55.26
Male,10,50m Backstroke,19,00:34.48
Male,10,100m Backstroke,19,01:15.19
Male,10,200m Backstroke,19,02:41.82
Male,10,200m Individual Medley,19,02:42.49
Male,10,400m Individual Medley,19,05:47.33
Male,10,50m Freestyle,18,00:30.18
Male,10,100m Freestyle,18,01:07.67
Male,10,200m Freestyle,18,02:25.81
Male,10,400m Freestyle,18,05:04.47
Male,10,800m Freestyle,18,10:45.62
Male,10,1500m Freestyle,18,20:22.66
Male,10,50m Butterfly,18,00:33.08
Male,10,100m Butterfly,18,01:15.30
Male,10,200m Butterfly,18,02:57.93
Male,10,50m Backstroke,18,00:35.01
Male,10,100m Backstroke,18,01:16.34
Male,10,200m Backstroke,18,02:44.28
Male,10,200m Individual Medley,18,02:44.96
Male,10,400m Individual Medley,18,05:52.62
Male,10,50m Freestyle,17,00:30.63
Male,10,100m Freestyle,17,01:08.69
Male,10,200m Freestyle,17,02:28.00
Male,10,400m Freestyle,17,05:09.04
Male,10,800m Freestyle,17,10:55.30
Male,10,1500m Freestyle,17,20:41.00
Male,10,50m Breaststroke,17,00:39.45
Male,10,100m Breaststroke,17,01:26.90
Male,10,200m Breaststroke,17,03:06.52
Male,10,50m Butterfly,17,00:33.58
Male,10,100m Butterfly,17,01:16.43
Male,10,200m Butterfly,17,03:00.60
Male,10,50m Backstroke,17,00:35.54
Male,10,100m Backstroke,17,01:17.49
Male,10,200m Backstroke,17,02:46.74
Male,10,200m Individual Medley,17,02:47.43
Male,10,400m Individual Medley,17,05:57.91
Male,10,50m Freestyle,16,00:31.09
Male,10,100m Freestyle,16,01:09.70
Male,10,200m Freestyle,16,02:30.18
Male,10,400m Freestyle,16,05:13.60
Male,10,800m Freestyle,16,11:04.99
Male,10,1500m Freestyle,16,20:59.34
Male,10,50m Breaststroke,16,00:40.04
Male,10,100m Breaststroke,16,01:28.19
Male,10,200m Breaststroke,16,03:09.27
Male,10,50m Butterfly,16,00:34.07
Male,10,100m Butterfly,16,01:17.56
Male,10,200m Butterfly,16,03:03.27
Male,10,50m Backstroke,16,00:36.06
Male,10,100m Backstroke,16,01:18.63
Male,10,200m Backstroke,16,02:49.21
Male,10,200m Individual Medley,16,02:49.91
Male,10,400m Individual Medley,16,06:03.20
Male,10,50m Freestyle,15,00:31.54
Male,10,100m Freestyle,15,01:10.72
Male,10,200m Freestyle,15,02:32.37
Male,10,400m Freestyle,15,05:18.17
Male,10,800m Freestyle,15,11:14.67
Male,10,1500m Freestyle,15,21:17.68
Male,10,50m Breaststroke,15,00:40.62
Male,10,100m Breaststroke,15,01:29.47
Male,10,200m Breaststroke,15,03:12.03
Male,10,50m Butterfly,15,00:34.57
Male,10,100m Butterfly,15,01:18.69
Male,10,200m Butterfly,15,03:05.94
Male,10,50m Backstroke,15,00:36.59
Male,10,100m Backstroke,15,01:19.78
Male,10,200m Backstroke,15,02:51.67
Male,10,200m Individual Medley,15,02:52.38
Male,10,400m Individual Medley,15,06:08.49
Male,10,50m Freestyle,14,00:31.99
Male,10,100m Freestyle,14,01:11.73
Male,10,200m Freestyle,14,02:34.56
Male,10,400m Freestyle,14,05:22.74
Male,10,800m Freestyle,14,11:24.36
Male,10,1500m Freestyle,14,21:36.02
Male,10,50m Breaststroke,14,00:41.20
Male,10,100m Breaststroke,14,01:30.76
Male,10,200m Breaststroke,14,03:14.79
Male,10,50m Butterfly,14,00:35.06
Male,10,100m Butterfly,14,01:19.82
Male,10,200m Butterfly,14,03:08.61
Male,10,50m Backstroke,14,00:37.11
Male,10,100m Backstroke,14,01:20.92
Male,10,200m Backstroke,14,02:54.14
Male,10,200m Individual Medley,14,02:54.86
Male,10,400m Individual Medley,14,06:13.78
Male,10,50m Freestyle,13,00:32.44
Male,10,100m Freestyle,13,01:12.75
Male,10,200m Freestyle,13,02:36.75
Male,10,400m Freestyle,13,05:27.31
Male,10,800m Freestyle,13,11:34.04
Male,10,1500m Freestyle,13,21:54.36
Male,10,50m Breaststroke,13,00:41.79
Male,10,100m Breaststroke,13,01:32.04
Male,10,200m Breaststroke,13,03:17.54
Male,10,50m Butterfly,13,00:35.56
Male,10,100m Butterfly,13,01:20.95
Male,10,200m Butterfly,13,03:11.27
Male,10,50m Backstroke,13,00:37.64
Male,10,100m Backstroke,13,01:22.07
Male,10,200m Backstroke,13,02:56.60
Male,10,200m Individual Medley,13,02:57.33
Male,10,400m Individual Medley,13,06:19.07
Male,10,50m Freestyle,12,00:32.90
Male,10,100m Freestyle,12,01:13.76
Male,10,200m Freestyle,12,02:38.93
Male,10,400m Freestyle,12,05:31.87
Male,10,800m Freestyle,12,11:43.73
Male,10,1500m Freestyle,12,22:12.70
Male,10,50m Breaststroke,12,00:42.37
Male,10,100m Breaststroke,12,01:33.33
Male,10,200m Breaststroke,12,03:20.30
Male,10,50m Butterfly,12,00:36.06
Male,10,100m Butterfly,12,01:22.08
Male,10,200m Butterfly,12,03:13.94
Male,10,50m Backstroke,12,00:38.16
Male,10,100m Backstroke,12,01:23.21
Male,10,200m Backstroke,12,02:59.07
Male,10,200m Individual Medley,12,02:59.81
Male,10,400m Individual Medley,12,06:24.36
Male,10,50m Freestyle,11,00:33.35
Male,10,100m Freestyle,11,01:14.78
Male,10,200m Freestyle,11,02:41.12
Male,10,400m Freestyle,11,05:36.44
Male,10,800m Freestyle,11,11:53.41
Male,10,1500m Freestyle,11,22:31.04
Male,10,50m Breaststroke,11,00:42.95
Male,10,100m Breaststroke,11,01:34.61
Male,10,200m Breaststroke,11,03:23.05
Male,10,50m Butterfly,11,00:36.55
Male,10,100m Butterfly,11,01:23.21
Male,10,200m Butterfly,11,03:16.61
Male,10,50m Backstroke,11,00:38.69
Male,10,100m Backstroke,11,01:24.36
Male,10,200m Backstroke,11,03:01.53
Male,10,200m Individual Medley,11,03:02.28
Male,10,400m Individual Medley,11,06:29.65
Male,10,50m Freestyle,10,00:33.80
Male,10,100m Freestyle,10,01:15.79
Male,10,200m Freestyle,10,02:43.31
Male,10,400m Freestyle,10,05:41.01
Male,10,800m Freestyle,10,12:03.09
Male,10,1500m Freestyle,10,22:49.38
Male,10,50m Breaststroke,10,00:43.53
Male,10,100m Breaststroke,10,01:35.89
Male,10,200m Breaststroke,10,03:25.81
Male,10,50m Butterfly,10,00:37.05
Male,10,100m Butterfly,10,01:24.34
Male,10,200m Butterfly,10,03:19.28
Male,10,50m Backstroke,10,00:39.21
Male,10,100m Backstroke,10,01:25.50
Male,10,200m Backstroke,10,03:03.99
Male,10,200m Individual Medley,10,03:04.76
Male,10,400m Individual Medley,10,06:34.93
Male,10,50m Freestyle,9,00:34.25
Male,10,100m Freestyle,9,01:16.81
Male,10,200m Freestyle,9,02:45.49
Male,10,400m Freestyle,9,05:45.57
Male,10,800m Freestyle,9,12:12.78
Male,10,1500m Freestyle,9,23:07.72
Male,10,50m Breaststroke,9,00:44.12
Male,10,100m Breaststroke,9,01:37.18
Male,10,200m Breaststroke,9,03:28.57
Male,10,50m Butterfly,9,00:37.55
Male,10,100m Butterfly,9,01:25.47
Male,10,200m Butterfly,9,03:21.95
Male,10,50m Backstroke,9,00:39.74
Male,10,100m Backstroke,9,01:26.65
Male,10,200m Backstroke,9,03:06.46
Male,10,200m Individual Medley,9,03:07.23
Male,10,400m Individual Medley,9,06:40.22
Male,10,50m Freestyle,8,00:34.71
Male,10,100m Freestyle,8,01:17.82
Male,10,200m Freestyle,8,02:47.68
Male,10,400m Freestyle,8,05:50.14
Male,10,800m Freestyle,8,12:22.46
Male,10,1500m Freestyle,8,23:26.06
Male,10,50m Breaststroke,8,00:44.70
Male,10,100m Breaststroke,8,01:38.46
Male,10,200m Breaststroke,8,03:31.32
Male,10,50m Butterfly,8,00:38.04
Male,10,100m Butterfly,8,01:26.59
Male,10,200m Butterfly,8,03:24.62
Male,10,50m Backstroke,8,00:40.26
Male,10,100m Backstroke,8,01:27.79
Male,10,200m Backstroke,8,03:08.92
Male,10,200m Individual Medley,8,03:09.70
Male,10,400m Individual Medley,8,06:45.51
Male,10,50m Freestyle,7,00:35.16
Male,10,100m Freestyle,7,01:18.84
Male,10,200m Freestyle,7,02:49.87
Male,10,400m Freestyle,7,05:54.71
Male,10,800m Freestyle,7,12:32.15
Male,10,1500m Freestyle,7,23:44.40
Male,10,50m Breaststroke,7,00:45.28
Male,10,100m Breaststroke,7,01:39.75
Male,10,200m Breaststroke,7,03:34.08
Male,10,50m Butterfly,7,00:38.54
Male,10,100m Butterfly,7,01:27.72
Male,10,200m Butterfly,7,03:27.29
Male,10,50m Backstroke,7,00:40.79
Male,10,100m Backstroke,7,01:28.94
Male,10,200m Backstroke,7,03:11.39
Male,10,200m Individual Medley,7,03:12.18
Male,10,400m Individual Medley,7,06:50.80
Male,10,50m Freestyle,6,00:35.61
Male,10,100m Freestyle,6,01:19.85
Male,10,200m Freestyle,6,02:52.06
Male,10,400m Freestyle,6,05:59.27
Male,10,800m Freestyle,6,12:41.83
Male,10,1500m Freestyle,6,24:02.74
Male,10,50m Breaststroke,6,00:45.87
Male,10,100m Breaststroke,6,01:41.03
Male,10,200m Breaststroke,6,03:36.84
Male,10,50m Butterfly,6,00:39.03
Male,10,100m Butterfly,6,01:28.85
Male,10,200m Butterfly,6,03:29.96
Male,10,50m Backstroke,6,00:41.31
Male,10,100m Backstroke,6,01:30.08
Male,10,200m Backstroke,6,03:13.85
Male,10,200m Individual Medley,6,03:14.65
Male,10,400m Individual Medley,6,06:56.09
Male,10,50m Freestyle,5,00:36.07
Male,10,100m Freestyle,5,01:20.87
Male,10,200m Freestyle,5,02:54.24
Male,10,400m Freestyle,5,06:03.84
Male,10,800m Freestyle,5,12:51.52
Male,10,1500m Freestyle,5,24:21.08
Male,10,50m Breaststroke,5,00:46.45
Male,10,100m Breaststroke,5,01:42.32
Male,10,200m Breaststroke,5,03:39.59
Male,10,50m Butterfly,5,00:39.53
Male,10,100m Butterfly,5,01:29.98
Male,10,200m Butterfly,5,03:32.63
Male,10,50m Backstroke,5,00:41.84
Male,10,100m Backstroke,5,01:31.23
Male,10,200m Backstroke,5,03:16.31
Male,10,200m Individual Medley,5,03:17.13
Male,10,400m Individual Medley,5,07:01.38
Male,10,50m Freestyle,4,00:36.52
Male,10,100m Freestyle,4,01:21.88
Male,10,200m Freestyle,4,02:56.43
Male,10,400m Freestyle,4,06:08.41
Male,10,800m Freestyle,4,13:01.20
Male,10,1500m Freestyle,4,24:39.42
Male,10,50m Breaststroke,4,00:47.03
Male,10,100m Breaststroke,4,01:43.60
Male,10,200m Breaststroke,4,03:42.35
Male,10,50m Butterfly,4,00:40.03
Male,10,100m Butterfly,4,01:31.11
Male,10,200m Butterfly,4,03:35.30
Male,10,50m Backstroke,4,00:42.36
Male,10,100m Backstroke,4,01:32.37
Male,10,200m Backstroke,4,03:18.78
Male,10,200m Individual Medley,4,03:19.60
Male,10,400m Individual Medley,4,07:06.67
Male,10,50m Freestyle,3,00:36.97
Male,10,100m Freestyle,3,01:22.90
Male,10,200m Freestyle,3,02:58.62
Male,10,400m Freestyle,3,06:12.98
Male,10,800m Freestyle,3,13:10.88
Male,10,1500m Freestyle,3,24:57.76
Male,10,50m Breaststroke,3,00:47.62
Male,10,100m Breaststroke,3,01:44.88
Male,10,200m Breaststroke,3,03:45.11
Male,10,50m Butterfly,3,00:40.52
Male,10,100m Butterfly,3,01:32.24
Male,10,200m Butterfly,3,03:37.96
Male,10,50m Backstroke,3,00:42.89
Male,10,100m Backstroke,3,01:33.52
Male,10,200m Backstroke,3,03:21.24
Male,10,200m Individual Medley,3,03:22.08
Male,10,400m Individual Medley,3,07:11.96
Male,10,50m Freestyle,2,00:37.42
Male,10,100m Freestyle,2,01:23.91
Male,10,200m Freestyle,2,03:00.80
Male,10,400m Freestyle,2,06:17.54
Male,10,800m Freestyle,2,13:20.57
Male,10,1500m Freestyle,2,25:16.10
Male,10,50m Breaststroke,2,00:48.20
Male,10,100m Breaststroke,2,01:46.17
Male,10,200m Breaststroke,2,03:47.86
Male,10,50m Butterfly,2,00:41.02
Male,10,100m Butterfly,2,01:33.37
Male,10,200m Butterfly,2,03:40.63
Male,10,50m Backstroke,2,00:43.41
Male,10,100m Backstroke,2,01:34.66
Male,10,200m Backstroke,2,03:23.71
Male,10,200m Individual Medley,2,03:24.55
Male,10,400m Individual Medley,2,07:17.25
Male,10,50m Freestyle,1,00:37.88
Male,10,100m Freestyle,1,01:24.93
Male,10,200m Freestyle,1,03:02.99
Male,10,400m Freestyle,1,06:22.11
Male,10,800m Freestyle,1,13:30.25
Male,10,1500m Freestyle,1,25:34.44
Male,10,50m Breaststroke,1,00:48.78
Male,10,100m Breaststroke,1,01:47.45
Male,10,200m Breaststroke,1,03:50.62
Male,10,50m Butterfly,1,00:41.52
Male,10,100m Butterfly,1,01:34.50
Male,10,200m Butterfly,1,03:43.30
Male,10,50m Backstroke,1,00:43.94
Male,10,100m Backstroke,1,01:35.81
Male,10,200m Backstroke,1,03:26.17
Male,10,200m Individual Medley,1,03:27.02
Male,10,400m Individual Medley,1,07:22.54
Male,11,50m Freestyle,20,00:27.51
Male,11,100m Freestyle,20,01:00.16
Male,11,200m Freestyle,20,02:12.93
Male,11,400m Freestyle,20,04:38.64
Male,11,800m Freestyle,20,09:42.66
Male,11,1500m Freestyle,20,18:23.86
Male,11,50m Breaststroke,20,00:34.90
Male,11,100m Breaststroke,20,01:17.06
Male,11,200m Breaststroke,20,02:45.95
Male,11,50m Butterfly,20,00:29.49
Male,11,100m Butterfly,20,01:07.04
Male,11,200m Butterfly,20,02:31.16
Male,11,50m Backstroke,20,00:31.51
Male,11,100m Backstroke,20,01:07.11
Male,11,200m Backstroke,20,02:28.50
Male,11,200m Individual Medley,20,02:28.16
Male,11,400m Individual Medley,20,05:17.33
Male,11,50m Freestyle,19,00:27.93
Male,11,100m Freestyle,19,01:01.09
Male,11,200m Freestyle,19,02:14.98
Male,11,400m Freestyle,19,04:42.95
Male,11,800m Freestyle,19,09:51.67
Male,11,1500m Freestyle,19,18:40.93
Male,11,50m Breaststroke,19,00:35.44
Male,11,100m Breaststroke,19,01:18.25
Male,11,200m Breaststroke,19,02:48.51
Male,11,50m Butterfly,19,00:29.94
Male,11,100m Butterfly,19,01:08.07
Male,11,200m Butterfly,19,02:33.50
Male,11,50m Backstroke,19,00:31.99
Male,11,100m Backstroke,19,01:09.07
Male,11,200m Backstroke,19,02:30.79
Male,11,200m Individual Medley,19,02:30.45
Male,11,400m Individual Medley,19,05:22.23
Male,11,50m Freestyle,18,00:28.36
Male,11,100m Freestyle,18,01:02.02
Male,11,200m Freestyle,18,02:17.04
Male,11,400m Freestyle,18,04:47.26
Male,11,800m Freestyle,18,10:00.68
Male,11,1500m Freestyle,18,18:58.00
Male,11,50m Breaststroke,18,00:35.98
Male,11,100m Breaststroke,18,01:19.44
Male,11,200m Breaststroke,18,02:51.08
Male,11,50m Butterfly,18,00:30.40
Male,11,100m Butterfly,18,01:09.11
Male,11,200m Butterfly,18,02:35.84
Male,11,50m Backstroke,18,00:32.48
Male,11,100m Backstroke,18,01:11.04
Male,11,200m Backstroke,18,02:33.09
Male,11,200m Individual Medley,18,02:32.74
Male,11,400m Individual Medley,18,05:27.14
Male,11,50m Freestyle,17,00:28.79
Male,11,100m Freestyle,17,01:02.95
Male,11,200m Freestyle,17,02:19.10
Male,11,400m Freestyle,17,04:51.57
Male,11,800m Freestyle,17,10:09.69
Male,11,1500m Freestyle,17,19:15.07
Male,11,50m Breaststroke,17,00:36.52
Male,11,100m Breaststroke,17,01:20.63
Male,11,200m Breaststroke,17,02:53.65
Male,11,50m Butterfly,17,00:30.86
Male,11,100m Butterfly,17,01:10.15
Male,11,200m Butterfly,17,02:38.18
Male,11,50m Backstroke,17,00:32.97
Male,11,100m Backstroke,17,01:13.01
Male,11,200m Backstroke,17,02:35.39
Male,11,200m Individual Medley,17,02:35.03
Male,11,400m Individual Medley,17,05:32.05
Male,11,50m Freestyle,16,00:29.21
Male,11,100m Freestyle,16,01:03.88
Male,11,200m Freestyle,16,02:21.15
Male,11,400m Freestyle,16,04:55.88
Male,11,800m Freestyle,16,10:18.70
Male,11,1500m Freestyle,16,19:32.14
Male,11,50m Breaststroke,16,00:37.06
Male,11,100m Breaststroke,16,01:21.82
Male,11,200m Breaststroke,16,02:56.21
Male,11,50m Butterfly,16,00:31.31
Male,11,100m Butterfly,16,01:11.18
Male,11,200m Butterfly,16,02:40.52
Male,11,50m Backstroke,16,00:33.45
Male,11,100m Backstroke,16,01:14.97
Male,11,200m Backstroke,16,02:37.68
Male,11,200m Individual Medley,16,02:37.32
Male,11,400m Individual Medley,16,05:36.95
Male,11,50m Freestyle,15,00:29.64
Male,11,100m Freestyle,15,01:04.81
Male,11,200m Freestyle,15,02:23.21
Male,11,400m Freestyle,15,05:00.19
Male,11,800m Freestyle,15,10:27.71
Male,11,1500m Freestyle,15,19:49.21
Male,11,50m Breaststroke,15,00:37.60
Male,11,100m Breaststroke,15,01:23.01
Male,11,200m Breaststroke,15,02:58.78
Male,11,50m Butterfly,15,00:31.77
Male,11,100m Butterfly,15,01:12.22
Male,11,200m Butterfly,15,02:42.85
Male,11,50m Backstroke,15,00:33.94
Male,11,100m Backstroke,15,01:16.94
Male,11,200m Backstroke,15,02:39.98
Male,11,200m Individual Medley,15,02:39.61
Male,11,400m Individual Medley,15,05:41.86
Male,11,50m Freestyle,14,00:30.06
Male,11,100m Freestyle,14,01:05.74
Male,11,200m Freestyle,14,02:25.26
Male,11,400m Freestyle,14,05:04.50
Male,11,800m Freestyle,14,10:36.72
Male,11,1500m Freestyle,14,20:06.28
Male,11,50m Breaststroke,14,00:38.14
Male,11,100m Breaststroke,14,01:24.21
Male,11,200m Breaststroke,14,03:01.34
Male,11,50m Butterfly,14,00:32.22
Male,11,100m Butterfly,14,01:13.26
Male,11,200m Butterfly,14,02:45.19
Male,11,50m Backstroke,14,00:34.43
Male,11,100m Backstroke,14,01:18.90
Male,11,200m Backstroke,14,02:42.28
Male,11,200m Individual Medley,14,02:41.90
Male,11,400m Individual Medley,14,05:46.77
Male,11,50m Freestyle,13,00:30.49
Male,11,100m Freestyle,13,01:06.67
Male,11,200m Freestyle,13,02:27.32
Male,11,400m Freestyle,13,05:08.80
Male,11,800m Freestyle,13,10:45.73
Male,11,1500m Freestyle,13,20:23.35
Male,11,50m Breaststroke,13,00:38.68
Male,11,100m Breaststroke,13,01:25.40
Male,11,200m Breaststroke,13,03:03.91
Male,11,50m Butterfly,13,00:32.68
Male,11,100m Butterfly,13,01:14.29
Male,11,200m Butterfly,13,02:47.53
Male,11,50m Backstroke,13,00:34.92
Male,11,100m Backstroke,13,01:20.87
Male,11,200m Backstroke,13,02:44.57
Male,11,200m Individual Medley,13,02:44.20
Male,11,400m Individual Medley,13,05:51.68
Male,11,50m Freestyle,12,00:30.91
Male,11,100m Freestyle,12,01:07.60
Male,11,200m Freestyle,12,02:29.37
Male,11,400m Freestyle,12,05:13.11
Male,11,800m Freestyle,12,10:54.74
Male,11,1500m Freestyle,12,20:40.42
Male,11,50m Breaststroke,12,00:39.22
Male,11,100m Breaststroke,12,01:26.59
Male,11,200m Breaststroke,12,03:06.48
Male,11,50m Butterfly,12,00:33.14
Male,11,100m Butterfly,12,01:15.33
Male,11,200m Butterfly,12,02:49.87
Male,11,50m Backstroke,12,00:35.40
Male,11,100m Backstroke,12,01:22.83
Male,11,200m Backstroke,12,02:46.87
Male,11,200m Individual Medley,12,02:46.49
Male,11,400m Individual Medley,12,05:56.58
Male,11,50m Freestyle,11,00:31.34
Male,11,100m Freestyle,11,01:08.53
Male,11,200m Freestyle,11,02:31.43
Male,11,400m Freestyle,11,05:17.42
Male,11,800m Freestyle,11,11:03.75
Male,11,1500m Freestyle,11,20:57.49
Male,11,50m Breaststroke,11,00:39.76
Male,11,100m Breaststroke,11,01:27.78
Male,11,200m Breaststroke,11,03:09.04
Male,11,50m Butterfly,11,00:33.59
Male,11,100m Butterfly,11,01:16.37
Male,11,200m Butterfly,11,02:52.20
Male,11,50m Backstroke,11,00:35.89
Male,11,100m Backstroke,11,01:24.80
Male,11,200m Backstroke,11,02:49.16
Male,11,200m Individual Medley,11,02:48.78
Male,11,400m Individual Medley,11,06:01.49
Male,11,50m Freestyle,10,00:31.76
Male,11,100m Freestyle,10,01:09.46
Male,11,200m Freestyle,10,02:33.48
Male,11,400m Freestyle,10,05:21.73
Male,11,800m Freestyle,10,11:12.76
Male,11,1500m Freestyle,10,21:14.56
Male,11,50m Breaststroke,10,00:40.30
Male,11,100m Breaststroke,10,01:28.97
Male,11,200m Breaststroke,10,03:11.61
Male,11,50m Butterfly,10,00:34.05
Male,11,100m Butterfly,10,01:17.40
Male,11,200m Butterfly,10,02:54.54
Male,11,50m Backstroke,10,00:36.38
Male,11,100m Backstroke,10,01:26.76
Male,11,200m Backstroke,10,02:51.46
Male,11,200m Individual Medley,10,02:51.07
Male,11,400m Individual Medley,10,06:06.40
Male,11,50m Freestyle,9,00:32.19
Male,11,100m Freestyle,9,01:10.39
Male,11,200m Freestyle,9,02:35.54
Male,11,400m Freestyle,9,05:26.04
Male,11,800m Freestyle,9,11:21.77
Male,11,1500m Freestyle,9,21:31.63
Male,11,50m Breaststroke,9,00:40.84
Male,11,100m Breaststroke,9,01:30.16
Male,11,200m Breaststroke,9,03:14.18
Male,11,50m Butterfly,9,00:34.50
Male,11,100m Butterfly,9,01:18.44
Male,11,200m Butterfly,9,02:56.88
Male,11,50m Backstroke,9,00:36.86
Male,11,100m Backstroke,9,01:28.73
Male,11,200m Backstroke,9,02:53.76
Male,11,200m Individual Medley,9,02:53.36
Male,11,400m Individual Medley,9,06:11.30
Male,11,50m Freestyle,8,00:32.61
Male,11,100m Freestyle,8,01:11.32
Male,11,200m Freestyle,8,02:37.60
Male,11,400m Freestyle,8,05:30.35
Male,11,800m Freestyle,8,11:30.78
Male,11,1500m Freestyle,8,21:48.70
Male,11,50m Breaststroke,8,00:41.38
Male,11,100m Breaststroke,8,01:31.36
Male,11,200m Breaststroke,8,03:16.74
Male,11,50m Butterfly,8,00:34.96
Male,11,100m Butterfly,8,01:19.48
Male,11,200m Butterfly,8,02:59.22
Male,11,50m Backstroke,8,00:37.35
Male,11,100m Backstroke,8,01:30.70
Male,11,200m Backstroke,8,02:56.05
Male,11,200m Individual Medley,8,02:55.65
Male,11,400m Individual Medley,8,06:16.21
Male,11,50m Freestyle,7,00:33.04
Male,11,100m Freestyle,7,01:12.25
Male,11,200m Freestyle,7,02:39.65
Male,11,400m Freestyle,7,05:34.66
Male,11,800m Freestyle,7,11:39.79
Male,11,1500m Freestyle,7,22:05.77
Male,11,50m Breaststroke,7,00:41.92
Male,11,100m Breaststroke,7,01:32.55
Male,11,200m Breaststroke,7,03:19.31
Male,11,50m Butterfly,7,00:35.42
Male,11,100m Butterfly,7,01:20.51
Male,11,200m Butterfly,7,03:01.55
Male,11,50m Backstroke,7,00:37.84
Male,11,100m Backstroke,7,01:32.66
Male,11,200m Backstroke,7,02:58.35
Male,11,200m Individual Medley,7,02:57.94
Male,11,400m Individual Medley,7,06:21.12
Male,11,50m Freestyle,6,00:33.46
Male,11,100m Freestyle,6,01:13.18
Male,11,200m Freestyle,6,02:41.71
Male,11,400m Freestyle,6,05:38.97
Male,11,800m Freestyle,6,11:48.80
Male,11,1500m Freestyle,6,22:22.84
Male,11,50m Breaststroke,6,00:42.46
Male,11,100m Breaststroke,6,01:33.74
Male,11,200m Breaststroke,6,03:21.87
Male,11,50m Butterfly,6,00:35.87
Male,11,100m Butterfly,6,01:21.55
Male,11,200m Butterfly,6,03:03.89
Male,11,50m Backstroke,6,00:38.33
Male,11,100m Backstroke,6,01:34.63
Male,11,200m Backstroke,6,03:00.65
Male,11,200m Individual Medley,6,03:00.23
Male,11,400m Individual Medley,6,06:26.03
Male,11,50m Freestyle,5,00:33.89
Male,11,100m Freestyle,5,01:14.11
Male,11,200m Freestyle,5,02:43.76
Male,11,400m Freestyle,5,05:43.28
Male,11,800m Freestyle,5,11:57.81
Male,11,1500m Freestyle,5,22:39.91
Male,11,50m Breaststroke,5,00:43.00
Male,11,100m Breaststroke,5,01:34.93
Male,11,200m Breaststroke,5,03:24.44
Male,11,50m Butterfly,5,00:36.33
Male,11,100m Butterfly,5,01:22.59
Male,11,200m Butterfly,5,03:06.23
Male,11,50m Backstroke,5,00:38.81
Male,11,100m Backstroke,5,01:36.59
Male,11,200m Backstroke,5,03:02.94
Male,11,200m Individual Medley,5,03:02.52
Male,11,400m Individual Medley,5,06:30.93
Male,11,50m Freestyle,4,00:34.32
Male,11,100m Freestyle,4,01:15.04
Male,11,200m Freestyle,4,02:45.82
Male,11,400m Freestyle,4,05:47.58
Male,11,800m Freestyle,4,12:06.82
Male,11,1500m Freestyle,4,22:56.98
Male,11,50m Breaststroke,4,00:43.54
Male,11,100m Breaststroke,4,01:36.12
Male,11,200m Breaststroke,4,03:27.01
Male,11,50m Butterfly,4,00:36.78
Male,11,100m Butterfly,4,01:23.62
Male,11,200m Butterfly,4,03:08.57
Male,11,50m Backstroke,4,00:39.30
Male,11,100m Backstroke,4,01:38.56
Male,11,200m Backstroke,4,03:05.24
Male,11,200m Individual Medley,4,03:04.82
Male,11,400m Individual Medley,4,06:35.84
Male,11,50m Freestyle,3,00:34.74
Male,11,100m Freestyle,3,01:15.97
Male,11,200m Freestyle,3,02:47.87
Male,11,400m Freestyle,3,05:51.89
Male,11,800m Freestyle,3,12:15.83
Male,11,1500m Freestyle,3,23:14.05
Male,11,50m Breaststroke,3,00:44.08
Male,11,100m Breaststroke,3,01:37.31
Male,11,200m Breaststroke,3,03:29.57
Male,11,50m Butterfly,3,00:37.24
Male,11,100m Butterfly,3,01:24.66
Male,11,200m Butterfly,3,03:10.90
Male,11,50m Backstroke,3,00:39.79
Male,11,100m Backstroke,3,01:40.52
Male,11,200m Backstroke,3,03:07.54
Male,11,200m Individual Medley,3,03:07.11
Male,11,400m Individual Medley,3,06:40.75
Male,11,50m Freestyle,2,00:35.17
Male,11,100m Freestyle,2,01:16.90
Male,11,200m Freestyle,2,02:49.93
Male,11,400m Freestyle,2,05:56.20
Male,11,800m Freestyle,2,12:24.84
Male,11,1500m Freestyle,2,23:31.12
Male,11,50m Breaststroke,2,00:44.62
Male,11,100m Breaststroke,2,01:38.51
Male,11,200m Breaststroke,2,03:32.14
Male,11,50m Butterfly,2,00:37.70
Male,11,100m Butterfly,2,01:25.70
Male,11,200m Butterfly,2,03:13.24
Male,11,50m Backstroke,2,00:40.28
Male,11,100m Backstroke,2,01:42.49
Male,11,200m Backstroke,2,03:09.83
Male,11,200m Individual Medley,2,03:09.40
Male,11,400m Individual Medley,2,06:45.65
Male,11,50m Freestyle,1,00:35.59
Male,11,100m Freestyle,1,01:17.84
Male,11,200m Freestyle,1,02:51.99
Male,11,400m Freestyle,1,06:00.51
Male,11,800m Freestyle,1,12:33.85
Male,11,1500m Freestyle,1,23:48.19
Male,11,50m Breaststroke,1,00:45.15
Male,11,100m Breaststroke,1,01:39.70
Male,11,200m Breaststroke,1,03:34.71
Male,11,50m Butterfly,1,00:38.15
Male,11,100m Butterfly,1,01:26.73
Male,11,200m Butterfly,1,03:15.58
Male,11,50m Backstroke,1,00:40.76
Male,11,100m Backstroke,1,01:44.46
Male,11,200m Backstroke,1,03:12.13
Male,11,200m Individual Medley,1,03:11.69
Male,11,400m Individual Medley,1,06:50.56
Male,12,50m Freestyle,20,00:25.68
Male,12,100m Freestyle,20,00:56.07
Male,12,200m Freestyle,20,02:04.32
Male,12,400m Freestyle,20,04:18.16
Male,12,800m Freestyle,20,09:11.72
Male,12,1500m Freestyle,20,17:27.03
Male,12,50m Breaststroke,20,00:32.38
Male,12,100m Breaststroke,20,01:10.98
Male,12,200m Breaststroke,20,02:33.65
Male,12,50m Butterfly,20,00:27.33
Male,12,100m Butterfly,20,01:01.89
Male,12,200m Butterfly,20,02:19.39
Male,12,50m Backstroke,20,00:29.27
Male,12,100m Backstroke,20,01:03.59
Male,12,200m Backstroke,20,02:17.99
Male,12,200m Individual Medley,20,02:18.62
Male,12,400m Individual Medley,20,04:56.37
Male,12,50m Freestyle,19,00:26.07
Male,12,100m Freestyle,19,00:56.93
Male,12,200m Freestyle,19,02:06.24
Male,12,400m Freestyle,19,04:22.15
Male,12,800m Freestyle,19,09:20.25
Male,12,1500m Freestyle,19,17:43.22
Male,12,50m Breaststroke,19,00:32.88
Male,12,100m Breaststroke,19,01:12.08
Male,12,200m Breaststroke,19,02:36.02
Male,12,50m Butterfly,19,00:27.76
Male,12,100m Butterfly,19,01:02.84
Male,12,200m Butterfly,19,02:21.54
Male,12,50m Backstroke,19,00:29.73
Male,12,100m Backstroke,19,01:04.58
Male,12,200m Backstroke,19,02:20.13
Male,12,200m Individual Medley,19,02:20.77
Male,12,400m Individual Medley,19,05:00.96
Male,12,50m Freestyle,18,00:26.47
Male,12,100m Freestyle,18,00:57.80
Male,12,200m Freestyle,18,02:08.16
Male,12,400m Freestyle,18,04:26.14
Male,12,800m Freestyle,18,09:28.78
Male,12,1500m Freestyle,18,17:59.41
Male,12,50m Breaststroke,18,00:33.38
Male,12,100m Breaststroke,18,01:13.18
Male,12,200m Breaststroke,18,02:38.40
Male,12,50m Butterfly,18,00:28.18
Male,12,100m Butterfly,18,01:03.80
Male,12,200m Butterfly,18,02:23.70
Male,12,50m Backstroke,18,00:30.18
Male,12,100m Backstroke,18,01:05.56
Male,12,200m Backstroke,18,02:22.26
Male,12,200m Individual Medley,18,02:22.91
Male,12,400m Individual Medley,18,05:05.54
Male,12,50m Freestyle,17,00:26.87
Male,12,100m Freestyle,17,00:58.67
Male,12,200m Freestyle,17,02:10.08
Male,12,400m Freestyle,17,04:30.13
Male,12,800m Freestyle,17,09:37.31
Male,12,1500m Freestyle,17,18:15.60
Male,12,50m Breaststroke,17,00:33.88
Male,12,100m Breaststroke,17,01:14.28
Male,12,200m Breaststroke,17,02:40.78
Male,12,50m Butterfly,17,00:28.60
Male,12,100m Butterfly,17,01:04.76
Male,12,200m Butterfly,17,02:25.86
Male,12,50m Backstroke,17,00:30.63
Male,12,100m Backstroke,17,01:06.54
Male,12,200m Backstroke,17,02:24.39
Male,12,200m Individual Medley,17,02:25.05
Male,12,400m Individual Medley,17,05:10.12
Male,12,50m Freestyle,16,00:27.26
Male,12,100m Freestyle,16,00:59.53
Male,12,200m Freestyle,16,02:12.00
Male,12,400m Freestyle,16,04:34.12
Male,12,800m Freestyle,16,09:45.84
Male,12,1500m Freestyle,16,18:31.79
Male,12,50m Breaststroke,16,00:34.38
Male,12,100m Breaststroke,16,01:15.38
Male,12,200m Breaststroke,16,02:43.15
Male,12,50m Butterfly,16,00:29.03
Male,12,100m Butterfly,16,01:05.71
Male,12,200m Butterfly,16,02:28.01
Male,12,50m Backstroke,16,00:31.09
Male,12,100m Backstroke,16,01:07.53
Male,12,200m Backstroke,16,02:26.53
Male,12,200m Individual Medley,16,02:27.20
Male,12,400m Individual Medley,16,05:14.71
Male,12,50m Freestyle,15,00:27.66
Male,12,100m Freestyle,15,01:00.40
Male,12,200m Freestyle,15,02:13.93
Male,12,400m Freestyle,15,04:38.12
Male,12,800m Freestyle,15,09:54.38
Male,12,1500m Freestyle,15,18:47.98
Male,12,50m Breaststroke,15,00:34.88
Male,12,100m Breaststroke,15,01:16.47
Male,12,200m Breaststroke,15,02:45.53
Male,12,50m Butterfly,15,00:29.45
Male,12,100m Butterfly,15,01:06.67
Male,12,200m Butterfly,15,02:30.17
Male,12,50m Backstroke,15,00:31.54
Male,12,100m Backstroke,15,01:08.51
Male,12,200m Backstroke,15,02:28.66
Male,12,200m Individual Medley,15,02:29.34
Male,12,400m Individual Medley,15,05:19.29
Male,12,50m Freestyle,14,00:28.06
Male,12,100m Freestyle,14,01:01.27
Male,12,200m Freestyle,14,02:15.85
Male,12,400m Freestyle,14,04:42.11
Male,12,800m Freestyle,14,10:02.91
Male,12,1500m Freestyle,14,19:04.17
Male,12,50m Breaststroke,14,00:35.38
Male,12,100m Breaststroke,14,01:17.57
Male,12,200m Breaststroke,14,02:47.90
Male,12,50m Butterfly,14,00:29.87
Male,12,100m Butterfly,14,01:07.63
Male,12,200m Butterfly,14,02:32.32
Male,12,50m Backstroke,14,00:31.99
Male,12,100m Backstroke,14,01:09.49
Male,12,200m Backstroke,14,02:30.80
Male,12,200m Individual Medley,14,02:31.48
Male,12,400m Individual Medley,14,05:23.87
Male,12,50m Freestyle,13,00:28.46
Male,12,100m Freestyle,13,01:02.13
Male,12,200m Freestyle,13,02:17.77
Male,12,400m Freestyle,13,04:46.10
Male,12,800m Freestyle,13,10:11.44
Male,12,1500m Freestyle,13,19:20.37
Male,12,50m Breaststroke,13,00:35.88
Male,12,100m Breaststroke,13,01:18.67
Male,12,200m Breaststroke,13,02:50.28
Male,12,50m Butterfly,13,00:30.29
Male,12,100m Butterfly,13,01:08.58
Male,12,200m Butterfly,13,02:34.48
Male,12,50m Backstroke,13,00:32.44
Male,12,100m Backstroke,13,01:10.48
Male,12,200m Backstroke,13,02:32.93
Male,12,200m Individual Medley,13,02:33.63
Male,12,400m Individual Medley,13,05:28.46
Male,12,50m Freestyle,12,00:28.85
Male,12,100m Freestyle,12,01:03.00
Male,12,200m Freestyle,12,02:19.69
Male,12,400m Freestyle,12,04:50.09
Male,12,800m Freestyle,12,10:19.97
Male,12,1500m Freestyle,12,19:36.56
Male,12,50m Breaststroke,12,00:36.38
Male,12,100m Breaststroke,12,01:19.77
Male,12,200m Breaststroke,12,02:52.66
Male,12,50m Butterfly,12,00:30.72
Male,12,100m Butterfly,12,01:09.54
Male,12,200m Butterfly,12,02:36.63
Male,12,50m Backstroke,12,00:32.90
Male,12,100m Backstroke,12,01:11.46
Male,12,200m Backstroke,12,02:35.06
Male,12,200m Individual Medley,12,02:35.77
Male,12,400m Individual Medley,12,05:33.04
Male,12,50m Freestyle,11,00:29.25
Male,12,100m Freestyle,11,01:03.87
Male,12,200m Freestyle,11,02:21.62
Male,12,400m Freestyle,11,04:54.08
Male,12,800m Freestyle,11,10:28.50
Male,12,1500m Freestyle,11,19:52.75
Male,12,50m Breaststroke,11,00:36.88
Male,12,100m Breaststroke,11,01:20.86
Male,12,200m Breaststroke,11,02:55.03
Male,12,50m Butterfly,11,00:31.14
Male,12,100m Butterfly,11,01:10.50
Male,12,200m Butterfly,11,02:38.79
Male,12,50m Backstroke,11,00:33.35
Male,12,100m Backstroke,11,01:12.44
Male,12,200m Backstroke,11,02:37.20
Male,12,200m Individual Medley,11,02:37.92
Male,12,400m Individual Medley,11,05:37.62
Male,12,50m Freestyle,10,00:29.65
Male,12,100m Freestyle,10,01:04.74
Male,12,200m Freestyle,10,02:23.54
Male,12,400m Freestyle,10,04:58.08
Male,12,800m Freestyle,10,10:37.03
Male,12,1500m Freestyle,10,20:08.94
Male,12,50m Breaststroke,10,00:37.39
Male,12,100m Breaststroke,10,01:21.96
Male,12,200m Breaststroke,10,02:57.41
Male,12,50m Butterfly,10,00:31.56
Male,12,100m Butterfly,10,01:11.46
Male,12,200m Butterfly,10,02:40.94
Male,12,50m Backstroke,10,00:33.80
Male,12,100m Backstroke,10,01:13.43
Male,12,200m Backstroke,10,02:39.33
Male,12,200m Individual Medley,10,02:40.06
Male,12,400m Individual Medley,10,05:42.20
Male,12,50m Freestyle,9,00:30.04
Male,12,100m Freestyle,9,01:05.60
Male,12,200m Freestyle,9,02:25.46
Male,12,400m Freestyle,9,05:02.07
Male,12,800m Freestyle,9,10:45.57
Male,12,1500m Freestyle,9,20:25.13
Male,12,50m Breaststroke,9,00:37.89
Male,12,100m Breaststroke,9,01:23.06
Male,12,200m Breaststroke,9,02:59.78
Male,12,50m Butterfly,9,00:31.98
Male,12,100m Butterfly,9,01:12.41
Male,12,200m Butterfly,9,02:43.10
Male,12,50m Backstroke,9,00:34.25
Male,12,100m Backstroke,9,01:14.41
Male,12,200m Backstroke,9,02:41.47
Male,12,200m Individual Medley,9,02:42.20
Male,12,400m Individual Medley,9,05:46.79
Male,12,50m Freestyle,8,00:30.44
Male,12,100m Freestyle,8,01:06.47
Male,12,200m Freestyle,8,02:27.38
Male,12,400m Freestyle,8,05:06.06
Male,12,800m Freestyle,8,10:54.10
Male,12,1500m Freestyle,8,20:41.32
Male,12,50m Breaststroke,8,00:38.39
Male,12,100m Breaststroke,8,01:24.16
Male,12,200m Breaststroke,8,03:02.16
Male,12,50m Butterfly,8,00:32.41
Male,12,100m Butterfly,8,01:13.37
Male,12,200m Butterfly,8,02:45.25
Male,12,50m Backstroke,8,00:34.71
Male,12,100m Backstroke,8,01:15.39
Male,12,200m Backstroke,8,02:43.60
Male,12,200m Individual Medley,8,02:44.35
Male,12,400m Individual Medley,8,05:51.37
Male,12,50m Freestyle,7,00:30.84
Male,12,100m Freestyle,7,01:07.34
Male,12,200m Freestyle,7,02:29.31
Male,12,400m Freestyle,7,05:10.05
Male,12,800m Freestyle,7,11:02.63
Male,12,1500m Freestyle,7,20:57.51
Male,12,50m Breaststroke,7,00:38.89
Male,12,100m Breaststroke,7,01:25.25
Male,12,200m Breaststroke,7,03:04.54
Male,12,50m Butterfly,7,00:32.83
Male,12,100m Butterfly,7,01:14.33
Male,12,200m Butterfly,7,02:47.41
Male,12,50m Backstroke,7,00:35.16
Male,12,100m Backstroke,7,01:16.38
Male,12,200m Backstroke,7,02:45.73
Male,12,200m Individual Medley,7,02:46.49
Male,12,400m Individual Medley,7,05:55.95
Male,12,50m Freestyle,6,00:31.23
Male,12,100m Freestyle,6,01:08.20
Male,12,200m Freestyle,6,02:31.23
Male,12,400m Freestyle,6,05:14.05
Male,12,800m Freestyle,6,11:11.16
Male,12,1500m Freestyle,6,21:13.70
Male,12,50m Breaststroke,6,00:39.39
Male,12,100m Breaststroke,6,01:26.35
Male,12,200m Breaststroke,6,03:06.91
Male,12,50m Butterfly,6,00:33.25
Male,12,100m Butterfly,6,01:15.28
Male,12,200m Butterfly,6,02:49.57
Male,12,50m Backstroke,6,00:35.61
Male,12,100m Backstroke,6,01:17.36
Male,12,200m Backstroke,6,02:47.87
Male,12,200m Individual Medley,6,02:48.63
Male,12,400m Individual Medley,6,06:00.54
Male,12,50m Freestyle,5,00:31.63
Male,12,100m Freestyle,5,01:09.07
Male,12,200m Freestyle,5,02:33.15
Male,12,400m Freestyle,5,05:18.04
Male,12,800m Freestyle,5,11:19.69
Male,12,1500m Freestyle,5,21:29.89
Male,12,50m Breaststroke,5,00:39.89
Male,12,100m Breaststroke,5,01:27.45
Male,12,200m Breaststroke,5,03:09.29
Male,12,50m Butterfly,5,00:33.68
Male,12,100m Butterfly,5,01:16.24
Male,12,200m Butterfly,5,02:51.72
Male,12,50m Backstroke,5,00:36.07
Male,12,100m Backstroke,5,01:18.34
Male,12,200m Backstroke,5,02:50.00
Male,12,200m Individual Medley,5,02:50.78
Male,12,400m Individual Medley,5,06:05.12
Male,12,50m Freestyle,4,00:32.03
Male,12,100m Freestyle,4,01:09.94
Male,12,200m Freestyle,4,02:35.07
Male,12,400m Freestyle,4,05:22.03
Male,12,800m Freestyle,4,11:28.22
Male,12,1500m Freestyle,4,21:46.09
Male,12,50m Breaststroke,4,00:40.39
Male,12,100m Breaststroke,4,01:28.55
Male,12,200m Breaststroke,4,03:11.66
Male,12,50m Butterfly,4,00:34.10
Male,12,100m Butterfly,4,01:17.20
Male,12,200m Butterfly,4,02:53.88
Male,12,50m Backstroke,4,00:36.52
Male,12,100m Backstroke,4,01:19.33
Male,12,200m Backstroke,4,02:52.13
Male,12,200m Individual Medley,4,02:52.92
Male,12,400m Individual Medley,4,06:09.70
Male,12,50m Freestyle,3,00:32.43
Male,12,100m Freestyle,3,01:10.80
Male,12,200m Freestyle,3,02:37.00
Male,12,400m Freestyle,3,05:26.02
Male,12,800m Freestyle,3,11:36.76
Male,12,1500m Freestyle,3,22:02.28
Male,12,50m Breaststroke,3,00:40.89
Male,12,100m Breaststroke,3,01:29.65
Male,12,200m Breaststroke,3,03:14.04
Male,12,50m Butterfly,3,00:34.52
Male,12,100m Butterfly,3,01:18.15
Male,12,200m Butterfly,3,02:56.03
Male,12,50m Backstroke,3,00:36.97
Male,12,100m Backstroke,3,01:20.31
Male,12,200m Backstroke,3,02:54.27
Male,12,200m Individual Medley,3,02:55.06
Male,12,400m Individual Medley,3,06:14.29
Male,12,50m Freestyle,2,00:32.82
Male,12,100m Freestyle,2,01:11.67
Male,12,200m Freestyle,2,02:38.92
Male,12,400m Freestyle,2,05:30.01
Male,12,800m Freestyle,2,11:45.29
Male,12,1500m Freestyle,2,22:18.47
Male,12,50m Breaststroke,2,00:41.39
Male,12,100m Breaststroke,2,01:30.74
Male,12,200m Breaststroke,2,03:16.42
Male,12,50m Butterfly,2,00:34.94
Male,12,100m Butterfly,2,01:19.11
Male,12,200m Butterfly,2,02:58.19
Male,12,50m Backstroke,2,00:37.42
Male,12,100m Backstroke,2,01:21.29
Male,12,200m Backstroke,2,02:56.40
Male,12,200m Individual Medley,2,02:57.21
Male,12,400m Individual Medley,2,06:18.87
Male,12,50m Freestyle,1,00:33.22
Male,12,100m Freestyle,1,01:12.54
Male,12,200m Freestyle,1,02:40.84
Male,12,400m Freestyle,1,05:34.01
Male,12,800m Freestyle,1,11:53.82
Male,12,1500m Freestyle,1,22:34.66
Male,12,50m Breaststroke,1,00:41.89
Male,12,100m Breaststroke,1,01:31.84
Male,12,200m Breaststroke,1,03:18.79
Male,12,50m Butterfly,1,00:35.37
Male,12,100m Butterfly,1,01:20.07
Male,12,200m Butterfly,1,03:00.34
Male,12,50m Backstroke,1,00:37.88
Male,12,100m Backstroke,1,01:22.28
Male,12,200m Backstroke,1,02:58.54
Male,12,200m Individual Medley,1,02:59.35
Male,12,400m Individual Medley,1,06:23.45
Male,13,50m Freestyle,20,00:24.29
Male,13,100m Freestyle,20,00:53.26
Male,13,200m Freestyle,20,01:56.98
Male,13,400m Freestyle,20,04:08.91
Male,13,800m Freestyle,20,08:42.41
Male,13,1500m Freestyle,20,16:29.53
Male,13,50m Butterfly,20,00:25.92
Male,13,100m Butterfly,20,00:57.89
Male,13,200m Butterfly,20,02:10.00
Male,13,50m Backstroke,20,00:27.83
Male,13,100m Backstroke,20,00:59.84
Male,13,200m Backstroke,20,02:10.56
Male,13,200m Individual Medley,20,02:11.24
Male,13,400m Individual Medley,20,04:39.61
Male,13,50m Freestyle,19,00:24.66
Male,13,100m Freestyle,19,00:54.09
Male,13,200m Freestyle,19,01:58.79
Male,13,400m Freestyle,19,04:12.76
Male,13,800m Freestyle,19,08:50.49
Male,13,1500m Freestyle,19,16:44.83
Male,13,50m Butterfly,19,00:26.32
Male,13,100m Butterfly,19,00:58.78
Male,13,200m Butterfly,19,02:12.01
Male,13,50m Backstroke,19,00:28.26
Male,13,100m Backstroke,19,01:00.76
Male,13,200m Backstroke,19,02:12.58
Male,13,200m Individual Medley,19,02:13.27
Male,13,400m Individual Medley,19,04:43.94
Male,13,50m Freestyle,18,00:25.04
Male,13,100m Freestyle,18,00:54.91
Male,13,200m Freestyle,18,02:00.60
Male,13,400m Freestyle,18,04:16.61
Male,13,800m Freestyle,18,08:58.57
Male,13,1500m Freestyle,18,17:00.13
Male,13,50m Breaststroke,18,00:31.49
Male,13,100m Breaststroke,18,01:08.78
Male,13,200m Breaststroke,18,02:29.96
Male,13,50m Butterfly,18,00:26.72
Male,13,100m Butterfly,18,00:59.68
Male,13,200m Butterfly,18,02:14.02
Male,13,50m Backstroke,18,00:28.69
Male,13,100m Backstroke,18,01:01.69
Male,13,200m Backstroke,18,02:14.60
Male,13,200m Individual Medley,18,02:15.30
Male,13,400m Individual Medley,18,04:48.26
Male,13,50m Freestyle,17,00:25.42
Male,13,100m Freestyle,17,00:55.73
Male,13,200m Freestyle,17,02:02.41
Male,13,400m Freestyle,17,04:20.46
Male,13,800m Freestyle,17,09:06.65
Male,13,1500m Freestyle,17,17:15.43
Male,13,50m Butterfly,17,00:27.12
Male,13,100m Butterfly,17,01:00.58
Male,13,200m Butterfly,17,02:16.03
Male,13,50m Backstroke,17,00:29.12
Male,13,100m Backstroke,17,01:02.62
Male,13,200m Backstroke,17,02:16.62
Male,13,200m Individual Medley,17,02:17.33
Male,13,400m Individual Medley,17,04:52.58
Male,13,50m Freestyle,16,00:25.79
Male,13,100m Freestyle,16,00:56.56
Male,13,200m Freestyle,16,02:04.22
Male,13,400m Freestyle,16,04:24.31
Male,13,800m Freestyle,16,09:14.73
Male,13,1500m Freestyle,16,17:30.73
Male,13,50m Butterfly,16,00:27.52
Male,13,100m Butterfly,16,01:01.47
Male,13,200m Butterfly,16,02:18.04
Male,13,50m Backstroke,16,00:29.55
Male,13,100m Backstroke,16,01:03.54
Male,13,200m Backstroke,16,02:18.64
Male,13,200m Individual Medley,16,02:19.36
Male,13,400m Individual Medley,16,04:56.91
Male,13,50m Freestyle,15,00:26.17
Male,13,100m Freestyle,15,00:57.38
Male,13,200m Freestyle,15,02:06.03
Male,13,400m Freestyle,15,04:28.16
Male,13,800m Freestyle,15,09:22.81
Male,13,1500m Freestyle,15,17:46.04
Male,13,50m Butterfly,15,00:27.92
Male,13,100m Butterfly,15,01:02.37
Male,13,200m Butterfly,15,02:20.05
Male,13,50m Backstroke,15,00:29.98
Male,13,100m Backstroke,15,01:04.47
Male,13,200m Backstroke,15,02:20.66
Male,13,200m Individual Medley,15,02:21.39
Male,13,400m Individual Medley,15,05:01.23
Male,13,50m Freestyle,14,00:26.54
Male,13,100m Freestyle,14,00:58.20
Male,13,200m Freestyle,14,02:07.84
Male,13,400m Freestyle,14,04:32.01
Male,13,800m Freestyle,14,09:30.88
Male,13,1500m Freestyle,14,18:01.34
Male,13,50m Butterfly,14,00:28.32
Male,13,100m Butterfly,14,01:03.26
Male,13,200m Butterfly,14,02:22.06
Male,13,50m Backstroke,14,00:30.41
Male,13,100m Backstroke,14,01:05.39
Male,13,200m Backstroke,14,02:22.68
Male,13,200m Individual Medley,14,02:23.42
Male,13,400m Individual Medley,14,05:05.56
Male,13,50m Freestyle,13,00:26.92
Male,13,100m Freestyle,13,00:59.03
Male,13,200m Freestyle,13,02:09.64
Male,13,400m Freestyle,13,04:35.86
Male,13,800m Freestyle,13,09:38.96
Male,13,1500m Freestyle,13,18:16.64
Male,13,50m Butterfly,13,00:28.72
Male,13,100m Butterfly,13,01:04.16
Male,13,200m Butterfly,13,02:24.07
Male,13,50m Backstroke,13,00:30.84
Male,13,100m Backstroke,13,01:06.32
Male,13,200m Backstroke,13,02:24.69
Male,13,200m Individual Medley,13,02:25.45
Male,13,400m Individual Medley,13,05:09.88
Male,13,50m Freestyle,12,00:27.29
Male,13,100m Freestyle,12,00:59.85
Male,13,200m Freestyle,12,02:11.45
Male,13,400m Freestyle,12,04:39.70
Male,13,800m Freestyle,12,09:47.04
Male,13,1500m Freestyle,12,18:31.94
Male,13,50m Butterfly,12,00:29.12
Male,13,100m Butterfly,12,01:05.05
Male,13,200m Butterfly,12,02:26.08
Male,13,50m Backstroke,12,00:31.27
Male,13,100m Backstroke,12,01:07.24
Male,13,200m Backstroke,12,02:26.71
Male,13,200m Individual Medley,12,02:27.48
Male,13,400m Individual Medley,12,05:14.20
Male,13,50m Freestyle,11,00:27.67
Male,13,100m Freestyle,11,01:00.68
Male,13,200m Freestyle,11,02:13.26
Male,13,400m Freestyle,11,04:43.55
Male,13,800m Freestyle,11,09:55.12
Male,13,1500m Freestyle,11,18:47.24
Male,13,50m Butterfly,11,00:29.53
Male,13,100m Butterfly,11,01:05.95
Male,13,200m Butterfly,11,02:28.09
Male,13,50m Backstroke,11,00:31.70
Male,13,100m Backstroke,11,01:08.17
Male,13,200m Backstroke,11,02:28.73
Male,13,200m Individual Medley,11,02:29.51
Male,13,400m Individual Medley,11,05:18.53
Male,13,50m Freestyle,10,00:28.04
Male,13,100m Freestyle,10,01:01.50
Male,13,200m Freestyle,10,02:15.07
Male,13,400m Freestyle,10,04:47.40
Male,13,800m Freestyle,10,10:03.20
Male,13,1500m Freestyle,10,19:02.55
Male,13,50m Butterfly,10,00:29.93
Male,13,100m Butterfly,10,01:06.84
Male,13,200m Butterfly,10,02:30.10
Male,13,50m Backstroke,10,00:32.13
Male,13,100m Backstroke,10,01:09.09
Male,13,200m Backstroke,10,02:30.75
Male,13,200m Individual Medley,10,02:31.54
Male,13,400m Individual Medley,10,05:22.85
Male,13,50m Freestyle,9,00:28.42
Male,13,100m Freestyle,9,01:02.32
Male,13,200m Freestyle,9,02:16.88
Male,13,400m Freestyle,9,04:51.25
Male,13,800m Freestyle,9,10:11.28
Male,13,1500m Freestyle,9,19:17.85
Male,13,50m Butterfly,9,00:30.33
Male,13,100m Butterfly,9,01:07.74
Male,13,200m Butterfly,9,02:32.11
Male,13,50m Backstroke,9,00:32.56
Male,13,100m Backstroke,9,01:10.02
Male,13,200m Backstroke,9,02:32.77
Male,13,200m Individual Medley,9,02:33.57
Male,13,400m Individual Medley,9,05:27.18
Male,13,50m Freestyle,8,00:28.80
Male,13,100m Freestyle,8,01:03.15
Male,13,200m Freestyle,8,02:18.69
Male,13,400m Freestyle,8,04:55.10
Male,13,800m Freestyle,8,10:19.36
Male,13,1500m Freestyle,8,19:33.15
Male,13,50m Butterfly,8,00:30.73
Male,13,100m Butterfly,8,01:08.63
Male,13,200m Butterfly,8,02:34.12
Male,13,50m Backstroke,8,00:32.99
Male,13,100m Backstroke,8,01:10.94
Male,13,200m Backstroke,8,02:34.79
Male,13,200m Individual Medley,8,02:35.59
Male,13,400m Individual Medley,8,05:31.50
Male,13,50m Freestyle,7,00:29.17
Male,13,100m Freestyle,7,01:03.97
Male,13,200m Freestyle,7,02:20.50
Male,13,400m Freestyle,7,04:58.95
Male,13,800m Freestyle,7,10:27.43
Male,13,1500m Freestyle,7,19:48.45
Male,13,50m Butterfly,7,00:31.13
Male,13,100m Butterfly,7,01:09.53
Male,13,200m Butterfly,7,02:36.13
Male,13,50m Backstroke,7,00:33.42
Male,13,100m Backstroke,7,01:11.87
Male,13,200m Backstroke,7,02:36.81
Male,13,200m Individual Medley,7,02:37.62
Male,13,400m Individual Medley,7,05:35.82
Male,13,50m Freestyle,6,00:29.55
Male,13,100m Freestyle,6,01:04.79
Male,13,200m Freestyle,6,02:22.31
Male,13,400m Freestyle,6,05:02.80
Male,13,800m Freestyle,6,10:35.51
Male,13,1500m Freestyle,6,20:03.75
Male,13,50m Butterfly,6,00:31.53
Male,13,100m Butterfly,6,01:10.42
Male,13,200m Butterfly,6,02:38.14
Male,13,50m Backstroke,6,00:33.85
Male,13,100m Backstroke,6,01:12.79
Male,13,200m Backstroke,6,02:38.83
Male,13,200m Individual Medley,6,02:39.65
Male,13,400m Individual Medley,6,05:40.15
Male,13,50m Freestyle,5,00:29.92
Male,13,100m Freestyle,5,01:05.62
Male,13,200m Freestyle,5,02:24.12
Male,13,400m Freestyle,5,05:06.65
Male,13,800m Freestyle,5,10:43.59
Male,13,1500m Freestyle,5,20:19.06
Male,13,50m Butterfly,5,00:31.93
Male,13,100m Butterfly,5,01:11.32
Male,13,200m Butterfly,5,02:40.15
Male,13,50m Backstroke,5,00:34.28
Male,13,100m Backstroke,5,01:13.72
Male,13,200m Backstroke,5,02:40.85
Male,13,200m Individual Medley,5,02:41.68
Male,13,400m Individual Medley,5,05:44.47
Male,13,50m Freestyle,4,00:30.30
Male,13,100m Freestyle,4,01:06.44
Male,13,200m Freestyle,4,02:25.93
Male,13,400m Freestyle,4,05:10.50
Male,13,800m Freestyle,4,10:51.67
Male,13,1500m Freestyle,4,20:34.36
Male,13,50m Butterfly,4,00:32.33
Male,13,100m Butterfly,4,01:12.21
Male,13,200m Butterfly,4,02:42.16
Male,13,50m Backstroke,4,00:34.71
Male,13,100m Backstroke,4,01:14.64
Male,13,200m Backstroke,4,02:42.87
Male,13,200m Individual Medley,4,02:43.71
Male,13,400m Individual Medley,4,05:48.79
Male,13,50m Freestyle,3,00:30.67
Male,13,100m Freestyle,3,01:07.26
Male,13,200m Freestyle,3,02:27.74
Male,13,400m Freestyle,3,05:14.35
Male,13,800m Freestyle,3,10:59.75
Male,13,1500m Freestyle,3,20:49.66
Male,13,50m Butterfly,3,00:32.73
Male,13,100m Butterfly,3,01:13.11
Male,13,200m Butterfly,3,02:44.17
Male,13,50m Backstroke,3,00:35.15
Male,13,100m Backstroke,3,01:15.57
Male,13,200m Backstroke,3,02:44.89
Male,13,200m Individual Medley,3,02:45.74
Male,13,400m Individual Medley,3,05:53.12
Male,13,50m Freestyle,2,00:31.05
Male,13,100m Freestyle,2,01:08.09
Male,13,200m Freestyle,2,02:29.54
Male,13,400m Freestyle,2,05:18.20
Male,13,800m Freestyle,2,11:07.83
Male,13,1500m Freestyle,2,21:04.96
Male,13,50m Butterfly,2,00:33.13
Male,13,100m Butterfly,2,01:14.00
Male,13,200m Butterfly,2,02:46.18
Male,13,50m Backstroke,2,00:35.58
Male,13,100m Backstroke,2,01:16.50
Male,13,200m Backstroke,2,02:46.90
Male,13,200m Individual Medley,2,02:47.77
Male,13,400m Individual Medley,2,05:57.44
Male,13,50m Freestyle,1,00:31.43
Male,13,100m Freestyle,1,01:08.91
Male,13,200m Freestyle,1,02:31.35
Male,13,400m Freestyle,1,05:22.05
Male,13,800m Freestyle,1,11:15.91
Male,13,1500m Freestyle,1,21:20.26
Male,13,50m Butterfly,1,00:33.53
Male,13,100m Butterfly,1,01:14.90
Male,13,200m Butterfly,1,02:48.20
Male,13,50m Backstroke,1,00:36.01
Male,13,100m Backstroke,1,01:17.42
Male,13,200m Backstroke,1,02:48.92
Male,13,200m Individual Medley,1,02:49.80
Male,13,400m Individual Medley,1,06:01.77
Male,14,50m Freestyle,20,00:23.44
Male,14,100m Freestyle,20,00:51.57
Male,14,200m Freestyle,20,01:53.25
Male,14,400m Freestyle,20,04:01.69
Male,14,800m Freestyle,20,08:22.87
Male,14,1500m Freestyle,20,15:57.31
Male,14,50m Breaststroke,20,00:29.36
Male,14,100m Breaststroke,20,01:04.37
Male,14,200m Breaststroke,20,02:20.15
Male,14,50m Butterfly,20,00:25.05
Male,14,100m Butterfly,20,00:55.96
Male,14,200m Butterfly,20,02:05.34
Male,14,50m Backstroke,20,00:27.00
Male,14,100m Backstroke,20,00:58.00
Male,14,200m Backstroke,20,02:06.15
Male,14,200m Individual Medley,20,02:07.47
Male,14,400m Individual Medley,20,04:31.72
Male,14,50m Freestyle,19,00:23.81
Male,14,100m Freestyle,19,00:52.36
Male,14,200m Freestyle,19,01:55.00
Male,14,400m Freestyle,19,04:05.42
Male,14,800m Freestyle,19,08:30.64
Male,14,1500m Freestyle,19,16:12.12
Male,14,50m Breaststroke,19,00:29.82
Male,14,100m Breaststroke,19,01:05.36
Male,14,200m Breaststroke,19,02:22.31
Male,14,50m Butterfly,19,00:25.43
Male,14,100m Butterfly,19,00:56.82
Male,14,200m Butterfly,19,02:07.28
Male,14,50m Backstroke,19,00:27.42
Male,14,100m Backstroke,19,00:58.89
Male,14,200m Backstroke,19,02:08.10
Male,14,200m Individual Medley,19,02:09.44
Male,14,400m Individual Medley,19,04:35.92
Male,14,50m Freestyle,18,00:24.17
Male,14,100m Freestyle,18,00:53.16
Male,14,200m Freestyle,18,01:56.75
Male,14,400m Freestyle,18,04:09.16
Male,14,800m Freestyle,18,08:38.42
Male,14,1500m Freestyle,18,16:26.92
Male,14,50m Breaststroke,18,00:30.27
Male,14,100m Breaststroke,18,01:06.36
Male,14,200m Breaststroke,18,02:24.48
Male,14,50m Butterfly,18,00:25.82
Male,14,100m Butterfly,18,00:57.69
Male,14,200m Butterfly,18,02:09.22
Male,14,50m Backstroke,18,00:27.84
Male,14,100m Backstroke,18,00:59.79
Male,14,200m Backstroke,18,02:10.05
Male,14,200m Individual Medley,18,02:11.41
Male,14,400m Individual Medley,18,04:40.12
Male,14,50m Freestyle,17,00:24.53
Male,14,100m Freestyle,17,00:53.96
Male,14,200m Freestyle,17,01:58.50
Male,14,400m Freestyle,17,04:12.90
Male,14,800m Freestyle,17,08:46.20
Male,14,1500m Freestyle,17,16:41.72
Male,14,50m Breaststroke,17,00:30.72
Male,14,100m Breaststroke,17,01:07.36
Male,14,200m Breaststroke,17,02:26.65
Male,14,50m Butterfly,17,00:26.21
Male,14,100m Butterfly,17,00:58.56
Male,14,200m Butterfly,17,02:11.16
Male,14,50m Backstroke,17,00:28.26
Male,14,100m Backstroke,17,01:00.69
Male,14,200m Backstroke,17,02:12.00
Male,14,200m Individual Medley,17,02:13.38
Male,14,400m Individual Medley,17,04:44.32
Male,14,50m Freestyle,16,00:24.90
Male,14,100m Freestyle,16,00:54.75
Male,14,200m Freestyle,16,02:00.25
Male,14,400m Freestyle,16,04:16.63
Male,14,800m Freestyle,16,08:53.97
Male,14,1500m Freestyle,16,16:56.53
Male,14,50m Breaststroke,16,00:31.18
Male,14,100m Breaststroke,16,01:08.35
Male,14,200m Breaststroke,16,02:28.81
Male,14,50m Butterfly,16,00:26.59
Male,14,100m Butterfly,16,00:59.42
Male,14,200m Butterfly,16,02:13.10
Male,14,50m Backstroke,16,00:28.68
Male,14,100m Backstroke,16,01:01.58
Male,14,200m Backstroke,16,02:13.95
Male,14,200m Individual Medley,16,02:15.35
Male,14,400m Individual Medley,16,04:48.52
Male,14,50m Freestyle,15,00:25.26
Male,14,100m Freestyle,15,00:55.55
Male,14,200m Freestyle,15,02:02.00
Male,14,400m Freestyle,15,04:20.37
Male,14,800m Freestyle,15,09:01.75
Male,14,1500m Freestyle,15,17:11.33
Male,14,50m Breaststroke,15,00:31.63
Male,14,100m Breaststroke,15,01:09.35
Male,14,200m Breaststroke,15,02:30.98
Male,14,50m Butterfly,15,00:26.98
Male,14,100m Butterfly,15,01:00.29
Male,14,200m Butterfly,15,02:15.03
Male,14,50m Backstroke,15,00:29.09
Male,14,100m Backstroke,15,01:02.48
Male,14,200m Backstroke,15,02:15.90
Male,14,200m Individual Medley,15,02:17.32
Male,14,400m Individual Medley,15,04:52.73
Male,14,50m Freestyle,14,00:25.62
Male,14,100m Freestyle,14,00:56.35
Male,14,200m Freestyle,14,02:03.76
Male,14,400m Freestyle,14,04:24.11
Male,14,800m Freestyle,14,09:09.53
Male,14,1500m Freestyle,14,17:26.14
Male,14,50m Breaststroke,14,00:32.09
Male,14,100m Breaststroke,14,01:10.34
Male,14,200m Breaststroke,14,02:33.15
Male,14,50m Butterfly,14,00:27.37
Male,14,100m Butterfly,14,01:01.15
Male,14,200m Butterfly,14,02:16.97
Male,14,50m Backstroke,14,00:29.51
Male,14,100m Backstroke,14,01:03.38
Male,14,200m Backstroke,14,02:17.85
Male,14,200m Individual Medley,14,02:19.29
Male,14,400m Individual Medley,14,04:56.93
Male,14,50m Freestyle,13,00:25.98
Male,14,100m Freestyle,13,00:57.15
Male,14,200m Freestyle,13,02:05.51
Male,14,400m Freestyle,13,04:27.85
Male,14,800m Freestyle,13,09:17.30
Male,14,1500m Freestyle,13,17:40.94
Male,14,50m Breaststroke,13,00:32.54
Male,14,100m Breaststroke,13,01:11.34
Male,14,200m Breaststroke,13,02:35.32
Male,14,50m Butterfly,13,00:27.76
Male,14,100m Butterfly,13,01:02.02
Male,14,200m Butterfly,13,02:18.91
Male,14,50m Backstroke,13,00:29.93
Male,14,100m Backstroke,13,01:04.27
Male,14,200m Backstroke,13,02:19.80
Male,14,200m Individual Medley,13,02:21.27
Male,14,400m Individual Medley,13,05:01.13
Male,14,50m Freestyle,12,00:26.35
Male,14,100m Freestyle,12,00:57.94
Male,14,200m Freestyle,12,02:07.26
Male,14,400m Freestyle,12,04:31.58
Male,14,800m Freestyle,12,09:25.08
Male,14,1500m Freestyle,12,17:55.74
Male,14,50m Breaststroke,12,00:32.99
Male,14,100m Breaststroke,12,01:12.33
Male,14,200m Breaststroke,12,02:37.48
Male,14,50m Butterfly,12,00:28.14
Male,14,100m Butterfly,12,01:02.88
Male,14,200m Butterfly,12,02:20.85
Male,14,50m Backstroke,12,00:30.35
Male,14,100m Backstroke,12,01:05.17
Male,14,200m Backstroke,12,02:21.75
Male,14,200m Individual Medley,12,02:23.24
Male,14,400m Individual Medley,12,05:05.33
Male,14,50m Freestyle,11,00:26.71
Male,14,100m Freestyle,11,00:58.74
Male,14,200m Freestyle,11,02:09.01
Male,14,400m Freestyle,11,04:35.32
Male,14,800m Freestyle,11,09:32.85
Male,14,1500m Freestyle,11,18:10.55
Male,14,50m Breaststroke,11,00:33.45
Male,14,100m Breaststroke,11,01:13.33
Male,14,200m Breaststroke,11,02:39.65
Male,14,50m Butterfly,11,00:28.53
Male,14,100m Butterfly,11,01:03.75
Male,14,200m Butterfly,11,02:22.79
Male,14,50m Backstroke,11,00:30.76
Male,14,100m Backstroke,11,01:06.07
Male,14,200m Backstroke,11,02:23.71
Male,14,200m Individual Medley,11,02:25.21
Male,14,400m Individual Medley,11,05:09.53
Male,14,50m Freestyle,10,00:27.07
Male,14,100m Freestyle,10,00:59.54
Male,14,200m Freestyle,10,02:10.76
Male,14,400m Freestyle,10,04:39.06
Male,14,800m Freestyle,10,09:40.63
Male,14,1500m Freestyle,10,18:25.35
Male,14,50m Breaststroke,10,00:33.90
Male,14,100m Breaststroke,10,01:14.32
Male,14,200m Breaststroke,10,02:41.82
Male,14,50m Butterfly,10,00:28.92
Male,14,100m Butterfly,10,01:04.61
Male,14,200m Butterfly,10,02:24.73
Male,14,50m Backstroke,10,00:31.18
Male,14,100m Backstroke,10,01:06.96
Male,14,200m Backstroke,10,02:25.66
Male,14,200m Individual Medley,10,02:27.18
Male,14,400m Individual Medley,10,05:13.73
Male,14,50m Freestyle,9,00:27.43
Male,14,100m Freestyle,9,01:00.34
Male,14,200m Freestyle,9,02:12.51
Male,14,400m Freestyle,9,04:42.80
Male,14,800m Freestyle,9,09:48.41
Male,14,1500m Freestyle,9,18:40.15
Male,14,50m Breaststroke,9,00:34.36
Male,14,100m Breaststroke,9,01:15.32
Male,14,200m Breaststroke,9,02:43.98
Male,14,50m Butterfly,9,00:29.31
Male,14,100m Butterfly,9,01:05.48
Male,14,200m Butterfly,9,02:26.66
Male,14,50m Backstroke,9,00:31.60
Male,14,100m Backstroke,9,01:07.86
Male,14,200m Backstroke,9,02:27.61
Male,14,200m Individual Medley,9,02:29.15
Male,14,400m Individual Medley,9,05:17.94
Male,14,50m Freestyle,8,00:27.80
Male,14,100m Freestyle,8,01:01.13
Male,14,200m Freestyle,8,02:14.26
Male,14,400m Freestyle,8,04:46.53
Male,14,800m Freestyle,8,09:56.18
Male,14,1500m Freestyle,8,18:54.96
Male,14,50m Breaststroke,8,00:34.81
Male,14,100m Breaststroke,8,01:16.31
Male,14,200m Breaststroke,8,02:46.15
Male,14,50m Butterfly,8,00:29.69
Male,14,100m Butterfly,8,01:06.34
Male,14,200m Butterfly,8,02:28.60
Male,14,50m Backstroke,8,00:32.02
Male,14,100m Backstroke,8,01:08.76
Male,14,200m Backstroke,8,02:29.56
Male,14,200m Individual Medley,8,02:31.12
Male,14,400m Individual Medley,8,05:22.14
Male,14,50m Freestyle,7,00:28.16
Male,14,100m Freestyle,7,01:01.93
Male,14,200m Freestyle,7,02:16.01
Male,14,400m Freestyle,7,04:50.27
Male,14,800m Freestyle,7,10:03.96
Male,14,1500m Freestyle,7,19:09.76
Male,14,50m Breaststroke,7,00:35.26
Male,14,100m Breaststroke,7,01:17.31
Male,14,200m Breaststroke,7,02:48.32
Male,14,50m Butterfly,7,00:30.08
Male,14,100m Butterfly,7,01:07.21
Male,14,200m Butterfly,7,02:30.54
Male,14,50m Backstroke,7,00:32.43
Male,14,100m Backstroke,7,01:09.66
Male,14,200m Backstroke,7,02:31.51
Male,14,200m Individual Medley,7,02:33.09
Male,14,400m Individual Medley,7,05:26.34
Male,14,50m Freestyle,6,00:28.52
Male,14,100m Freestyle,6,01:02.73
Male,14,200m Freestyle,6,02:17.76
Male,14,400m Freestyle,6,04:54.01
Male,14,800m Freestyle,6,10:11.74
Male,14,1500m Freestyle,6,19:24.57
Male,14,50m Breaststroke,6,00:35.72
Male,14,100m Breaststroke,6,01:18.30
Male,14,200m Breaststroke,6,02:50.49
Male,14,50m Butterfly,6,00:30.47
Male,14,100m Butterfly,6,01:08.07
Male,14,200m Butterfly,6,02:32.48
Male,14,50m Backstroke,6,00:32.85
Male,14,100m Backstroke,6,01:10.55
Male,14,200m Backstroke,6,02:33.46
Male,14,200m Individual Medley,6,02:35.06
Male,14,400m Individual Medley,6,05:30.54
Male,14,50m Freestyle,5,00:28.88
Male,14,100m Freestyle,5,01:03.53
Male,14,200m Freestyle,5,02:19.52
Male,14,400m Freestyle,5,04:57.75
Male,14,800m Freestyle,5,10:19.51
Male,14,1500m Freestyle,5,19:39.37
Male,14,50m Breaststroke,5,00:36.17
Male,14,100m Breaststroke,5,01:19.30
Male,14,200m Breaststroke,5,02:52.65
Male,14,50m Butterfly,5,00:30.85
Male,14,100m Butterfly,5,01:08.94
Male,14,200m Butterfly,5,02:34.42
Male,14,50m Backstroke,5,00:33.27
Male,14,100m Backstroke,5,01:11.45
Male,14,200m Backstroke,5,02:35.41
Male,14,200m Individual Medley,5,02:37.03
Male,14,400m Individual Medley,5,05:34.74
Male,14,50m Freestyle,4,00:29.25
Male,14,100m Freestyle,4,01:04.32
Male,14,200m Freestyle,4,02:21.27
Male,14,400m Freestyle,4,05:01.48
Male,14,800m Freestyle,4,10:27.29
Male,14,1500m Freestyle,4,19:54.17
Male,14,50m Breaststroke,4,00:36.63
Male,14,100m Breaststroke,4,01:20.30
Male,14,200m Breaststroke,4,02:54.82
Male,14,50m Butterfly,4,00:31.24
Male,14,100m Butterfly,4,01:09.80
Male,14,200m Butterfly,4,02:36.36
Male,14,50m Backstroke,4,00:33.69
Male,14,100m Backstroke,4,01:12.35
Male,14,200m Backstroke,4,02:37.36
Male,14,200m Individual Medley,4,02:39.01
Male,14,400m Individual Medley,4,05:38.95
Male,14,50m Freestyle,3,00:29.61
Male,14,100m Freestyle,3,01:05.12
Male,14,200m Freestyle,3,02:23.02
Male,14,400m Freestyle,3,05:05.22
Male,14,800m Freestyle,3,10:35.06
Male,14,1500m Freestyle,3,20:08.98
Male,14,50m Breaststroke,3,00:37.08
Male,14,100m Breaststroke,3,01:21.29
Male,14,200m Breaststroke,3,02:56.99
Male,14,50m Butterfly,3,00:31.63
Male,14,100m Butterfly,3,01:10.67
Male,14,200m Butterfly,3,02:38.29
Male,14,50m Backstroke,3,00:34.10
Male,14,100m Backstroke,3,01:13.24
Male,14,200m Backstroke,3,02:39.31
Male,14,200m Individual Medley,3,02:40.98
Male,14,400m Individual Medley,3,05:43.15
Male,14,50m Freestyle,2,00:29.97
Male,14,100m Freestyle,2,01:05.92
Male,14,200m Freestyle,2,02:24.77
Male,14,400m Freestyle,2,05:08.96
Male,14,800m Freestyle,2,10:42.84
Male,14,1500m Freestyle,2,20:23.78
Male,14,50m Breaststroke,2,00:37.53
Male,14,100m Breaststroke,2,01:22.29
Male,14,200m Breaststroke,2,02:59.16
Male,14,50m Butterfly,2,00:32.02
Male,14,100m Butterfly,2,01:11.54
Male,14,200m Butterfly,2,02:40.23
Male,14,50m Backstroke,2,00:34.52
Male,14,100m Backstroke,2,01:14.14
Male,14,200m Backstroke,2,02:41.26
Male,14,200m Individual Medley,2,02:42.95
Male,14,400m Individual Medley,2,05:47.35
Male,14,50m Freestyle,1,00:30.33
Male,14,100m Freestyle,1,01:06.72
Male,14,200m Freestyle,1,02:26.52
Male,14,400m Freestyle,1,05:12.70
Male,14,800m Freestyle,1,10:50.62
Male,14,1500m Freestyle,1,20:38.58
Male,14,50m Breaststroke,1,00:37.99
Male,14,100m Breaststroke,1,01:23.28
Male,14,200m Breaststroke,1,03:01.32
Male,14,50m Butterfly,1,00:32.40
Male,14,100m Butterfly,1,01:12.40
Male,14,200m Butterfly,1,02:42.17
Male,14,50m Backstroke,1,00:34.94
Male,14,100m Backstroke,1,01:15.04
Male,14,200m Backstroke,1,02:43.21
Male,14,200m Individual Medley,1,02:44.92
Male,14,400m Individual Medley,1,05:51.55
Male,15,50m Freestyle,20,00:22.85
Male,15,100m Freestyle,20,00:50.05
Male,15,200m Freestyle,20,01:49.60
Male,15,400m Freestyle,20,03:54.06
Male,15,800m Freestyle,20,08:10.65
Male,15,1500m Freestyle,20,15:29.79
Male,15,50m Breaststroke,20,00:28.71
Male,15,100m Breaststroke,20,01:02.94
Male,15,200m Breaststroke,20,02:17.58
Male,15,50m Butterfly,20,00:24.44
Male,15,100m Butterfly,20,00:54.03
Male,15,200m Butterfly,20,02:01.28
Male,15,50m Backstroke,20,00:26.17
Male,15,100m Backstroke,20,00:56.42
Male,15,200m Backstroke,20,02:02.77
Male,15,200m Individual Medley,20,02:03.43
Male,15,400m Individual Medley,20,04:24.94
Male,15,50m Freestyle,19,00:23.21
Male,15,100m Freestyle,19,00:50.83
Male,15,200m Freestyle,19,01:51.30
Male,15,400m Freestyle,19,03:57.68
Male,15,800m Freestyle,19,08:18.23
Male,15,1500m Freestyle,19,15:44.17
Male,15,50m Breaststroke,19,00:29.16
Male,15,100m Breaststroke,19,01:03.92
Male,15,200m Breaststroke,19,02:19.71
Male,15,50m Butterfly,19,00:24.82
Male,15,100m Butterfly,19,00:54.86
Male,15,200m Butterfly,19,02:03.15
Male,15,50m Backstroke,19,00:26.58
Male,15,100m Backstroke,19,00:57.30
Male,15,200m Backstroke,19,02:04.67
Male,15,200m Individual Medley,19,02:05.34
Male,15,400m Individual Medley,19,04:29.03
Male,15,50m Freestyle,18,00:23.56
Male,15,100m Freestyle,18,00:51.60
Male,15,200m Freestyle,18,01:52.99
Male,15,400m Freestyle,18,04:01.30
Male,15,800m Freestyle,18,08:25.82
Male,15,1500m Freestyle,18,15:58.55
Male,15,50m Breaststroke,18,00:29.60
Male,15,100m Breaststroke,18,01:04.89
Male,15,200m Breaststroke,18,02:21.84
Male,15,50m Butterfly,18,00:25.20
Male,15,100m Butterfly,18,00:55.70
Male,15,200m Butterfly,18,02:05.03
Male,15,50m Backstroke,18,00:26.98
Male,15,100m Backstroke,18,00:58.17
Male,15,200m Backstroke,18,02:06.57
Male,15,200m Individual Medley,18,02:07.25
Male,15,400m Individual Medley,18,04:33.13
Male,15,50m Freestyle,17,00:23.91
Male,15,100m Freestyle,17,00:52.37
Male,15,200m Freestyle,17,01:54.68
Male,15,400m Freestyle,17,04:04.92
Male,15,800m Freestyle,17,08:33.41
Male,15,1500m Freestyle,17,16:12.93
Male,15,50m Breaststroke,17,00:30.04
Male,15,100m Breaststroke,17,01:05.86
Male,15,200m Breaststroke,17,02:23.97
Male,15,50m Butterfly,17,00:25.58
Male,15,100m Butterfly,17,00:56.54
Male,15,200m Butterfly,17,02:06.91
Male,15,50m Backstroke,17,00:27.38
Male,15,100m Backstroke,17,00:59.04
Male,15,200m Backstroke,17,02:08.47
Male,15,200m Individual Medley,17,02:09.16
Male,15,400m Individual Medley,17,04:37.23
Male,15,50m Freestyle,16,00:24.27
Male,15,100m Freestyle,16,00:53.15
Male,15,200m Freestyle,16,01:56.38
Male,15,400m Freestyle,16,04:08.54
Male,15,800m Freestyle,16,08:40.99
Male,15,1500m Freestyle,16,16:27.31
Male,15,50m Breaststroke,16,00:30.49
Male,15,100m Breaststroke,16,01:06.84
Male,15,200m Breaststroke,16,02:26.10
Male,15,50m Butterfly,16,00:25.96
Male,15,100m Butterfly,16,00:57.37
Male,15,200m Butterfly,16,02:08.78
Male,15,50m Backstroke,16,00:27.79
Male,15,100m Backstroke,16,00:59.92
Male,15,200m Backstroke,16,02:10.37
Male,15,200m Individual Medley,16,02:11.07
Male,15,400m Individual Medley,16,04:41.32
Male,15,50m Freestyle,15,00:24.62
Male,15,100m Freestyle,15,00:53.92
Male,15,200m Freestyle,15,01:58.07
Male,15,400m Freestyle,15,04:12.16
Male,15,800m Freestyle,15,08:48.58
Male,15,1500m Freestyle,15,16:41.68
Male,15,50m Breaststroke,15,00:30.93
Male,15,100m Breaststroke,15,01:07.81
Male,15,200m Breaststroke,15,02:28.22
Male,15,50m Butterfly,15,00:26.33
Male,15,100m Butterfly,15,00:58.21
Male,15,200m Butterfly,15,02:10.66
Male,15,50m Backstroke,15,00:28.19
Male,15,100m Backstroke,15,01:00.79
Male,15,200m Backstroke,15,02:12.27
Male,15,200m Individual Medley,15,02:12.98
Male,15,400m Individual Medley,15,04:45.42
Male,15,50m Freestyle,14,00:24.97
Male,15,100m Freestyle,14,00:54.70
Male,15,200m Freestyle,14,01:59.77
Male,15,400m Freestyle,14,04:15.78
Male,15,800m Freestyle,14,08:56.17
Male,15,1500m Freestyle,14,16:56.06
Male,15,50m Breaststroke,14,00:31.38
Male,15,100m Breaststroke,14,01:08.78
Male,15,200m Breaststroke,14,02:30.35
Male,15,50m Butterfly,14,00:26.71
Male,15,100m Butterfly,14,00:59.04
Male,15,200m Butterfly,14,02:12.53
Male,15,50m Backstroke,14,00:28.60
Male,15,100m Backstroke,14,01:01.66
Male,15,200m Backstroke,14,02:14.16
Male,15,200m Individual Medley,14,02:14.88
Male,15,400m Individual Medley,14,04:49.52
Male,15,50m Freestyle,13,00:25.33
Male,15,100m Freestyle,13,00:55.47
Male,15,200m Freestyle,13,02:01.46
Male,15,400m Freestyle,13,04:19.40
Male,15,800m Freestyle,13,09:03.76
Male,15,1500m Freestyle,13,17:10.44
Male,15,50m Breaststroke,13,00:31.82
Male,15,100m Breaststroke,13,01:09.76
Male,15,200m Breaststroke,13,02:32.48
Male,15,50m Butterfly,13,00:27.09
Male,15,100m Butterfly,13,00:59.88
Male,15,200m Butterfly,13,02:14.41
Male,15,50m Backstroke,13,00:29.00
Male,15,100m Backstroke,13,01:02.53
Male,15,200m Backstroke,13,02:16.06
Male,15,200m Individual Medley,13,02:16.79
Male,15,400m Individual Medley,13,04:53.61
Male,15,50m Freestyle,12,00:25.68
Male,15,100m Freestyle,12,00:56.24
Male,15,200m Freestyle,12,02:03.16
Male,15,400m Freestyle,12,04:23.02
Male,15,800m Freestyle,12,09:11.34
Male,15,1500m Freestyle,12,17:24.82
Male,15,50m Breaststroke,12,00:32.26
Male,15,100m Breaststroke,12,01:10.73
Male,15,200m Breaststroke,12,02:34.61
Male,15,50m Butterfly,12,00:27.47
Male,15,100m Butterfly,12,01:00.71
Male,15,200m Butterfly,12,02:16.28
Male,15,50m Backstroke,12,00:29.41
Male,15,100m Backstroke,12,01:03.41
Male,15,200m Backstroke,12,02:17.96
Male,15,200m Individual Medley,12,02:18.70
Male,15,400m Individual Medley,12,04:57.71
Male,15,50m Freestyle,11,00:26.03
Male,15,100m Freestyle,11,00:57.02
Male,15,200m Freestyle,11,02:04.85
Male,15,400m Freestyle,11,04:26.64
Male,15,800m Freestyle,11,09:18.93
Male,15,1500m Freestyle,11,17:39.20
Male,15,50m Breaststroke,11,00:32.71
Male,15,100m Breaststroke,11,01:11.70
Male,15,200m Breaststroke,11,02:36.73
Male,15,50m Butterfly,11,00:27.85
Male,15,100m Butterfly,11,01:01.55
Male,15,200m Butterfly,11,02:18.16
Male,15,50m Backstroke,11,00:29.81
Male,15,100m Backstroke,11,01:04.28
Male,15,200m Backstroke,11,02:19.86
Male,15,200m Individual Medley,11,02:20.61
Male,15,400m Individual Medley,11,05:01.81
Male,15,50m Freestyle,10,00:26.39
Male,15,100m Freestyle,10,00:57.79
Male,15,200m Freestyle,10,02:06.55
Male,15,400m Freestyle,10,04:30.26
Male,15,800m Freestyle,10,09:26.52
Male,15,1500m Freestyle,10,17:53.58
Male,15,50m Breaststroke,10,00:33.15
Male,15,100m Breaststroke,10,01:12.68
Male,15,200m Breaststroke,10,02:38.86
Male,15,50m Butterfly,10,00:28.22
Male,15,100m Butterfly,10,01:02.38
Male,15,200m Butterfly,10,02:20.03
Male,15,50m Backstroke,10,00:30.22
Male,15,100m Backstroke,10,01:05.15
Male,15,200m Backstroke,10,02:21.76
Male,15,200m Individual Medley,10,02:22.52
Male,15,400m Individual Medley,10,05:05.91
Male,15,50m Freestyle,9,00:26.74
Male,15,100m Freestyle,9,00:58.57
Male,15,200m Freestyle,9,02:08.24
Male,15,400m Freestyle,9,04:33.88
Male,15,800m Freestyle,9,09:34.11
Male,15,1500m Freestyle,9,18:07.95
Male,15,50m Breaststroke,9,00:33.60
Male,15,100m Breaststroke,9,01:13.65
Male,15,200m Breaststroke,9,02:40.99
Male,15,50m Butterfly,9,00:28.60
Male,15,100m Butterfly,9,01:03.22
Male,15,200m Butterfly,9,02:21.91
Male,15,50m Backstroke,9,00:30.62
Male,15,100m Backstroke,9,01:06.02
Male,15,200m Backstroke,9,02:23.66
Male,15,200m Individual Medley,9,02:24.43
Male,15,400m Individual Medley,9,05:10.00
Male,15,50m Freestyle,8,00:27.09
Male,15,100m Freestyle,8,00:59.34
Male,15,200m Freestyle,8,02:09.94
Male,15,400m Freestyle,8,04:37.49
Male,15,800m Freestyle,8,09:41.69
Male,15,1500m Freestyle,8,18:22.33
Male,15,50m Breaststroke,8,00:34.04
Male,15,100m Breaststroke,8,01:14.62
Male,15,200m Breaststroke,8,02:43.12
Male,15,50m Butterfly,8,00:28.98
Male,15,100m Butterfly,8,01:04.05
Male,15,200m Butterfly,8,02:23.78
Male,15,50m Backstroke,8,00:31.03
Male,15,100m Backstroke,8,01:06.90
Male,15,200m Backstroke,8,02:25.56
Male,15,200m Individual Medley,8,02:26.34
Male,15,400m Individual Medley,8,05:14.10
Male,15,50m Freestyle,7,00:27.45
Male,15,100m Freestyle,7,01:00.11
Male,15,200m Freestyle,7,02:11.63
Male,15,400m Freestyle,7,04:41.11
Male,15,800m Freestyle,7,09:49.28
Male,15,1500m Freestyle,7,18:36.71
Male,15,50m Breaststroke,7,00:34.48
Male,15,100m Breaststroke,7,01:15.60
Male,15,200m Breaststroke,7,02:45.24
Male,15,50m Butterfly,7,00:29.36
Male,15,100m Butterfly,7,01:04.89
Male,15,200m Butterfly,7,02:25.66
Male,15,50m Backstroke,7,00:31.43
Male,15,100m Backstroke,7,01:07.77
Male,15,200m Backstroke,7,02:27.45
Male,15,200m Individual Medley,7,02:28.25
Male,15,400m Individual Medley,7,05:18.20
Male,15,50m Freestyle,6,00:27.80
Male,15,100m Freestyle,6,01:00.89
Male,15,200m Freestyle,6,02:13.33
Male,15,400m Freestyle,6,04:44.73
Male,15,800m Freestyle,6,09:56.87
Male,15,1500m Freestyle,6,18:51.09
Male,15,50m Breaststroke,6,00:34.93
Male,15,100m Breaststroke,6,01:16.57
Male,15,200m Breaststroke,6,02:47.37
Male,15,50m Butterfly,6,00:29.74
Male,15,100m Butterfly,6,01:05.73
Male,15,200m Butterfly,6,02:27.54
Male,15,50m Backstroke,6,00:31.84
Male,15,100m Backstroke,6,01:08.64
Male,15,200m Backstroke,6,02:29.35
Male,15,200m Individual Medley,6,02:30.15
Male,15,400m Individual Medley,6,05:22.29
Male,15,50m Freestyle,5,00:28.15
Male,15,100m Freestyle,5,01:01.66
Male,15,200m Freestyle,5,02:15.02
Male,15,400m Freestyle,5,04:48.35
Male,15,800m Freestyle,5,10:04.45
Male,15,1500m Freestyle,5,19:05.47
Male,15,50m Breaststroke,5,00:35.37
Male,15,100m Breaststroke,5,01:17.54
Male,15,200m Breaststroke,5,02:49.50
Male,15,50m Butterfly,5,00:30.11
Male,15,100m Butterfly,5,01:06.56
Male,15,200m Butterfly,5,02:29.41
Male,15,50m Backstroke,5,00:32.24
Male,15,100m Backstroke,5,01:09.51
Male,15,200m Backstroke,5,02:31.25
Male,15,200m Individual Medley,5,02:32.06
Male,15,400m Individual Medley,5,05:26.39
Male,15,50m Freestyle,4,00:28.51
Male,15,100m Freestyle,4,01:02.44
Male,15,200m Freestyle,4,02:16.72
Male,15,400m Freestyle,4,04:51.97
Male,15,800m Freestyle,4,10:12.04
Male,15,1500m Freestyle,4,19:19.85
Male,15,50m Breaststroke,4,00:35.82
Male,15,100m Breaststroke,4,01:18.52
Male,15,200m Breaststroke,4,02:51.63
Male,15,50m Butterfly,4,00:30.49
Male,15,100m Butterfly,4,01:07.40
Male,15,200m Butterfly,4,02:31.29
Male,15,50m Backstroke,4,00:32.65
Male,15,100m Backstroke,4,01:10.39
Male,15,200m Backstroke,4,02:33.15
Male,15,200m Individual Medley,4,02:33.97
Male,15,400m Individual Medley,4,05:30.49
Male,15,50m Freestyle,3,00:28.86
Male,15,100m Freestyle,3,01:03.21
Male,15,200m Freestyle,3,02:18.41
Male,15,400m Freestyle,3,04:55.59
Male,15,800m Freestyle,3,10:19.63
Male,15,1500m Freestyle,3,19:34.22
Male,15,50m Breaststroke,3,00:36.26
Male,15,100m Breaststroke,3,01:19.49
Male,15,200m Breaststroke,3,02:53.75
Male,15,50m Butterfly,3,00:30.87
Male,15,100m Butterfly,3,01:08.23
Male,15,200m Butterfly,3,02:33.16
Male,15,50m Backstroke,3,00:33.05
Male,15,100m Backstroke,3,01:11.26
Male,15,200m Backstroke,3,02:35.05
Male,15,200m Individual Medley,3,02:35.88
Male,15,400m Individual Medley,3,05:34.58
Male,15,50m Freestyle,2,00:29.21
Male,15,100m Freestyle,2,01:03.98
Male,15,200m Freestyle,2,02:20.11
Male,15,400m Freestyle,2,04:59.21
Male,15,800m Freestyle,2,10:27.22
Male,15,1500m Freestyle,2,19:48.60
Male,15,50m Breaststroke,2,00:36.70
Male,15,100m Breaststroke,2,01:20.46
Male,15,200m Breaststroke,2,02:55.88
Male,15,50m Butterfly,2,00:31.25
Male,15,100m Butterfly,2,01:09.07
Male,15,200m Butterfly,2,02:35.04
Male,15,50m Backstroke,2,00:33.46
Male,15,100m Backstroke,2,01:12.13
Male,15,200m Backstroke,2,02:36.95
Male,15,200m Individual Medley,2,02:37.79
Male,15,400m Individual Medley,2,05:38.68
Male,15,50m Freestyle,1,00:29.57
Male,15,100m Freestyle,1,01:04.76
Male,15,200m Freestyle,1,02:21.80
Male,15,400m Freestyle,1,05:02.83
Male,15,800m Freestyle,1,10:34.80
Male,15,1500m Freestyle,1,20:02.98
Male,15,50m Breaststroke,1,00:37.15
Male,15,100m Breaststroke,1,01:21.44
Male,15,200m Breaststroke,1,02:58.01
Male,15,50m Butterfly,1,00:31.63
Male,15,100m Butterfly,1,01:09.90
Male,15,200m Butterfly,1,02:36.91
Male,15,50m Backstroke,1,00:33.86
Male,15,100m Backstroke,1,01:13.00
Male,15,200m Backstroke,1,02:38.85
Male,15,200m Individual Medley,1,02:39.70
Male,15,400m Individual Medley,1,05:42.78
Male,16,50m Freestyle,20,00:22.58
Male,16,100m Freestyle,20,00:49.50
Male,16,200m Freestyle,20,01:48.16
Male,16,400m Freestyle,20,03:49.68
Male,16,800m Freestyle,20,07:57.38
Male,16,1500m Freestyle,20,15:09.54
Male,16,50m Breaststroke,20,00:28.28
Male,16,100m Breaststroke,20,01:01.60
Male,16,200m Breaststroke,20,02:13.68
Male,16,50m Butterfly,20,00:23.98
Male,16,100m Butterfly,20,00:52.98
Male,16,200m Butterfly,20,01:59.14
Male,16,50m Backstroke,20,00:25.51
Male,16,100m Backstroke,20,00:55.15
Male,16,200m Backstroke,20,02:00.42
Male,16,200m Individual Medley,20,02:02.06
Male,16,400m Individual Medley,20,04:19.49
Male,16,50m Freestyle,19,00:22.93
Male,16,100m Freestyle,19,00:50.26
Male,16,200m Freestyle,19,01:49.84
Male,16,400m Freestyle,19,03:53.23
Male,16,800m Freestyle,19,08:04.76
Male,16,1500m Freestyle,19,15:23.60
Male,16,50m Breaststroke,19,00:28.71
Male,16,100m Breaststroke,19,01:02.56
Male,16,200m Breaststroke,19,02:15.74
Male,16,50m Butterfly,19,00:24.35
Male,16,100m Butterfly,19,00:53.80
Male,16,200m Butterfly,19,02:00.98
Male,16,50m Backstroke,19,00:25.91
Male,16,100m Backstroke,19,00:56.01
Male,16,200m Backstroke,19,02:02.28
Male,16,200m Individual Medley,19,02:03.95
Male,16,400m Individual Medley,19,04:23.51
Male,16,50m Freestyle,18,00:23.28
Male,16,100m Freestyle,18,00:51.03
Male,16,200m Freestyle,18,01:51.51
Male,16,400m Freestyle,18,03:56.78
Male,16,800m Freestyle,18,08:12.14
Male,16,1500m Freestyle,18,15:37.67
Male,16,50m Breaststroke,18,00:29.15
Male,16,100m Breaststroke,18,01:03.51
Male,16,200m Breaststroke,18,02:17.81
Male,16,50m Butterfly,18,00:24.72
Male,16,100m Butterfly,18,00:54.62
Male,16,200m Butterfly,18,02:02.82
Male,16,50m Backstroke,18,00:26.30
Male,16,100m Backstroke,18,00:56.86
Male,16,200m Backstroke,18,02:04.14
Male,16,200m Individual Medley,18,02:05.84
Male,16,400m Individual Medley,18,04:27.52
Male,16,50m Freestyle,17,00:23.63
Male,16,100m Freestyle,17,00:51.80
Male,16,200m Freestyle,17,01:53.18
Male,16,400m Freestyle,17,04:00.33
Male,16,800m Freestyle,17,08:19.52
Male,16,1500m Freestyle,17,15:51.74
Male,16,50m Breaststroke,17,00:29.59
Male,16,100m Breaststroke,17,01:04.46
Male,16,200m Breaststroke,17,02:19.88
Male,16,50m Butterfly,17,00:25.09
Male,16,100m Butterfly,17,00:55.44
Male,16,200m Butterfly,17,02:04.66
Male,16,50m Backstroke,17,00:26.69
Male,16,100m Backstroke,17,00:57.71
Male,16,200m Backstroke,17,02:06.00
Male,16,200m Individual Medley,17,02:07.73
Male,16,400m Individual Medley,17,04:31.53
Male,16,50m Freestyle,16,00:23.98
Male,16,100m Freestyle,16,00:52.56
Male,16,200m Freestyle,16,01:54.86
Male,16,400m Freestyle,16,04:03.88
Male,16,800m Freestyle,16,08:26.90
Male,16,1500m Freestyle,16,16:05.80
Male,16,50m Breaststroke,16,00:30.02
Male,16,100m Breaststroke,16,01:05.42
Male,16,200m Breaststroke,16,02:21.94
Male,16,50m Butterfly,16,00:25.46
Male,16,100m Butterfly,16,00:56.26
Male,16,200m Butterfly,16,02:06.50
Male,16,50m Backstroke,16,00:27.09
Male,16,100m Backstroke,16,00:58.57
Male,16,200m Backstroke,16,02:07.86
Male,16,200m Individual Medley,16,02:09.62
Male,16,400m Individual Medley,16,04:35.55
Male,16,50m Freestyle,15,00:24.33
Male,16,100m Freestyle,15,00:53.33
Male,16,200m Freestyle,15,01:56.53
Male,16,400m Freestyle,15,04:07.44
Male,16,800m Freestyle,15,08:34.29
Male,16,1500m Freestyle,15,16:19.87
Male,16,50m Breaststroke,15,00:30.46
Male,16,100m Breaststroke,15,01:06.37
Male,16,200m Breaststroke,15,02:24.01
Male,16,50m Butterfly,15,00:25.83
Male,16,100m Butterfly,15,00:57.08
Male,16,200m Butterfly,15,02:08.35
Male,16,50m Backstroke,15,00:27.48
Male,16,100m Backstroke,15,00:59.42
Male,16,200m Backstroke,15,02:09.73
Male,16,200m Individual Medley,15,02:11.50
Male,16,400m Individual Medley,15,04:39.56
Male,16,50m Freestyle,14,00:24.68
Male,16,100m Freestyle,14,00:54.09
Male,16,200m Freestyle,14,01:58.20
Male,16,400m Freestyle,14,04:10.99
Male,16,800m Freestyle,14,08:41.67
Male,16,1500m Freestyle,14,16:33.93
Male,16,50m Breaststroke,14,00:30.90
Male,16,100m Breaststroke,14,01:07.32
Male,16,200m Breaststroke,14,02:26.08
Male,16,50m Butterfly,14,00:26.20
Male,16,100m Butterfly,14,00:57.90
Male,16,200m Butterfly,14,02:10.19
Male,16,50m Backstroke,14,00:27.88
Male,16,100m Backstroke,14,01:00.27
Male,16,200m Backstroke,14,02:11.59
Male,16,200m Individual Medley,14,02:13.39
Male,16,400m Individual Medley,14,04:43.57
Male,16,50m Freestyle,13,00:25.03
Male,16,100m Freestyle,13,00:54.86
Male,16,200m Freestyle,13,01:59.87
Male,16,400m Freestyle,13,04:14.54
Male,16,800m Freestyle,13,08:49.05
Male,16,1500m Freestyle,13,16:48.00
Male,16,50m Breaststroke,13,00:31.34
Male,16,100m Breaststroke,13,01:08.27
Male,16,200m Breaststroke,13,02:28.15
Male,16,50m Butterfly,13,00:26.57
Male,16,100m Butterfly,13,00:58.72
Male,16,200m Butterfly,13,02:12.03
Male,16,50m Backstroke,13,00:28.27
Male,16,100m Backstroke,13,01:01.12
Male,16,200m Backstroke,13,02:13.45
Male,16,200m Individual Medley,13,02:15.28
Male,16,400m Individual Medley,13,04:47.58
Male,16,50m Freestyle,12,00:25.38
Male,16,100m Freestyle,12,00:55.62
Male,16,200m Freestyle,12,02:01.55
Male,16,400m Freestyle,12,04:18.09
Male,16,800m Freestyle,12,08:56.43
Male,16,1500m Freestyle,12,17:02.06
Male,16,50m Breaststroke,12,00:31.77
Male,16,100m Breaststroke,12,01:09.23
Male,16,200m Breaststroke,12,02:30.21
Male,16,50m Butterfly,12,00:26.94
Male,16,100m Butterfly,12,00:59.54
Male,16,200m Butterfly,12,02:13.87
Male,16,50m Backstroke,12,00:28.67
Male,16,100m Backstroke,12,01:01.98
Male,16,200m Backstroke,12,02:15.31
Male,16,200m Individual Medley,12,02:17.17
Male,16,400m Individual Medley,12,04:51.60
Male,16,50m Freestyle,11,00:25.72
Male,16,100m Freestyle,11,00:56.39
Male,16,200m Freestyle,11,02:03.22
Male,16,400m Freestyle,11,04:21.64
Male,16,800m Freestyle,11,09:03.81
Male,16,1500m Freestyle,11,17:16.13
Male,16,50m Breaststroke,11,00:32.21
Male,16,100m Breaststroke,11,01:10.18
Male,16,200m Breaststroke,11,02:32.28
Male,16,50m Butterfly,11,00:27.32
Male,16,100m Butterfly,11,01:00.36
Male,16,200m Butterfly,11,02:15.72
Male,16,50m Backstroke,11,00:29.06
Male,16,100m Backstroke,11,01:02.83
Male,16,200m Backstroke,11,02:17.17
Male,16,200m Individual Medley,11,02:19.05
Male,16,400m Individual Medley,11,04:55.61
Male,16,50m Freestyle,10,00:26.07
Male,16,100m Freestyle,10,00:57.15
Male,16,200m Freestyle,10,02:04.89
Male,16,400m Freestyle,10,04:25.19
Male,16,800m Freestyle,10,09:11.20
Male,16,1500m Freestyle,10,17:30.19
Male,16,50m Breaststroke,10,00:32.65
Male,16,100m Breaststroke,10,01:11.13
Male,16,200m Breaststroke,10,02:34.35
Male,16,50m Butterfly,10,00:27.69
Male,16,100m Butterfly,10,01:01.17
Male,16,200m Butterfly,10,02:17.56
Male,16,50m Backstroke,10,00:29.46
Male,16,100m Backstroke,10,01:03.68
Male,16,200m Backstroke,10,02:19.04
Male,16,200m Individual Medley,10,02:20.94
Male,16,400m Individual Medley,10,04:59.62
Male,16,50m Freestyle,9,00:26.42
Male,16,100m Freestyle,9,00:57.92
Male,16,200m Freestyle,9,02:06.56
Male,16,400m Freestyle,9,04:28.75
Male,16,800m Freestyle,9,09:18.58
Male,16,1500m Freestyle,9,17:44.26
Male,16,50m Breaststroke,9,00:33.09
Male,16,100m Breaststroke,9,01:12.08
Male,16,200m Breaststroke,9,02:36.41
Male,16,50m Butterfly,9,00:28.06
Male,16,100m Butterfly,9,01:01.99
Male,16,200m Butterfly,9,02:19.40
Male,16,50m Backstroke,9,00:29.85
Male,16,100m Backstroke,9,01:04.54
Male,16,200m Backstroke,9,02:20.90
Male,16,200m Individual Medley,9,02:22.83
Male,16,400m Individual Medley,9,05:03.64
Male,16,50m Freestyle,8,00:26.77
Male,16,100m Freestyle,8,00:58.68
Male,16,200m Freestyle,8,02:08.24
Male,16,400m Freestyle,8,04:32.30
Male,16,800m Freestyle,8,09:25.96
Male,16,1500m Freestyle,8,17:58.32
Male,16,50m Breaststroke,8,00:33.52
Male,16,100m Breaststroke,8,01:13.04
Male,16,200m Breaststroke,8,02:38.48
Male,16,50m Butterfly,8,00:28.43
Male,16,100m Butterfly,8,01:02.81
Male,16,200m Butterfly,8,02:21.24
Male,16,50m Backstroke,8,00:30.25
Male,16,100m Backstroke,8,01:05.39
Male,16,200m Backstroke,8,02:22.76
Male,16,200m Individual Medley,8,02:24.72
Male,16,400m Individual Medley,8,05:07.65
Male,16,50m Freestyle,7,00:27.12
Male,16,100m Freestyle,7,00:59.45
Male,16,200m Freestyle,7,02:09.91
Male,16,400m Freestyle,7,04:35.85
Male,16,800m Freestyle,7,09:33.34
Male,16,1500m Freestyle,7,18:12.39
Male,16,50m Breaststroke,7,00:33.96
Male,16,100m Breaststroke,7,01:13.99
Male,16,200m Breaststroke,7,02:40.55
Male,16,50m Butterfly,7,00:28.80
Male,16,100m Butterfly,7,01:03.63
Male,16,200m Butterfly,7,02:23.09
Male,16,50m Backstroke,7,00:30.64
Male,16,100m Backstroke,7,01:06.24
Male,16,200m Backstroke,7,02:24.62
Male,16,200m Individual Medley,7,02:26.60
Male,16,400m Individual Medley,7,05:11.66
Male,16,50m Freestyle,6,00:27.47
Male,16,100m Freestyle,6,01:00.22
Male,16,200m Freestyle,6,02:11.58
Male,16,400m Freestyle,6,04:39.40
Male,16,800m Freestyle,6,09:40.73
Male,16,1500m Freestyle,6,18:26.45
Male,16,50m Breaststroke,6,00:34.40
Male,16,100m Breaststroke,6,01:14.94
Male,16,200m Breaststroke,6,02:42.62
Male,16,50m Butterfly,6,00:29.17
Male,16,100m Butterfly,6,01:04.45
Male,16,200m Butterfly,6,02:24.93
Male,16,50m Backstroke,6,00:31.03
Male,16,100m Backstroke,6,01:07.09
Male,16,200m Backstroke,6,02:26.49
Male,16,200m Individual Medley,6,02:28.49
Male,16,400m Individual Medley,6,05:15.67
Male,16,50m Freestyle,5,00:27.82
Male,16,100m Freestyle,5,01:00.98
Male,16,200m Freestyle,5,02:13.25
Male,16,400m Freestyle,5,04:42.95
Male,16,800m Freestyle,5,09:48.11
Male,16,1500m Freestyle,5,18:40.52
Male,16,50m Breaststroke,5,00:34.83
Male,16,100m Breaststroke,5,01:15.89
Male,16,200m Breaststroke,5,02:44.68
Male,16,50m Butterfly,5,00:29.54
Male,16,100m Butterfly,5,01:05.27
Male,16,200m Butterfly,5,02:26.77
Male,16,50m Backstroke,5,00:31.43
Male,16,100m Backstroke,5,01:07.95
Male,16,200m Backstroke,5,02:28.35
Male,16,200m Individual Medley,5,02:30.38
Male,16,400m Individual Medley,5,05:19.69
Male,16,50m Freestyle,4,00:28.17
Male,16,100m Freestyle,4,01:01.75
Male,16,200m Freestyle,4,02:14.93
Male,16,400m Freestyle,4,04:46.50
Male,16,800m Freestyle,4,09:55.49
Male,16,1500m Freestyle,4,18:54.58
Male,16,50m Breaststroke,4,00:35.27
Male,16,100m Breaststroke,4,01:16.85
Male,16,200m Breaststroke,4,02:46.75
Male,16,50m Butterfly,4,00:29.91
Male,16,100m Butterfly,4,01:06.09
Male,16,200m Butterfly,4,02:28.61
Male,16,50m Backstroke,4,00:31.82
Male,16,100m Backstroke,4,01:08.80
Male,16,200m Backstroke,4,02:30.21
Male,16,200m Individual Medley,4,02:32.27
Male,16,400m Individual Medley,4,05:23.70
Male,16,50m Freestyle,3,00:28.52
Male,16,100m Freestyle,3,01:02.51
Male,16,200m Freestyle,3,02:16.60
Male,16,400m Freestyle,3,04:50.06
Male,16,800m Freestyle,3,10:02.87
Male,16,1500m Freestyle,3,19:08.65
Male,16,50m Breaststroke,3,00:35.71
Male,16,100m Breaststroke,3,01:17.80
Male,16,200m Breaststroke,3,02:48.82
Male,16,50m Butterfly,3,00:30.28
Male,16,100m Butterfly,3,01:06.91
Male,16,200m Butterfly,3,02:30.45
Male,16,50m Backstroke,3,00:32.22
Male,16,100m Backstroke,3,01:09.65
Male,16,200m Backstroke,3,02:32.07
Male,16,200m Individual Medley,3,02:34.15
Male,16,400m Individual Medley,3,05:27.71
Male,16,50m Freestyle,2,00:28.87
Male,16,100m Freestyle,2,01:03.28
Male,16,200m Freestyle,2,02:18.27
Male,16,400m Freestyle,2,04:53.61
Male,16,800m Freestyle,2,10:10.25
Male,16,1500m Freestyle,2,19:22.71
Male,16,50m Breaststroke,2,00:36.15
Male,16,100m Breaststroke,2,01:18.75
Male,16,200m Breaststroke,2,02:50.88
Male,16,50m Butterfly,2,00:30.65
Male,16,100m Butterfly,2,01:07.73
Male,16,200m Butterfly,2,02:32.30
Male,16,50m Backstroke,2,00:32.61
Male,16,100m Backstroke,2,01:10.51
Male,16,200m Backstroke,2,02:33.93
Male,16,200m Individual Medley,2,02:36.04
Male,16,400m Individual Medley,2,05:31.72
Male,16,50m Freestyle,1,00:29.22
Male,16,100m Freestyle,1,01:04.04
Male,16,200m Freestyle,1,02:19.95
Male,16,400m Freestyle,1,04:57.16
Male,16,800m Freestyle,1,10:17.64
Male,16,1500m Freestyle,1,19:36.78
Male,16,50m Breaststroke,1,00:36.58
Male,16,100m Breaststroke,1,01:19.71
Male,16,200m Breaststroke,1,02:52.95
Male,16,50m Butterfly,1,00:31.02
Male,16,100m Butterfly,1,01:08.55
Male,16,200m Butterfly,1,02:34.14
Male,16,50m Backstroke,1,00:33.01
Male,16,100m Backstroke,1,01:11.36
Male,16,200m Backstroke,1,02:35.80
Male,16,200m Individual Medley,1,02:37.93
Male,16,400m Individual Medley,1,05:35.74
Male,17,50m Freestyle,20,00:22.27
Male,17,100m Freestyle,20,00:48.81
Male,17,200m Freestyle,20,01:46.99
Male,17,400m Freestyle,20,03:46.57
Male,17,800m Freestyle,20,07:48.95
Male,17,1500m Freestyle,20,14:55.76
Male,17,50m Breaststroke,20,00:27.63
Male,17,100m Breaststroke,20,01:00.73
Male,17,200m Breaststroke,20,02:11.39
Male,17,50m Butterfly,20,00:23.72
Male,17,100m Butterfly,20,00:52.68
Male,17,200m Butterfly,20,01:57.25
Male,17,50m Backstroke,20,00:25.11
Male,17,100m Backstroke,20,00:54.18
Male,17,200m Backstroke,20,01:58.81
Male,17,200m Individual Medley,20,02:00.36
Male,17,400m Individual Medley,20,04:16.09
Male,17,50m Freestyle,19,00:22.62
Male,17,100m Freestyle,19,00:49.57
Male,17,200m Freestyle,19,01:48.65
Male,17,400m Freestyle,19,03:50.08
Male,17,800m Freestyle,19,07:56.20
Male,17,1500m Freestyle,19,15:09.61
Male,17,50m Breaststroke,19,00:28.05
Male,17,100m Breaststroke,19,01:01.67
Male,17,200m Breaststroke,19,02:13.42
Male,17,50m Butterfly,19,00:24.08
Male,17,100m Butterfly,19,00:53.50
Male,17,200m Butterfly,19,01:59.07
Male,17,50m Backstroke,19,00:25.50
Male,17,100m Backstroke,19,00:55.02
Male,17,200m Backstroke,19,02:00.64
Male,17,200m Individual Medley,19,02:02.22
Male,17,400m Individual Medley,19,04:20.05
Male,17,50m Freestyle,18,00:22.96
Male,17,100m Freestyle,18,00:50.32
Male,17,200m Freestyle,18,01:50.30
Male,17,400m Freestyle,18,03:53.58
Male,17,800m Freestyle,18,08:03.45
Male,17,1500m Freestyle,18,15:23.46
Male,17,50m Breaststroke,18,00:28.48
Male,17,100m Breaststroke,18,01:02.61
Male,17,200m Breaststroke,18,02:15.45
Male,17,50m Butterfly,18,00:24.45
Male,17,100m Butterfly,18,00:54.31
Male,17,200m Butterfly,18,02:00.88
Male,17,50m Backstroke,18,00:25.89
Male,17,100m Backstroke,18,00:55.86
Male,17,200m Backstroke,18,02:02.48
Male,17,200m Individual Medley,18,02:04.08
Male,17,400m Individual Medley,18,04:24.01
Male,17,50m Freestyle,17,00:23.30
Male,17,100m Freestyle,17,00:51.07
Male,17,200m Freestyle,17,01:51.95
Male,17,400m Freestyle,17,03:57.08
Male,17,800m Freestyle,17,08:10.70
Male,17,1500m Freestyle,17,15:37.31
Male,17,50m Breaststroke,17,00:28.91
Male,17,100m Breaststroke,17,01:03.55
Male,17,200m Breaststroke,17,02:17.48
Male,17,50m Butterfly,17,00:24.82
Male,17,100m Butterfly,17,00:55.12
Male,17,200m Butterfly,17,02:02.69
Male,17,50m Backstroke,17,00:26.28
Male,17,100m Backstroke,17,00:56.70
Male,17,200m Backstroke,17,02:04.32
Male,17,200m Individual Medley,17,02:05.94
Male,17,400m Individual Medley,17,04:27.97
Male,17,50m Freestyle,16,00:23.65
Male,17,100m Freestyle,16,00:51.83
Male,17,200m Freestyle,16,01:53.61
Male,17,400m Freestyle,16,04:00.59
Male,17,800m Freestyle,16,08:17.95
Male,17,1500m Freestyle,16,15:51.16
Male,17,50m Breaststroke,16,00:29.33
Male,17,100m Breaststroke,16,01:04.49
Male,17,200m Breaststroke,16,02:19.51
Male,17,50m Butterfly,16,00:25.18
Male,17,100m Butterfly,16,00:55.94
Male,17,200m Butterfly,16,02:04.51
Male,17,50m Backstroke,16,00:26.67
Male,17,100m Backstroke,16,00:57.54
Male,17,200m Backstroke,16,02:06.15
Male,17,200m Individual Medley,16,02:07.80
Male,17,400m Individual Medley,16,04:31.93
Male,17,50m Freestyle,15,00:23.99
Male,17,100m Freestyle,15,00:52.58
Male,17,200m Freestyle,15,01:55.26
Male,17,400m Freestyle,15,04:04.09
Male,17,800m Freestyle,15,08:25.21
Male,17,1500m Freestyle,15,16:05.02
Male,17,50m Breaststroke,15,00:29.76
Male,17,100m Breaststroke,15,01:05.43
Male,17,200m Breaststroke,15,02:21.55
Male,17,50m Butterfly,15,00:25.55
Male,17,100m Butterfly,15,00:56.75
Male,17,200m Butterfly,15,02:06.32
Male,17,50m Backstroke,15,00:27.06
Male,17,100m Backstroke,15,00:58.37
Male,17,200m Backstroke,15,02:07.99
Male,17,200m Individual Medley,15,02:09.66
Male,17,400m Individual Medley,15,04:35.89
Male,17,50m Freestyle,14,00:24.34
Male,17,100m Freestyle,14,00:53.34
Male,17,200m Freestyle,14,01:56.92
Male,17,400m Freestyle,14,04:07.59
Male,17,800m Freestyle,14,08:32.46
Male,17,1500m Freestyle,14,16:18.87
Male,17,50m Breaststroke,14,00:30.19
Male,17,100m Breaststroke,14,01:06.37
Male,17,200m Breaststroke,14,02:23.58
Male,17,50m Butterfly,14,00:25.92
Male,17,100m Butterfly,14,00:57.57
Male,17,200m Butterfly,14,02:08.13
Male,17,50m Backstroke,14,00:27.44
Male,17,100m Backstroke,14,00:59.21
Male,17,200m Backstroke,14,02:09.83
Male,17,200m Individual Medley,14,02:11.52
Male,17,400m Individual Medley,14,04:39.85
Male,17,50m Freestyle,13,00:24.68
Male,17,100m Freestyle,13,00:54.09
Male,17,200m Freestyle,13,01:58.57
Male,17,400m Freestyle,13,04:11.10
Male,17,800m Freestyle,13,08:39.71
Male,17,1500m Freestyle,13,16:32.72
Male,17,50m Breaststroke,13,00:30.62
Male,17,100m Breaststroke,13,01:07.31
Male,17,200m Breaststroke,13,02:25.61
Male,17,50m Butterfly,13,00:26.28
Male,17,100m Butterfly,13,00:58.38
Male,17,200m Butterfly,13,02:09.95
Male,17,50m Backstroke,13,00:27.83
Male,17,100m Backstroke,13,01:00.05
Male,17,200m Backstroke,13,02:11.67
Male,17,200m Individual Medley,13,02:13.39
Male,17,400m Individual Medley,13,04:43.81
Male,17,50m Freestyle,12,00:25.03
Male,17,100m Freestyle,12,00:54.85
Male,17,200m Freestyle,12,02:00.23
Male,17,400m Freestyle,12,04:14.60
Male,17,800m Freestyle,12,08:46.96
Male,17,1500m Freestyle,12,16:46.57
Male,17,50m Breaststroke,12,00:31.04
Male,17,100m Breaststroke,12,01:08.24
Male,17,200m Breaststroke,12,02:27.64
Male,17,50m Butterfly,12,00:26.65
Male,17,100m Butterfly,12,00:59.20
Male,17,200m Butterfly,12,02:11.76
Male,17,50m Backstroke,12,00:28.22
Male,17,100m Backstroke,12,01:00.89
Male,17,200m Backstroke,12,02:13.50
Male,17,200m Individual Medley,12,02:15.25
Male,17,400m Individual Medley,12,04:47.77
Male,17,50m Freestyle,11,00:25.37
Male,17,100m Freestyle,11,00:55.60
Male,17,200m Freestyle,11,02:01.88
Male,17,400m Freestyle,11,04:18.11
Male,17,800m Freestyle,11,08:54.21
Male,17,1500m Freestyle,11,17:00.42
Male,17,50m Breaststroke,11,00:31.47
Male,17,100m Breaststroke,11,01:09.18
Male,17,200m Breaststroke,11,02:29.67
Male,17,50m Butterfly,11,00:27.02
Male,17,100m Butterfly,11,01:00.01
Male,17,200m Butterfly,11,02:13.57
Male,17,50m Backstroke,11,00:28.61
Male,17,100m Backstroke,11,01:01.73
Male,17,200m Backstroke,11,02:15.34
Male,17,200m Individual Medley,11,02:17.11
Male,17,400m Individual Medley,11,04:51.73
Male,17,50m Freestyle,10,00:25.72
Male,17,100m Freestyle,10,00:56.36
Male,17,200m Freestyle,10,02:03.54
Male,17,400m Freestyle,10,04:21.61
Male,17,800m Freestyle,10,09:01.46
Male,17,1500m Freestyle,10,17:14.28
Male,17,50m Breaststroke,10,00:31.90
Male,17,100m Breaststroke,10,01:10.12
Male,17,200m Breaststroke,10,02:31.70
Male,17,50m Butterfly,10,00:27.38
Male,17,100m Butterfly,10,01:00.83
Male,17,200m Butterfly,10,02:15.39
Male,17,50m Backstroke,10,00:29.00
Male,17,100m Backstroke,10,01:02.56
Male,17,200m Backstroke,10,02:17.18
Male,17,200m Individual Medley,10,02:18.97
Male,17,400m Individual Medley,10,04:55.69
Male,17,50m Freestyle,9,00:26.06
Male,17,100m Freestyle,9,00:57.11
Male,17,200m Freestyle,9,02:05.19
Male,17,400m Freestyle,9,04:25.11
Male,17,800m Freestyle,9,09:08.72
Male,17,1500m Freestyle,9,17:28.13
Male,17,50m Breaststroke,9,00:32.32
Male,17,100m Breaststroke,9,01:11.06
Male,17,200m Breaststroke,9,02:33.74
Male,17,50m Butterfly,9,00:27.75
Male,17,100m Butterfly,9,01:01.64
Male,17,200m Butterfly,9,02:17.20
Male,17,50m Backstroke,9,00:29.39
Male,17,100m Backstroke,9,01:03.40
Male,17,200m Backstroke,9,02:19.01
Male,17,200m Individual Medley,9,02:20.83
Male,17,400m Individual Medley,9,04:59.65
Male,17,50m Freestyle,8,00:26.40
Male,17,100m Freestyle,8,00:57.87
Male,17,200m Freestyle,8,02:06.84
Male,17,400m Freestyle,8,04:28.62
Male,17,800m Freestyle,8,09:15.97
Male,17,1500m Freestyle,8,17:41.98
Male,17,50m Breaststroke,8,00:32.75
Male,17,100m Breaststroke,8,01:12.00
Male,17,200m Breaststroke,8,02:35.77
Male,17,50m Butterfly,8,00:28.12
Male,17,100m Butterfly,8,01:02.46
Male,17,200m Butterfly,8,02:19.01
Male,17,50m Backstroke,8,00:29.77
Male,17,100m Backstroke,8,01:04.24
Male,17,200m Backstroke,8,02:20.85
Male,17,200m Individual Medley,8,02:22.69
Male,17,400m Individual Medley,8,05:03.61
Male,17,50m Freestyle,7,00:26.75
Male,17,100m Freestyle,7,00:58.62
Male,17,200m Freestyle,7,02:08.50
Male,17,400m Freestyle,7,04:32.12
Male,17,800m Freestyle,7,09:23.22
Male,17,1500m Freestyle,7,17:55.83
Male,17,50m Breaststroke,7,00:33.18
Male,17,100m Breaststroke,7,01:12.94
Male,17,200m Breaststroke,7,02:37.80
Male,17,50m Butterfly,7,00:28.48
Male,17,100m Butterfly,7,01:03.27
Male,17,200m Butterfly,7,02:20.83
Male,17,50m Backstroke,7,00:30.16
Male,17,100m Backstroke,7,01:05.08
Male,17,200m Backstroke,7,02:22.69
Male,17,200m Individual Medley,7,02:24.55
Male,17,400m Individual Medley,7,05:07.57
Male,17,50m Freestyle,6,00:27.09
Male,17,100m Freestyle,6,00:59.38
Male,17,200m Freestyle,6,02:10.15
Male,17,400m Freestyle,6,04:35.62
Male,17,800m Freestyle,6,09:30.47
Male,17,1500m Freestyle,6,18:09.68
Male,17,50m Breaststroke,6,00:33.61
Male,17,100m Breaststroke,6,01:13.88
Male,17,200m Breaststroke,6,02:39.83
Male,17,50m Butterfly,6,00:28.85
Male,17,100m Butterfly,6,01:04.09
Male,17,200m Butterfly,6,02:22.64
Male,17,50m Backstroke,6,00:30.55
Male,17,100m Backstroke,6,01:05.91
Male,17,200m Backstroke,6,02:24.53
Male,17,200m Individual Medley,6,02:26.41
Male,17,400m Individual Medley,6,05:11.53
Male,17,50m Freestyle,5,00:27.44
Male,17,100m Freestyle,5,01:00.13
Male,17,200m Freestyle,5,02:11.81
Male,17,400m Freestyle,5,04:39.13
Male,17,800m Freestyle,5,09:37.72
Male,17,1500m Freestyle,5,18:23.53
Male,17,50m Breaststroke,5,00:34.03
Male,17,100m Breaststroke,5,01:14.82
Male,17,200m Breaststroke,5,02:41.86
Male,17,50m Butterfly,5,00:29.22
Male,17,100m Butterfly,5,01:04.90
Male,17,200m Butterfly,5,02:24.45
Male,17,50m Backstroke,5,00:30.94
Male,17,100m Backstroke,5,01:06.75
Male,17,200m Backstroke,5,02:26.36
Male,17,200m Individual Medley,5,02:28.28
Male,17,400m Individual Medley,5,05:15.49
Male,17,50m Freestyle,4,00:27.78
Male,17,100m Freestyle,4,01:00.89
Male,17,200m Freestyle,4,02:13.46
Male,17,400m Freestyle,4,04:42.63
Male,17,800m Freestyle,4,09:44.97
Male,17,1500m Freestyle,4,18:37.39
Male,17,50m Breaststroke,4,00:34.46
Male,17,100m Breaststroke,4,01:15.76
Male,17,200m Breaststroke,4,02:43.89
Male,17,50m Butterfly,4,00:29.58
Male,17,100m Butterfly,4,01:05.72
Male,17,200m Butterfly,4,02:26.26
Male,17,50m Backstroke,4,00:31.33
Male,17,100m Backstroke,4,01:07.59
Male,17,200m Backstroke,4,02:28.20
Male,17,200m Individual Medley,4,02:30.14
Male,17,400m Individual Medley,4,05:19.45
Male,17,50m Freestyle,3,00:28.13
Male,17,100m Freestyle,3,01:01.64
Male,17,200m Freestyle,3,02:15.12
Male,17,400m Freestyle,3,04:46.14
Male,17,800m Freestyle,3,09:52.23
Male,17,1500m Freestyle,3,18:51.24
Male,17,50m Breaststroke,3,00:34.89
Male,17,100m Breaststroke,3,01:16.70
Male,17,200m Breaststroke,3,02:45.93
Male,17,50m Butterfly,3,00:29.95
Male,17,100m Butterfly,3,01:06.53
Male,17,200m Butterfly,3,02:28.08
Male,17,50m Backstroke,3,00:31.72
Male,17,100m Backstroke,3,01:08.43
Male,17,200m Backstroke,3,02:30.04
Male,17,200m Individual Medley,3,02:32.00
Male,17,400m Individual Medley,3,05:23.41
Male,17,50m Freestyle,2,00:28.47
Male,17,100m Freestyle,2,01:02.40
Male,17,200m Freestyle,2,02:16.77
Male,17,400m Freestyle,2,04:49.64
Male,17,800m Freestyle,2,09:59.48
Male,17,1500m Freestyle,2,19:05.09
Male,17,50m Breaststroke,2,00:35.32
Male,17,100m Breaststroke,2,01:17.64
Male,17,200m Breaststroke,2,02:47.96
Male,17,50m Butterfly,2,00:30.32
Male,17,100m Butterfly,2,01:07.34
Male,17,200m Butterfly,2,02:29.89
Male,17,50m Backstroke,2,00:32.10
Male,17,100m Backstroke,2,01:09.27
Male,17,200m Backstroke,2,02:31.88
Male,17,200m Individual Medley,2,02:33.86
Male,17,400m Individual Medley,2,05:27.37
Male,17,50m Freestyle,1,00:28.81
Male,17,100m Freestyle,1,01:03.15
Male,17,200m Freestyle,1,02:18.43
Male,17,400m Freestyle,1,04:53.14
Male,17,800m Freestyle,1,10:06.73
Male,17,1500m Freestyle,1,19:18.94
Male,17,50m Breaststroke,1,00:35.74
Male,17,100m Breaststroke,1,01:18.58
Male,17,200m Breaststroke,1,02:49.99
Male,17,50m Butterfly,1,00:30.68
Male,17,100m Butterfly,1,01:08.16
Male,17,200m Butterfly,1,02:31.70
Male,17,50m Backstroke,1,00:32.49
Male,17,100m Backstroke,1,01:10.10
Male,17,200m Backstroke,1,02:33.71
Male,17,200m Individual Medley,1,02:35.72
Male,17,400m Individual Medley,1,05:31.33
Male,18,50m Freestyle,20,00:21.94
Male,18,100m Freestyle,20,00:48.03
Male,18,200m Freestyle,20,01:45.76
Male,18,400m Freestyle,20,03:43.84
Male,18,800m Freestyle,20,07:45.20
Male,18,1500m Freestyle,20,14:51.36
Male,18,50m Breaststroke,20,00:27.17
Male,18,100m Breaststroke,20,00:59.95
Male,18,200m Breaststroke,20,02:09.92
Male,18,50m Butterfly,20,00:23.40
Male,18,100m Butterfly,20,00:51.50
Male,18,200m Butterfly,20,01:56.20
Male,18,50m Backstroke,20,00:24.75
Male,18,100m Backstroke,20,00:53.73
Male,18,200m Backstroke,20,01:57.43
Male,18,200m Individual Medley,20,01:58.22
Male,18,400m Individual Medley,20,04:13.31
Male,18,50m Freestyle,19,00:22.28
Male,18,100m Freestyle,19,00:48.78
Male,18,200m Freestyle,19,01:47.39
Male,18,400m Freestyle,19,03:47.30
Male,18,800m Freestyle,19,07:52.40
Male,18,1500m Freestyle,19,15:05.15
Male,18,50m Breaststroke,19,00:27.59
Male,18,100m Breaststroke,19,01:00.87
Male,18,200m Breaststroke,19,02:11.93
Male,18,50m Butterfly,19,00:23.76
Male,18,100m Butterfly,19,00:52.29
Male,18,200m Butterfly,19,01:57.99
Male,18,50m Backstroke,19,00:25.14
Male,18,100m Backstroke,19,00:54.56
Male,18,200m Backstroke,19,01:59.24
Male,18,200m Individual Medley,19,02:00.05
Male,18,400m Individual Medley,19,04:17.22
Male,18,50m Freestyle,18,00:22.62
Male,18,100m Freestyle,18,00:49.52
Male,18,200m Freestyle,18,01:49.03
Male,18,400m Freestyle,18,03:50.76
Male,18,800m Freestyle,18,07:59.59
Male,18,1500m Freestyle,18,15:18.93
Male,18,50m Breaststroke,18,00:28.01
Male,18,100m Breaststroke,18,01:01.80
Male,18,200m Breaststroke,18,02:13.94
Male,18,50m Butterfly,18,00:24.12
Male,18,100m Butterfly,18,00:53.09
Male,18,200m Butterfly,18,01:59.79
Male,18,50m Backstroke,18,00:25.52
Male,18,100m Backstroke,18,00:55.39
Male,18,200m Backstroke,18,02:01.06
Male,18,200m Individual Medley,18,02:01.88
Male,18,400m Individual Medley,18,04:21.14
Male,18,50m Freestyle,17,00:22.96
Male,18,100m Freestyle,17,00:50.26
Male,18,200m Freestyle,17,01:50.67
Male,18,400m Freestyle,17,03:54.22
Male,18,800m Freestyle,17,08:06.78
Male,18,1500m Freestyle,17,15:32.71
Male,18,50m Breaststroke,17,00:28.43
Male,18,100m Breaststroke,17,01:02.73
Male,18,200m Breaststroke,17,02:15.95
Male,18,50m Butterfly,17,00:24.48
Male,18,100m Butterfly,17,00:53.89
Male,18,200m Butterfly,17,02:01.59
Male,18,50m Backstroke,17,00:25.90
Male,18,100m Backstroke,17,00:56.22
Male,18,200m Backstroke,17,02:02.88
Male,18,200m Individual Medley,17,02:03.71
Male,18,400m Individual Medley,17,04:25.06
Male,18,50m Freestyle,16,00:23.30
Male,18,100m Freestyle,16,00:51.01
Male,18,200m Freestyle,16,01:52.30
Male,18,400m Freestyle,16,03:57.68
Male,18,800m Freestyle,16,08:13.98
Male,18,1500m Freestyle,16,15:46.50
Male,18,50m Breaststroke,16,00:28.85
Male,18,100m Breaststroke,16,01:03.65
Male,18,200m Breaststroke,16,02:17.96
Male,18,50m Butterfly,16,00:24.84
Male,18,100m Butterfly,16,00:54.68
Male,18,200m Butterfly,16,02:03.38
Male,18,50m Backstroke,16,00:26.29
Male,18,100m Backstroke,16,00:57.05
Male,18,200m Backstroke,16,02:04.69
Male,18,200m Individual Medley,16,02:05.54
Male,18,400m Individual Medley,16,04:28.97
Male,18,50m Freestyle,15,00:23.64
Male,18,100m Freestyle,15,00:51.75
Male,18,200m Freestyle,15,01:53.94
Male,18,400m Freestyle,15,04:01.14
Male,18,800m Freestyle,15,08:21.17
Male,18,1500m Freestyle,15,16:00.28
Male,18,50m Breaststroke,15,00:29.27
Male,18,100m Breaststroke,15,01:04.58
Male,18,200m Breaststroke,15,02:19.97
Male,18,50m Butterfly,15,00:25.21
Male,18,100m Butterfly,15,00:55.48
Male,18,200m Butterfly,15,02:05.18
Male,18,50m Backstroke,15,00:26.67
Male,18,100m Backstroke,15,00:57.88
Male,18,200m Backstroke,15,02:06.51
Male,18,200m Individual Medley,15,02:07.36
Male,18,400m Individual Medley,15,04:32.89
Male,18,50m Freestyle,14,00:23.98
Male,18,100m Freestyle,14,00:52.49
Male,18,200m Freestyle,14,01:55.57
Male,18,400m Freestyle,14,04:04.61
Male,18,800m Freestyle,14,08:28.37
Male,18,1500m Freestyle,14,16:14.07
Male,18,50m Breaststroke,14,00:29.69
Male,18,100m Breaststroke,14,01:05.51
Male,18,200m Breaststroke,14,02:21.98
Male,18,50m Butterfly,14,00:25.57
Male,18,100m Butterfly,14,00:56.28
Male,18,200m Butterfly,14,02:06.98
Male,18,50m Backstroke,14,00:27.05
Male,18,100m Backstroke,14,00:58.71
Male,18,200m Backstroke,14,02:08.32
Male,18,200m Individual Medley,14,02:09.19
Male,18,400m Individual Medley,14,04:36.81
Male,18,50m Freestyle,13,00:24.32
Male,18,100m Freestyle,13,00:53.23
Male,18,200m Freestyle,13,01:57.21
Male,18,400m Freestyle,13,04:08.07
Male,18,800m Freestyle,13,08:35.56
Male,18,1500m Freestyle,13,16:27.85
Male,18,50m Breaststroke,13,00:30.11
Male,18,100m Breaststroke,13,01:06.43
Male,18,200m Breaststroke,13,02:23.99
Male,18,50m Butterfly,13,00:25.93
Male,18,100m Butterfly,13,00:57.07
Male,18,200m Butterfly,13,02:08.77
Male,18,50m Backstroke,13,00:27.43
Male,18,100m Backstroke,13,00:59.54
Male,18,200m Backstroke,13,02:10.14
Male,18,200m Individual Medley,13,02:11.02
Male,18,400m Individual Medley,13,04:40.73
Male,18,50m Freestyle,12,00:24.66
Male,18,100m Freestyle,12,00:53.98
Male,18,200m Freestyle,12,01:58.84
Male,18,400m Freestyle,12,04:11.53
Male,18,800m Freestyle,12,08:42.75
Male,18,1500m Freestyle,12,16:41.63
Male,18,50m Breaststroke,12,00:30.53
Male,18,100m Breaststroke,12,01:07.36
Male,18,200m Breaststroke,12,02:25.99
Male,18,50m Butterfly,12,00:26.29
Male,18,100m Butterfly,12,00:57.87
Male,18,200m Butterfly,12,02:10.57
Male,18,50m Backstroke,12,00:27.82
Male,18,100m Backstroke,12,01:00.38
Male,18,200m Backstroke,12,02:11.96
Male,18,200m Individual Medley,12,02:12.85
Male,18,400m Individual Medley,12,04:44.64
Male,18,50m Freestyle,11,00:25.00
Male,18,100m Freestyle,11,00:54.72
Male,18,200m Freestyle,11,02:00.48
Male,18,400m Freestyle,11,04:14.99
Male,18,800m Freestyle,11,08:49.95
Male,18,1500m Freestyle,11,16:55.42
Male,18,50m Breaststroke,11,00:30.95
Male,18,100m Breaststroke,11,01:08.29
Male,18,200m Breaststroke,11,02:28.00
Male,18,50m Butterfly,11,00:26.65
Male,18,100m Butterfly,11,00:58.66
Male,18,200m Butterfly,11,02:12.37
Male,18,50m Backstroke,11,00:28.20
Male,18,100m Backstroke,11,01:01.21
Male,18,200m Backstroke,11,02:13.77
Male,18,200m Individual Medley,11,02:14.68
Male,18,400m Individual Medley,11,04:48.56
Male,18,50m Freestyle,10,00:25.33
Male,18,100m Freestyle,10,00:55.46
Male,18,200m Freestyle,10,02:02.11
Male,18,400m Freestyle,10,04:18.45
Male,18,800m Freestyle,10,08:57.14
Male,18,1500m Freestyle,10,17:09.20
Male,18,50m Breaststroke,10,00:31.37
Male,18,100m Breaststroke,10,01:09.22
Male,18,200m Breaststroke,10,02:30.01
Male,18,50m Butterfly,10,00:27.01
Male,18,100m Butterfly,10,00:59.46
Male,18,200m Butterfly,10,02:14.16
Male,18,50m Backstroke,10,00:28.58
Male,18,100m Backstroke,10,01:02.04
Male,18,200m Backstroke,10,02:15.59
Male,18,200m Individual Medley,10,02:16.51
Male,18,400m Individual Medley,10,04:52.48
Male,18,50m Freestyle,9,00:25.67
Male,18,100m Freestyle,9,00:56.21
Male,18,200m Freestyle,9,02:03.75
Male,18,400m Freestyle,9,04:21.91
Male,18,800m Freestyle,9,09:04.33
Male,18,1500m Freestyle,9,17:22.99
Male,18,50m Breaststroke,9,00:31.79
Male,18,100m Breaststroke,9,01:10.14
Male,18,200m Breaststroke,9,02:32.02
Male,18,50m Butterfly,9,00:27.38
Male,18,100m Butterfly,9,01:00.26
Male,18,200m Butterfly,9,02:15.96
Male,18,50m Backstroke,9,00:28.97
Male,18,100m Backstroke,9,01:02.87
Male,18,200m Backstroke,9,02:17.40
Male,18,200m Individual Medley,9,02:18.33
Male,18,400m Individual Medley,9,04:56.39
Male,18,50m Freestyle,8,00:26.01
Male,18,100m Freestyle,8,00:56.95
Male,18,200m Freestyle,8,02:05.38
Male,18,400m Freestyle,8,04:25.37
Male,18,800m Freestyle,8,09:11.53
Male,18,1500m Freestyle,8,17:36.77
Male,18,50m Breaststroke,8,00:32.21
Male,18,100m Breaststroke,8,01:11.07
Male,18,200m Breaststroke,8,02:34.03
Male,18,50m Butterfly,8,00:27.74
Male,18,100m Butterfly,8,01:01.05
Male,18,200m Butterfly,8,02:17.76
Male,18,50m Backstroke,8,00:29.35
Male,18,100m Backstroke,8,01:03.70
Male,18,200m Backstroke,8,02:19.22
Male,18,200m Individual Medley,8,02:20.16
Male,18,400m Individual Medley,8,05:00.31
Male,18,50m Freestyle,7,00:26.35
Male,18,100m Freestyle,7,00:57.69
Male,18,200m Freestyle,7,02:07.02
Male,18,400m Freestyle,7,04:28.84
Male,18,800m Freestyle,7,09:18.72
Male,18,1500m Freestyle,7,17:50.55
Male,18,50m Breaststroke,7,00:32.63
Male,18,100m Breaststroke,7,01:12.00
Male,18,200m Breaststroke,7,02:36.04
Male,18,50m Butterfly,7,00:28.10
Male,18,100m Butterfly,7,01:01.85
Male,18,200m Butterfly,7,02:19.56
Male,18,50m Backstroke,7,00:29.73
Male,18,100m Backstroke,7,01:04.53
Male,18,200m Backstroke,7,02:21.03
Male,18,200m Individual Medley,7,02:21.99
Male,18,400m Individual Medley,7,05:04.23
Male,18,50m Freestyle,6,00:26.69
Male,18,100m Freestyle,6,00:58.43
Male,18,200m Freestyle,6,02:08.66
Male,18,400m Freestyle,6,04:32.30
Male,18,800m Freestyle,6,09:25.92
Male,18,1500m Freestyle,6,18:04.34
Male,18,50m Breaststroke,6,00:33.05
Male,18,100m Breaststroke,6,01:12.92
Male,18,200m Breaststroke,6,02:38.05
Male,18,50m Butterfly,6,00:28.46
Male,18,100m Butterfly,6,01:02.65
Male,18,200m Butterfly,6,02:21.35
Male,18,50m Backstroke,6,00:30.11
Male,18,100m Backstroke,6,01:05.36
Male,18,200m Backstroke,6,02:22.85
Male,18,200m Individual Medley,6,02:23.82
Male,18,400m Individual Medley,6,05:08.15
Male,18,50m Freestyle,5,00:27.03
Male,18,100m Freestyle,5,00:59.18
Male,18,200m Freestyle,5,02:10.29
Male,18,400m Freestyle,5,04:35.76
Male,18,800m Freestyle,5,09:33.11
Male,18,1500m Freestyle,5,18:18.12
Male,18,50m Breaststroke,5,00:33.47
Male,18,100m Breaststroke,5,01:13.85
Male,18,200m Breaststroke,5,02:40.06
Male,18,50m Butterfly,5,00:28.82
Male,18,100m Butterfly,5,01:03.44
Male,18,200m Butterfly,5,02:23.15
Male,18,50m Backstroke,5,00:30.50
Male,18,100m Backstroke,5,01:06.19
Male,18,200m Backstroke,5,02:24.67
Male,18,200m Individual Medley,5,02:25.65
Male,18,400m Individual Medley,5,05:12.06
Male,18,50m Freestyle,4,00:27.37
Male,18,100m Freestyle,4,00:59.92
Male,18,200m Freestyle,4,02:11.93
Male,18,400m Freestyle,4,04:39.22
Male,18,800m Freestyle,4,09:40.30
Male,18,1500m Freestyle,4,18:31.91
Male,18,50m Breaststroke,4,00:33.89
Male,18,100m Breaststroke,4,01:14.78
Male,18,200m Breaststroke,4,02:42.07
Male,18,50m Butterfly,4,00:29.19
Male,18,100m Butterfly,4,01:04.24
Male,18,200m Butterfly,4,02:24.95
Male,18,50m Backstroke,4,00:30.88
Male,18,100m Backstroke,4,01:07.02
Male,18,200m Backstroke,4,02:26.48
Male,18,200m Individual Medley,4,02:27.47
Male,18,400m Individual Medley,4,05:15.98
Male,18,50m Freestyle,3,00:27.71
Male,18,100m Freestyle,3,01:00.66
Male,18,200m Freestyle,3,02:13.56
Male,18,400m Freestyle,3,04:42.68
Male,18,800m Freestyle,3,09:47.50
Male,18,1500m Freestyle,3,18:45.69
Male,18,50m Breaststroke,3,00:34.31
Male,18,100m Breaststroke,3,01:15.71
Male,18,200m Breaststroke,3,02:44.08
Male,18,50m Butterfly,3,00:29.55
Male,18,100m Butterfly,3,01:05.04
Male,18,200m Butterfly,3,02:26.74
Male,18,50m Backstroke,3,00:31.26
Male,18,100m Backstroke,3,01:07.85
Male,18,200m Backstroke,3,02:28.30
Male,18,200m Individual Medley,3,02:29.30
Male,18,400m Individual Medley,3,05:19.90
Male,18,50m Freestyle,2,00:28.05
Male,18,100m Freestyle,2,01:01.40
Male,18,200m Freestyle,2,02:15.20
Male,18,400m Freestyle,2,04:46.14
Male,18,800m Freestyle,2,09:54.69
Male,18,1500m Freestyle,2,18:59.47
Male,18,50m Breaststroke,2,00:34.73
Male,18,100m Breaststroke,2,01:16.63
Male,18,200m Breaststroke,2,02:46.09
Male,18,50m Butterfly,2,00:29.91
Male,18,100m Butterfly,2,01:05.83
Male,18,200m Butterfly,2,02:28.54
Male,18,50m Backstroke,2,00:31.64
Male,18,100m Backstroke,2,01:08.68
Male,18,200m Backstroke,2,02:30.11
Male,18,200m Individual Medley,2,02:31.13
Male,18,400m Individual Medley,2,05:23.81
Male,18,50m Freestyle,1,00:28.39
Male,18,100m Freestyle,1,01:02.15
Male,18,200m Freestyle,1,02:16.83
Male,18,400m Freestyle,1,04:49.60
Male,18,800m Freestyle,1,10:01.89
Male,18,1500m Freestyle,1,19:13.26
Male,18,50m Breaststroke,1,00:35.15
Male,18,100m Breaststroke,1,01:17.56
Male,18,200m Breaststroke,1,02:48.09
Male,18,50m Butterfly,1,00:30.27
Male,18,100m Butterfly,1,01:06.63
Male,18,200m Butterfly,1,02:30.34
Male,18,50m Backstroke,1,00:32.03
Male,18,100m Backstroke,1,01:09.51
Male,18,200m Backstroke,1,02:31.93
Male,18,200m Individual Medley,1,02:32.96
Male,18,400m Individual Medley,1,05:27.73
Male,Unknown,50m Freestyle,20,00:21.39
Male,Unknown,100m Freestyle,20,00:46.90
Male,Unknown,200m Freestyle,20,01:42.94
Male,Unknown,400m Freestyle,20,03:37.70
Male,Unknown,800m Freestyle,20,07:33.36
Male,Unknown,1500m Freestyle,20,14:24.80
Male,Unknown,50m Breaststroke,20,00:26.24
Male,Unknown,100m Breaststroke,20,00:57.71
Male,Unknown,200m Breaststroke,20,02:06.65
Male,Unknown,50m Butterfly,20,00:22.67
Male,Unknown,100m Butterfly,20,00:50.15
Male,Unknown,200m Butterfly,20,01:53.32
Male,Unknown,50m Backstroke,20,00:24.14
Male,Unknown,100m Backstroke,20,00:52.15
Male,Unknown,200m Backstroke,20,01:53.91
Male,Unknown,200m Individual Medley,20,01:55.49
Male,Unknown,400m Individual Medley,20,04:07.68
Male,Unknown,50m Freestyle,19,00:21.72
Male,Unknown,100m Freestyle,19,00:47.62
Male,Unknown,200m Freestyle,19,01:44.53
Male,Unknown,400m Freestyle,19,03:41.06
Male,Unknown,800m Freestyle,19,07:40.37
Male,Unknown,1500m Freestyle,19,14:38.18
Male,Unknown,50m Breaststroke,19,00:26.64
Male,Unknown,100m Breaststroke,19,00:58.60
Male,Unknown,200m Breaststroke,19,02:08.61
Male,Unknown,50m Butterfly,19,00:23.02
Male,Unknown,100m Butterfly,19,00:50.92
Male,Unknown,200m Butterfly,19,01:55.07
Male,Unknown,50m Backstroke,19,00:24.52
Male,Unknown,100m Backstroke,19,00:52.95
Male,Unknown,200m Backstroke,19,01:55.67
Male,Unknown,200m Individual Medley,19,01:57.27
Male,Unknown,400m Individual Medley,19,04:11.51
Male,Unknown,50m Freestyle,18,00:22.05
Male,Unknown,100m Freestyle,18,00:48.35
Male,Unknown,200m Freestyle,18,01:46.12
Male,Unknown,400m Freestyle,18,03:44.43
Male,Unknown,800m Freestyle,18,07:47.38
Male,Unknown,1500m Freestyle,18,14:51.55
Male,Unknown,50m Breaststroke,18,00:27.05
Male,Unknown,100m Breaststroke,18,00:59.49
Male,Unknown,200m Breaststroke,18,02:10.57
Male,Unknown,50m Butterfly,18,00:23.37
Male,Unknown,100m Butterfly,18,00:51.70
Male,Unknown,200m Butterfly,18,01:56.82
Male,Unknown,50m Backstroke,18,00:24.89
Male,Unknown,100m Backstroke,18,00:53.76
Male,Unknown,200m Backstroke,18,01:57.43
Male,Unknown,200m Individual Medley,18,01:59.06
Male,Unknown,400m Individual Medley,18,04:15.34
Male,Unknown,50m Freestyle,17,00:22.38
Male,Unknown,100m Freestyle,17,00:49.08
Male,Unknown,200m Freestyle,17,01:47.71
Male,Unknown,400m Freestyle,17,03:47.80
Male,Unknown,800m Freestyle,17,07:54.39
Male,Unknown,1500m Freestyle,17,15:04.92
Male,Unknown,50m Breaststroke,17,00:27.46
Male,Unknown,100m Breaststroke,17,01:00.38
Male,Unknown,200m Breaststroke,17,02:12.53
Male,Unknown,50m Butterfly,17,00:23.72
Male,Unknown,100m Butterfly,17,00:52.48
Male,Unknown,200m Butterfly,17,01:58.57
Male,Unknown,50m Backstroke,17,00:25.26
Male,Unknown,100m Backstroke,17,00:54.57
Male,Unknown,200m Backstroke,17,01:59.19
Male,Unknown,200m Individual Medley,17,02:00.85
Male,Unknown,400m Individual Medley,17,04:19.17
Male,Unknown,50m Freestyle,16,00:22.71
Male,Unknown,100m Freestyle,16,00:49.80
Male,Unknown,200m Freestyle,16,01:49.30
Male,Unknown,400m Freestyle,16,03:51.16
Male,Unknown,800m Freestyle,16,08:01.40
Male,Unknown,1500m Freestyle,16,15:18.30
Male,Unknown,50m Breaststroke,16,00:27.86
Male,Unknown,100m Breaststroke,16,01:01.27
Male,Unknown,200m Breaststroke,16,02:14.49
Male,Unknown,50m Butterfly,16,00:24.07
Male,Unknown,100m Butterfly,16,00:53.25
Male,Unknown,200m Butterfly,16,02:00.32
Male,Unknown,50m Backstroke,16,00:25.64
Male,Unknown,100m Backstroke,16,00:55.37
Male,Unknown,200m Backstroke,16,02:00.95
Male,Unknown,200m Individual Medley,16,02:02.63
Male,Unknown,400m Individual Medley,16,04:23.00
Male,Unknown,50m Freestyle,15,00:23.04
Male,Unknown,100m Freestyle,15,00:50.53
Male,Unknown,200m Freestyle,15,01:50.90
Male,Unknown,400m Freestyle,15,03:54.53
Male,Unknown,800m Freestyle,15,08:08.41
Male,Unknown,1500m Freestyle,15,15:31.67
Male,Unknown,50m Breaststroke,15,00:28.27
Male,Unknown,100m Breaststroke,15,01:02.17
Male,Unknown,200m Breaststroke,15,02:16.45
Male,Unknown,50m Butterfly,15,00:24.42
Male,Unknown,100m Butterfly,15,00:54.03
Male,Unknown,200m Butterfly,15,02:02.08
Male,Unknown,50m Backstroke,15,00:26.01
Male,Unknown,100m Backstroke,15,00:56.18
Male,Unknown,200m Backstroke,15,02:02.71
Male,Unknown,200m Individual Medley,15,02:04.42
Male,Unknown,400m Individual Medley,15,04:26.83
Male,Unknown,50m Freestyle,14,00:23.37
Male,Unknown,100m Freestyle,14,00:51.25
Male,Unknown,200m Freestyle,14,01:52.49
Male,Unknown,400m Freestyle,14,03:57.90
Male,Unknown,800m Freestyle,14,08:15.42
Male,Unknown,1500m Freestyle,14,15:45.04
Male,Unknown,50m Breaststroke,14,00:28.67
Male,Unknown,100m Breaststroke,14,01:03.06
Male,Unknown,200m Breaststroke,14,02:18.40
Male,Unknown,50m Butterfly,14,00:24.77
Male,Unknown,100m Butterfly,14,00:54.80
Male,Unknown,200m Butterfly,14,02:03.83
Male,Unknown,50m Backstroke,14,00:26.38
Male,Unknown,100m Backstroke,14,00:56.99
Male,Unknown,200m Backstroke,14,02:04.48
Male,Unknown,200m Individual Medley,14,02:06.20
Male,Unknown,400m Individual Medley,14,04:30.66
Male,Unknown,50m Freestyle,13,00:23.70
Male,Unknown,100m Freestyle,13,00:51.98
Male,Unknown,200m Freestyle,13,01:54.08
Male,Unknown,400m Freestyle,13,04:01.26
Male,Unknown,800m Freestyle,13,08:22.43
Male,Unknown,1500m Freestyle,13,15:58.42
Male,Unknown,50m Breaststroke,13,00:29.08
Male,Unknown,100m Breaststroke,13,01:03.95
Male,Unknown,200m Breaststroke,13,02:20.36
Male,Unknown,50m Butterfly,13,00:25.12
Male,Unknown,100m Butterfly,13,00:55.58
Male,Unknown,200m Butterfly,13,02:05.58
Male,Unknown,50m Backstroke,13,00:26.76
Male,Unknown,100m Backstroke,13,00:57.79
Male,Unknown,200m Backstroke,13,02:06.24
Male,Unknown,200m Individual Medley,13,02:07.99
Male,Unknown,400m Individual Medley,13,04:34.49
Male,Unknown,50m Freestyle,12,00:24.03
Male,Unknown,100m Freestyle,12,00:52.70
Male,Unknown,200m Freestyle,12,01:55.67
Male,Unknown,400m Freestyle,12,04:04.63
Male,Unknown,800m Freestyle,12,08:29.44
Male,Unknown,1500m Freestyle,12,16:11.79
Male,Unknown,50m Breaststroke,12,00:29.48
Male,Unknown,100m Breaststroke,12,01:04.84
Male,Unknown,200m Breaststroke,12,02:22.32
Male,Unknown,50m Butterfly,12,00:25.47
Male,Unknown,100m Butterfly,12,00:56.35
Male,Unknown,200m Butterfly,12,02:07.33
Male,Unknown,50m Backstroke,12,00:27.13
Male,Unknown,100m Backstroke,12,00:58.60
Male,Unknown,200m Backstroke,12,02:08.00
Male,Unknown,200m Individual Medley,12,02:09.78
Male,Unknown,400m Individual Medley,12,04:38.32
Male,Unknown,50m Freestyle,11,00:24.37
Male,Unknown,100m Freestyle,11,00:53.43
Male,Unknown,200m Freestyle,11,01:57.26
Male,Unknown,400m Freestyle,11,04:08.00
Male,Unknown,800m Freestyle,11,08:36.45
Male,Unknown,1500m Freestyle,11,16:25.16
Male,Unknown,50m Breaststroke,11,00:29.89
Male,Unknown,100m Breaststroke,11,01:05.74
Male,Unknown,200m Breaststroke,11,02:24.28
Male,Unknown,50m Butterfly,11,00:25.82
Male,Unknown,100m Butterfly,11,00:57.13
Male,Unknown,200m Butterfly,11,02:09.09
Male,Unknown,50m Backstroke,11,00:27.50
Male,Unknown,100m Backstroke,11,00:59.40
Male,Unknown,200m Backstroke,11,02:09.76
Male,Unknown,200m Individual Medley,11,02:11.56
Male,Unknown,400m Individual Medley,11,04:42.15
Male,Unknown,50m Freestyle,10,00:24.70
Male,Unknown,100m Freestyle,10,00:54.15
Male,Unknown,200m Freestyle,10,01:58.85
Male,Unknown,400m Freestyle,10,04:11.36
Male,Unknown,800m Freestyle,10,08:43.47
Male,Unknown,1500m Freestyle,10,16:38.54
Male,Unknown,50m Breaststroke,10,00:30.30
Male,Unknown,100m Breaststroke,10,01:06.63
Male,Unknown,200m Breaststroke,10,02:26.24
Male,Unknown,50m Butterfly,10,00:26.17
Male,Unknown,100m Butterfly,10,00:57.90
Male,Unknown,200m Butterfly,10,02:10.84
Male,Unknown,50m Backstroke,10,00:27.88
Male,Unknown,100m Backstroke,10,01:00.21
Male,Unknown,200m Backstroke,10,02:11.52
Male,Unknown,200m Individual Medley,10,02:13.35
Male,Unknown,400m Individual Medley,10,04:45.98
Male,Unknown,50m Freestyle,9,00:25.03
Male,Unknown,100m Freestyle,9,00:54.88
Male,Unknown,200m Freestyle,9,02:00.45
Male,Unknown,400m Freestyle,9,04:14.73
Male,Unknown,800m Freestyle,9,08:50.48
Male,Unknown,1500m Freestyle,9,16:51.91
Male,Unknown,50m Breaststroke,9,00:30.70
Male,Unknown,100m Breaststroke,9,01:07.52
Male,Unknown,200m Breaststroke,9,02:28.20
Male,Unknown,50m Butterfly,9,00:26.52
Male,Unknown,100m Butterfly,9,00:58.68
Male,Unknown,200m Butterfly,9,02:12.59
Male,Unknown,50m Backstroke,9,00:28.25
Male,Unknown,100m Backstroke,9,01:01.02
Male,Unknown,200m Backstroke,9,02:13.28
Male,Unknown,200m Individual Medley,9,02:15.13
Male,Unknown,400m Individual Medley,9,04:49.81
Male,Unknown,50m Freestyle,8,00:25.36
Male,Unknown,100m Freestyle,8,00:55.60
Male,Unknown,200m Freestyle,8,02:02.04
Male,Unknown,400m Freestyle,8,04:18.09
Male,Unknown,800m Freestyle,8,08:57.49
Male,Unknown,1500m Freestyle,8,17:05.28
Male,Unknown,50m Breaststroke,8,00:31.11
Male,Unknown,100m Breaststroke,8,01:08.41
Male,Unknown,200m Breaststroke,8,02:30.16
Male,Unknown,50m Butterfly,8,00:26.88
Male,Unknown,100m Butterfly,8,00:59.46
Male,Unknown,200m Butterfly,8,02:14.34
Male,Unknown,50m Backstroke,8,00:28.62
Male,Unknown,100m Backstroke,8,01:01.82
Male,Unknown,200m Backstroke,8,02:15.04
Male,Unknown,200m Individual Medley,8,02:16.92
Male,Unknown,400m Individual Medley,8,04:53.64
Male,Unknown,50m Freestyle,7,00:25.69
Male,Unknown,100m Freestyle,7,00:56.33
Male,Unknown,200m Freestyle,7,02:03.63
Male,Unknown,400m Freestyle,7,04:21.46
Male,Unknown,800m Freestyle,7,09:04.50
Male,Unknown,1500m Freestyle,7,17:18.66
Male,Unknown,50m Breaststroke,7,00:31.51
Male,Unknown,100m Breaststroke,7,01:09.31
Male,Unknown,200m Breaststroke,7,02:32.11
Male,Unknown,50m Butterfly,7,00:27.23
Male,Unknown,100m Butterfly,7,01:00.23
Male,Unknown,200m Butterfly,7,02:16.10
Male,Unknown,50m Backstroke,7,00:29.00
Male,Unknown,100m Backstroke,7,01:02.63
Male,Unknown,200m Backstroke,7,02:16.81
Male,Unknown,200m Individual Medley,7,02:18.70
Male,Unknown,400m Individual Medley,7,04:57.47
Male,Unknown,50m Freestyle,6,00:26.02
Male,Unknown,100m Freestyle,6,00:57.05
Male,Unknown,200m Freestyle,6,02:05.22
Male,Unknown,400m Freestyle,6,04:24.83
Male,Unknown,800m Freestyle,6,09:11.51
Male,Unknown,1500m Freestyle,6,17:32.03
Male,Unknown,50m Breaststroke,6,00:31.92
Male,Unknown,100m Breaststroke,6,01:10.20
Male,Unknown,200m Breaststroke,6,02:34.07
Male,Unknown,50m Butterfly,6,00:27.58
Male,Unknown,100m Butterfly,6,01:01.01
Male,Unknown,200m Butterfly,6,02:17.85
Male,Unknown,50m Backstroke,6,00:29.37
Male,Unknown,100m Backstroke,6,01:03.44
Male,Unknown,200m Backstroke,6,02:18.57
Male,Unknown,200m Individual Medley,6,02:20.49
Male,Unknown,400m Individual Medley,6,05:01.30
Male,Unknown,50m Freestyle,5,00:26.35
Male,Unknown,100m Freestyle,5,00:57.78
Male,Unknown,200m Freestyle,5,02:06.81
Male,Unknown,400m Freestyle,5,04:28.19
Male,Unknown,800m Freestyle,5,09:18.52
Male,Unknown,1500m Freestyle,5,17:45.40
Male,Unknown,50m Breaststroke,5,00:32.32
Male,Unknown,100m Breaststroke,5,01:11.09
Male,Unknown,200m Breaststroke,5,02:36.03
Male,Unknown,50m Butterfly,5,00:27.93
Male,Unknown,100m Butterfly,5,01:01.78
Male,Unknown,200m Butterfly,5,02:19.60
Male,Unknown,50m Backstroke,5,00:29.74
Male,Unknown,100m Backstroke,5,01:04.24
Male,Unknown,200m Backstroke,5,02:20.33
Male,Unknown,200m Individual Medley,5,02:22.28
Male,Unknown,400m Individual Medley,5,05:05.13
Male,Unknown,50m Freestyle,4,00:26.68
Male,Unknown,100m Freestyle,4,00:58.50
Male,Unknown,200m Freestyle,4,02:08.41
Male,Unknown,400m Freestyle,4,04:31.56
Male,Unknown,800m Freestyle,4,09:25.53
Male,Unknown,1500m Freestyle,4,17:58.78
Male,Unknown,50m Breaststroke,4,00:32.73
Male,Unknown,100m Breaststroke,4,01:11.98
Male,Unknown,200m Breaststroke,4,02:37.99
Male,Unknown,50m Butterfly,4,00:28.28
Male,Unknown,100m Butterfly,4,01:02.56
Male,Unknown,200m Butterfly,4,02:21.35
Male,Unknown,50m Backstroke,4,00:30.12
Male,Unknown,100m Backstroke,4,01:05.05
Male,Unknown,200m Backstroke,4,02:22.09
Male,Unknown,200m Individual Medley,4,02:24.06
Male,Unknown,400m Individual Medley,4,05:08.96
Male,Unknown,50m Freestyle,3,00:27.01
Male,Unknown,100m Freestyle,3,00:59.23
Male,Unknown,200m Freestyle,3,02:10.00
Male,Unknown,400m Freestyle,3,04:34.93
Male,Unknown,800m Freestyle,3,09:32.54
Male,Unknown,1500m Freestyle,3,18:12.15
Male,Unknown,50m Breaststroke,3,00:33.14
Male,Unknown,100m Breaststroke,3,01:12.88
Male,Unknown,200m Breaststroke,3,02:39.95
Male,Unknown,50m Butterfly,3,00:28.63
Male,Unknown,100m Butterfly,3,01:03.33
Male,Unknown,200m Butterfly,3,02:23.10
Male,Unknown,50m Backstroke,3,00:30.49
Male,Unknown,100m Backstroke,3,01:05.86
Male,Unknown,200m Backstroke,3,02:23.85
Male,Unknown,200m Individual Medley,3,02:25.85
Male,Unknown,400m Individual Medley,3,05:12.79
Male,Unknown,50m Freestyle,2,00:27.34
Male,Unknown,100m Freestyle,2,00:59.95
Male,Unknown,200m Freestyle,2,02:11.59
Male,Unknown,400m Freestyle,2,04:38.29
Male,Unknown,800m Freestyle,2,09:39.55
Male,Unknown,1500m Freestyle,2,18:25.52
Male,Unknown,50m Breaststroke,2,00:33.54
Male,Unknown,100m Breaststroke,2,01:13.77
Male,Unknown,200m Breaststroke,2,02:41.91
Male,Unknown,50m Butterfly,2,00:28.98
Male,Unknown,100m Butterfly,2,01:04.11
Male,Unknown,200m Butterfly,2,02:24.86
Male,Unknown,50m Backstroke,2,00:30.86
Male,Unknown,100m Backstroke,2,01:06.66
Male,Unknown,200m Backstroke,2,02:25.61
Male,Unknown,200m Individual Medley,2,02:27.63
Male,Unknown,400m Individual Medley,2,05:16.62
Male,Unknown,50m Freestyle,1,00:27.67
Male,Unknown,100m Freestyle,1,01:00.68
Male,Unknown,200m Freestyle,1,02:13.18
Male,Unknown,400m Freestyle,1,04:41.66
Male,Unknown,800m Freestyle,1,09:46.56
Male,Unknown,1500m Freestyle,1,18:38.90
Male,Unknown,50m Breaststroke,1,00:33.95
Male,Unknown,100m Breaststroke,1,01:14.66
Male,Unknown,200m Breaststroke,1,02:43.87
Male,Unknown,50m Butterfly,1,00:29.33
Male,Unknown,100m Butterfly,1,01:04.88
Male,Unknown,200m Butterfly,1,02:26.61
Male,Unknown,50m Backstroke,1,00:31.24
Male,Unknown,100m Backstroke,1,01:07.47
Male,Unknown,200m Backstroke,1,02:27.37
Male,Unknown,200m Individual Medley,1,02:29.42
Male,Unknown,400m Individual Medley,1,05:20.45
Female,8,50m Freestyle,20,00:35.12
Female,8,100m Freestyle,20,01:18.79
Female,8,200m Freestyle,20,02:57.13
Female,8,400m Freestyle,20,05:58.90
Female,8,800m Freestyle,20,12:47.27
Female,8,1500m Freestyle,20,24:44.10
Female,8,50m Butterfly,20,00:39.88
Female,8,100m Butterfly,20,01:42.82
Female,8,200m Butterfly,20,03:52.80
Female,8,50m Backstroke,20,00:40.50
Female,8,100m Backstroke,20,01:30.21
Female,8,200m Backstroke,20,03:12.47
Female,8,200m Individual Medley,20,03:21.81
Female,8,400m Individual Medley,20,07:16.50
Female,8,50m Freestyle,19,00:35.67
Female,8,100m Freestyle,19,01:20.01
Female,8,200m Freestyle,19,02:59.87
Female,8,400m Freestyle,19,06:04.45
Female,8,800m Freestyle,19,12:59.14
Female,8,1500m Freestyle,19,25:07.05
Female,8,50m Butterfly,19,00:40.49
Female,8,100m Butterfly,19,01:44.41
Female,8,200m Butterfly,19,03:56.40
Female,8,50m Backstroke,19,00:41.12
Female,8,100m Backstroke,19,01:31.60
Female,8,200m Backstroke,19,03:15.44
Female,8,200m Individual Medley,19,03:24.93
Female,8,400m Individual Medley,19,07:23.25
Female,8,50m Freestyle,18,00:36.21
Female,8,100m Freestyle,18,01:21.23
Female,8,200m Freestyle,18,03:02.61
Female,8,400m Freestyle,18,06:10.00
Female,8,800m Freestyle,18,13:11.00
Female,8,1500m Freestyle,18,25:30.00
Female,8,50m Breaststroke,18,00:45.81
Female,8,100m Breaststroke,18,01:42.88
Female,8,50m Butterfly,18,00:41.11
Female,8,100m Butterfly,18,01:46.00
Female,8,200m Butterfly,18,04:00.00
Female,8,50m Backstroke,18,00:41.75
Female,8,100m Backstroke,18,01:33.00
Female,8,200m Backstroke,18,03:18.42
Female,8,200m Individual Medley,18,03:28.05
Female,8,400m Individual Medley,18,07:30.00
Female,8,50m Freestyle,17,00:36.75
Female,8,100m Freestyle,17,01:22.45
Female,8,200m Freestyle,17,03:05.35
Female,8,400m Freestyle,17,06:15.55
Female,8,800m Freestyle,17,13:22.86
Female,8,1500m Freestyle,17,25:52.95
Female,8,50m Butterfly,17,00:41.73
Female,8,100m Butterfly,17,01:47.59
Female,8,200m Butterfly,17,04:03.60
Female,8,50m Backstroke,17,00:42.38
Female,8,100m Backstroke,17,01:34.39
Female,8,200m Backstroke,17,03:21.40
Female,8,200m Individual Medley,17,03:31.17
Female,8,400m Individual Medley,17,07:36.75
Female,8,50m Freestyle,16,00:37.30
Female,8,100m Freestyle,16,01:23.67
Female,8,200m Freestyle,16,03:08.09
Female,8,400m Freestyle,16,06:21.10
Female,8,800m Freestyle,16,13:34.73
Female,8,1500m Freestyle,16,26:15.90
Female,8,50m Butterfly,16,00:42.34
Female,8,100m Butterfly,16,01:49.18
Female,8,200m Butterfly,16,04:07.20
Female,8,50m Backstroke,16,00:43.00
Female,8,100m Backstroke,16,01:35.79
Female,8,200m Backstroke,16,03:24.37
Female,8,200m Individual Medley,16,03:34.29
Female,8,400m Individual Medley,16,07:43.50
Female,8,50m Freestyle,15,00:37.84
Female,8,100m Freestyle,15,01:24.89
Female,8,200m Freestyle,15,03:10.83
Female,8,400m Freestyle,15,06:26.65
Female,8,800m Freestyle,15,13:46.60
Female,8,1500m Freestyle,15,26:38.85
Female,8,50m Butterfly,15,00:42.96
Female,8,100m Butterfly,15,01:50.77
Female,8,200m Butterfly,15,04:10.80
Female,8,50m Backstroke,15,00:43.63
Female,8,100m Backstroke,15,01:37.18
Female,8,200m Backstroke,15,03:27.35
Female,8,200m Individual Medley,15,03:37.41
Female,8,400m Individual Medley,15,07:50.25
Female,8,50m Freestyle,14,00:38.38
Female,8,100m Freestyle,14,01:26.10
Female,8,200m Freestyle,14,03:13.57
Female,8,400m Freestyle,14,06:32.20
Female,8,800m Freestyle,14,13:58.46
Female,8,1500m Freestyle,14,27:01.80
Female,8,50m Butterfly,14,00:43.58
Female,8,100m Butterfly,14,01:52.36
Female,8,200m Butterfly,14,04:14.40
Female,8,50m Backstroke,14,00:44.26
Female,8,100m Backstroke,14,01:38.58
Female,8,200m Backstroke,14,03:30.33
Female,8,200m Individual Medley,14,03:40.53
Female,8,400m Individual Medley,14,07:57.00
Female,8,50m Freestyle,13,00:38.93
Female,8,100m Freestyle,13,01:27.32
Female,8,200m Freestyle,13,03:16.31
Female,8,400m Freestyle,13,06:37.75
Female,8,800m Freestyle,13,14:10.33
Female,8,1500m Freestyle,13,27:24.75
Female,8,50m Butterfly,13,00:44.19
Female,8,100m Butterfly,13,01:53.95
Female,8,200m Butterfly,13,04:18.00
Female,8,50m Backstroke,13,00:44.88
Female,8,100m Backstroke,13,01:39.97
Female,8,200m Backstroke,13,03:33.30
Female,8,200m Individual Medley,13,03:43.65
Female,8,400m Individual Medley,13,08:03.75
Female,8,50m Freestyle,12,00:39.47
Female,8,100m Freestyle,12,01:28.54
Female,8,200m Freestyle,12,03:19.04
Female,8,400m Freestyle,12,06:43.30
Female,8,800m Freestyle,12,14:22.19
Female,8,1500m Freestyle,12,27:47.70
Female,8,50m Butterfly,12,00:44.81
Female,8,100m Butterfly,12,01:55.54
Female,8,200m Butterfly,12,04:21.60
Female,8,50m Backstroke,12,00:45.51
Female,8,100m Backstroke,12,01:41.37
Female,8,200m Backstroke,12,03:36.28
Female,8,200m Individual Medley,12,03:46.77
Female,8,400m Individual Medley,12,08:10.50
Female,8,50m Freestyle,11,00:40.01
Female,8,100m Freestyle,11,01:29.76
Female,8,200m Freestyle,11,03:21.78
Female,8,400m Freestyle,11,06:48.85
Female,8,800m Freestyle,11,14:34.06
Female,8,1500m Freestyle,11,28:10.65
Female,8,50m Butterfly,11,00:45.43
Female,8,100m Butterfly,11,01:57.13
Female,8,200m Butterfly,11,04:25.20
Female,8,50m Backstroke,11,00:46.13
Female,8,100m Backstroke,11,01:42.76
Female,8,200m Backstroke,11,03:39.25
Female,8,200m Individual Medley,11,03:49.90
Female,8,400m Individual Medley,11,08:17.25
Female,8,50m Freestyle,10,00:40.56
Female,8,100m Freestyle,10,01:30.98
Female,8,200m Freestyle,10,03:24.52
Female,8,400m Freestyle,10,06:54.40
Female,8,800m Freestyle,10,14:45.92
Female,8,1500m Freestyle,10,28:33.60
Female,8,50m Butterfly,10,00:46.04
Female,8,100m Butterfly,10,01:58.72
Female,8,200m Butterfly,10,04:28.80
Female,8,50m Backstroke,10,00:46.76
Female,8,100m Backstroke,10,01:44.16
Female,8,200m Backstroke,10,03:42.23
Female,8,200m Individual Medley,10,03:53.02
Female,8,400m Individual Medley,10,08:24.00
Female,8,50m Freestyle,9,00:41.10
Female,8,100m Freestyle,9,01:32.20
Female,8,200m Freestyle,9,03:27.26
Female,8,400m Freestyle,9,06:59.95
Female,8,800m Freestyle,9,14:57.79
Female,8,1500m Freestyle,9,28:56.55
Female,8,50m Butterfly,9,00:46.66
Female,8,100m Butterfly,9,02:00.31
Female,8,200m Butterfly,9,04:32.40
Female,8,50m Backstroke,9,00:47.39
Female,8,100m Backstroke,9,01:45.55
Female,8,200m Backstroke,9,03:45.21
Female,8,200m Individual Medley,9,03:56.14
Female,8,400m Individual Medley,9,08:30.75
Female,8,50m Freestyle,8,00:41.64
Female,8,100m Freestyle,8,01:33.41
Female,8,200m Freestyle,8,03:30.00
Female,8,400m Freestyle,8,07:05.50
Female,8,800m Freestyle,8,15:09.65
Female,8,1500m Freestyle,8,29:19.50
Female,8,50m Butterfly,8,00:47.28
Female,8,100m Butterfly,8,02:01.90
Female,8,200m Butterfly,8,04:36.00
Female,8,50m Backstroke,8,00:48.01
Female,8,100m Backstroke,8,01:46.95
Female,8,200m Backstroke,8,03:48.18
Female,8,200m Individual Medley,8,03:59.26
Female,8,400m Individual Medley,8,08:37.50
Female,8,50m Freestyle,7,00:42.18
Female,8,100m Freestyle,7,01:34.63
Female,8,200m Freestyle,7,03:32.74
Female,8,400m Freestyle,7,07:11.05
Female,8,800m Freestyle,7,15:21.52
Female,8,1500m Freestyle,7,29:42.45
Female,8,50m Butterfly,7,00:47.89
Female,8,100m Butterfly,7,02:03.49
Female,8,200m Butterfly,7,04:39.60
Female,8,50m Backstroke,7,00:48.64
Female,8,100m Backstroke,7,01:48.34
Female,8,200m Backstroke,7,03:51.16
Female,8,200m Individual Medley,7,04:02.38
Female,8,400m Individual Medley,7,08:44.25
Female,8,50m Freestyle,6,00:42.73
Female,8,100m Freestyle,6,01:35.85
Female,8,200m Freestyle,6,03:35.48
Female,8,400m Freestyle,6,07:16.60
Female,8,800m Freestyle,6,15:33.38
Female,8,1500m Freestyle,6,30:05.40
Female,8,50m Butterfly,6,00:48.51
Female,8,100m Butterfly,6,02:05.08
Female,8,200m Butterfly,6,04:43.20
Female,8,50m Backstroke,6,00:49.26
Female,8,100m Backstroke,6,01:49.74
Female,8,200m Backstroke,6,03:54.14
Female,8,200m Individual Medley,6,04:05.50
Female,8,400m Individual Medley,6,08:51.00
Female,8,50m Freestyle,5,00:43.27
Female,8,100m Freestyle,5,01:37.07
Female,8,200m Freestyle,5,03:38.22
Female,8,400m Freestyle,5,07:22.15
Female,8,800m Freestyle,5,15:45.25
Female,8,1500m Freestyle,5,30:28.35
Female,8,50m Butterfly,5,00:49.13
Female,8,100m Butterfly,5,02:06.67
Female,8,200m Butterfly,5,04:46.80
Female,8,50m Backstroke,5,00:49.89
Female,8,100m Backstroke,5,01:51.14
Female,8,200m Backstroke,5,03:57.11
Female,8,200m Individual Medley,5,04:08.62
Female,8,400m Individual Medley,5,08:57.75
Female,8,50m Freestyle,4,00:43.81
Female,8,100m Freestyle,4,01:38.29
Female,8,200m Freestyle,4,03:40.96
Female,8,400m Freestyle,4,07:27.70
Female,8,800m Freestyle,4,15:57.11
Female,8,1500m Freestyle,4,30:51.30
Female,8,50m Butterfly,4,00:49.74
Female,8,100m Butterfly,4,02:08.26
Female,8,200m Butterfly,4,04:50.40
Female,8,50m Backstroke,4,00:50.52
Female,8,100m Backstroke,4,01:52.53
Female,8,200m Backstroke,4,04:00.09
Female,8,200m Individual Medley,4,04:11.74
Female,8,400m Individual Medley,4,09:04.50
Female,8,50m Freestyle,3,00:44.36
Female,8,100m Freestyle,3,01:39.51
Female,8,200m Freestyle,3,03:43.70
Female,8,400m Freestyle,3,07:33.25
Female,8,800m Freestyle,3,16:08.98
Female,8,1500m Freestyle,3,31:14.25
Female,8,50m Butterfly,3,00:50.36
Female,8,100m Butterfly,3,02:09.85
Female,8,200m Butterfly,3,04:54.00
Female,8,50m Backstroke,3,00:51.14
Female,8,100m Backstroke,3,01:53.93
Female,8,200m Backstroke,3,04:03.06
Female,8,200m Individual Medley,3,04:14.86
Female,8,400m Individual Medley,3,09:11.25
Female,8,50m Freestyle,2,00:44.90
Female,8,100m Freestyle,2,01:40.73
Female,8,200m Freestyle,2,03:46.44
Female,8,400m Freestyle,2,07:38.80
Female,8,800m Freestyle,2,16:20.84
Female,8,1500m Freestyle,2,31:37.20
Female,8,50m Butterfly,2,00:50.98
Female,8,100m Butterfly,2,02:11.44
Female,8,200m Butterfly,2,04:57.60
Female,8,50m Backstroke,2,00:51.77
Female,8,100m Backstroke,2,01:55.32
Female,8,200m Backstroke,2,04:06.04
Female,8,200m Individual Medley,2,04:17.98
Female,8,400m Individual Medley,2,09:18.00
Female,8,50m Freestyle,1,00:45.44
Female,8,100m Freestyle,1,01:41.94
Female,8,200m Freestyle,1,03:49.18
Female,8,400m Freestyle,1,07:44.35
Female,8,800m Freestyle,1,16:32.71
Female,8,1500m Freestyle,1,32:00.15
Female,8,50m Butterfly,1,00:51.59
Female,8,100m Butterfly,1,02:13.03
Female,8,200m Butterfly,1,05:01.20
Female,8,50m Backstroke,1,00:52.40
Female,8,100m Backstroke,1,01:56.71
Female,8,200m Backstroke,1,04:09.02
Female,8,200m Individual Medley,1,04:21.10
Female,8,400m Individual Medley,1,09:24.75
Female,9,50m Freestyle,20,00:31.52
Female,9,100m Freestyle,20,01:10.72
Female,9,200m Freestyle,20,02:35.36
Female,9,400m Freestyle,20,05:26.69
Female,9,800m Freestyle,20,11:19.00
Female,9,1500m Freestyle,20,22:18.60
Female,9,50m Butterfly,20,00:35.48
Female,9,100m Butterfly,20,01:25.04
Female,9,200m Butterfly,20,03:17.11
Female,9,50m Backstroke,20,00:36.76
Female,9,100m Backstroke,20,01:20.86
Female,9,200m Backstroke,20,02:53.07
Female,9,200m Individual Medley,20,02:56.18
Female,9,400m Individual Medley,20,06:34.79
Female,9,50m Freestyle,19,00:32.01
Female,9,100m Freestyle,19,01:11.82
Female,9,200m Freestyle,19,02:37.76
Female,9,400m Freestyle,19,05:31.74
Female,9,800m Freestyle,19,11:29.50
Female,9,1500m Freestyle,19,22:39.30
Female,9,50m Butterfly,19,00:36.03
Female,9,100m Butterfly,19,01:26.35
Female,9,200m Butterfly,19,03:20.16
Female,9,50m Backstroke,19,00:37.33
Female,9,100m Backstroke,19,01:22.11
Female,9,200m Backstroke,19,02:55.74
Female,9,200m Individual Medley,19,02:58.91
Female,9,400m Individual Medley,19,06:40.90
Female,9,50m Freestyle,18,00:32.50
Female,9,100m Freestyle,18,01:12.91
Female,9,200m Freestyle,18,02:40.16
Female,9,400m Freestyle,18,05:36.79
Female,9,800m Freestyle,18,11:40.00
Female,9,1500m Freestyle,18,23:00.00
Female,9,50m Butterfly,18,00:36.58
Female,9,100m Butterfly,18,01:27.67
Female,9,200m Butterfly,18,03:23.21
Female,9,50m Backstroke,18,00:37.90
Female,9,100m Backstroke,18,01:23.36
Female,9,200m Backstroke,18,02:58.42
Female,9,200m Individual Medley,18,03:01.63
Female,9,400m Individual Medley,18,06:47.00
Female,9,50m Freestyle,17,00:32.99
Female,9,100m Freestyle,17,01:14.00
Female,9,200m Freestyle,17,02:42.56
Female,9,400m Freestyle,17,05:41.84
Female,9,800m Freestyle,17,11:50.50
Female,9,1500m Freestyle,17,23:20.70
Female,9,50m Butterfly,17,00:37.13
Female,9,100m Butterfly,17,01:28.99
Female,9,200m Butterfly,17,03:26.26
Female,9,50m Backstroke,17,00:38.47
Female,9,100m Backstroke,17,01:24.61
Female,9,200m Backstroke,17,03:01.10
Female,9,200m Individual Medley,17,03:04.35
Female,9,400m Individual Medley,17,06:53.10
Female,9,50m Freestyle,16,00:33.47
Female,9,100m Freestyle,16,01:15.10
Female,9,200m Freestyle,16,02:44.96
Female,9,400m Freestyle,16,05:46.89
Female,9,800m Freestyle,16,12:01.00
Female,9,1500m Freestyle,16,23:41.40
Female,9,50m Butterfly,16,00:37.68
Female,9,100m Butterfly,16,01:30.30
Female,9,200m Butterfly,16,03:29.31
Female,9,50m Backstroke,16,00:39.04
Female,9,100m Backstroke,16,01:25.86
Female,9,200m Backstroke,16,03:03.77
Female,9,200m Individual Medley,16,03:07.08
Female,9,400m Individual Medley,16,06:59.21
Female,9,50m Freestyle,15,00:33.96
Female,9,100m Freestyle,15,01:16.19
Female,9,200m Freestyle,15,02:47.37
Female,9,400m Freestyle,15,05:51.95
Female,9,800m Freestyle,15,12:11.50
Female,9,1500m Freestyle,15,24:02.10
Female,9,50m Butterfly,15,00:38.23
Female,9,100m Butterfly,15,01:31.62
Female,9,200m Butterfly,15,03:32.35
Female,9,50m Backstroke,15,00:39.61
Female,9,100m Backstroke,15,01:27.11
Female,9,200m Backstroke,15,03:06.45
Female,9,200m Individual Medley,15,03:09.80
Female,9,400m Individual Medley,15,07:05.32
Female,9,50m Freestyle,14,00:34.45
Female,9,100m Freestyle,14,01:17.28
Female,9,200m Freestyle,14,02:49.77
Female,9,400m Freestyle,14,05:57.00
Female,9,800m Freestyle,14,12:22.00
Female,9,1500m Freestyle,14,24:22.80
Female,9,50m Butterfly,14,00:38.77
Female,9,100m Butterfly,14,01:32.93
Female,9,200m Butterfly,14,03:35.40
Female,9,50m Backstroke,14,00:40.17
Female,9,100m Backstroke,14,01:28.36
Female,9,200m Backstroke,14,03:09.13
Female,9,200m Individual Medley,14,03:12.53
Female,9,400m Individual Medley,14,07:11.42
Female,9,50m Freestyle,13,00:34.94
Female,9,100m Freestyle,13,01:18.38
Female,9,200m Freestyle,13,02:52.17
Female,9,400m Freestyle,13,06:02.05
Female,9,800m Freestyle,13,12:32.50
Female,9,1500m Freestyle,13,24:43.50
Female,9,50m Butterfly,13,00:39.32
Female,9,100m Butterfly,13,01:34.25
Female,9,200m Butterfly,13,03:38.45
Female,9,50m Backstroke,13,00:40.74
Female,9,100m Backstroke,13,01:29.61
Female,9,200m Backstroke,13,03:11.80
Female,9,200m Individual Medley,13,03:15.25
Female,9,400m Individual Medley,13,07:17.52
Female,9,50m Freestyle,12,00:35.42
Female,9,100m Freestyle,12,01:19.47
Female,9,200m Freestyle,12,02:54.57
Female,9,400m Freestyle,12,06:07.10
Female,9,800m Freestyle,12,12:43.00
Female,9,1500m Freestyle,12,25:04.20
Female,9,50m Butterfly,12,00:39.87
Female,9,100m Butterfly,12,01:35.56
Female,9,200m Butterfly,12,03:41.50
Female,9,50m Backstroke,12,00:41.31
Female,9,100m Backstroke,12,01:30.86
Female,9,200m Backstroke,12,03:14.48
Female,9,200m Individual Medley,12,03:17.98
Female,9,400m Individual Medley,12,07:23.63
Female,9,50m Freestyle,11,00:35.91
Female,9,100m Freestyle,11,01:20.57
Female,9,200m Freestyle,11,02:56.98
Female,9,400m Freestyle,11,06:12.15
Female,9,800m Freestyle,11,12:53.50
Female,9,1500m Freestyle,11,25:24.90
Female,9,50m Butterfly,11,00:40.42
Female,9,100m Butterfly,11,01:36.88
Female,9,200m Butterfly,11,03:44.55
Female,9,50m Backstroke,11,00:41.88
Female,9,100m Backstroke,11,01:32.11
Female,9,200m Backstroke,11,03:17.15
Female,9,200m Individual Medley,11,03:20.70
Female,9,400m Individual Medley,11,07:29.74
Female,9,50m Freestyle,10,00:36.40
Female,9,100m Freestyle,10,01:21.66
Female,9,200m Freestyle,10,02:59.38
Female,9,400m Freestyle,10,06:17.20
Female,9,800m Freestyle,10,13:04.00
Female,9,1500m Freestyle,10,25:45.60
Female,9,50m Butterfly,10,00:40.97
Female,9,100m Butterfly,10,01:38.19
Female,9,200m Butterfly,10,03:47.60
Female,9,50m Backstroke,10,00:42.45
Female,9,100m Backstroke,10,01:33.36
Female,9,200m Backstroke,10,03:19.83
Female,9,200m Individual Medley,10,03:23.43
Female,9,400m Individual Medley,10,07:35.84
Female,9,50m Freestyle,9,00:36.89
Female,9,100m Freestyle,9,01:22.75
Female,9,200m Freestyle,9,03:01.78
Female,9,400m Freestyle,9,06:22.26
Female,9,800m Freestyle,9,13:14.50
Female,9,1500m Freestyle,9,26:06.30
Female,9,50m Butterfly,9,00:41.52
Female,9,100m Butterfly,9,01:39.51
Female,9,200m Butterfly,9,03:50.64
Female,9,50m Backstroke,9,00:43.02
Female,9,100m Backstroke,9,01:34.61
Female,9,200m Backstroke,9,03:22.51
Female,9,200m Individual Medley,9,03:26.15
Female,9,400m Individual Medley,9,07:41.95
Female,9,50m Freestyle,8,00:37.37
Female,9,100m Freestyle,8,01:23.85
Female,9,200m Freestyle,8,03:04.18
Female,9,400m Freestyle,8,06:27.31
Female,9,800m Freestyle,8,13:25.00
Female,9,1500m Freestyle,8,26:27.00
Female,9,50m Butterfly,8,00:42.07
Female,9,100m Butterfly,8,01:40.82
Female,9,200m Butterfly,8,03:53.69
Female,9,50m Backstroke,8,00:43.58
Female,9,100m Backstroke,8,01:35.86
Female,9,200m Backstroke,8,03:25.18
Female,9,200m Individual Medley,8,03:28.87
Female,9,400m Individual Medley,8,07:48.05
Female,9,50m Freestyle,7,00:37.86
Female,9,100m Freestyle,7,01:24.94
Female,9,200m Freestyle,7,03:06.59
Female,9,400m Freestyle,7,06:32.36
Female,9,800m Freestyle,7,13:35.50
Female,9,1500m Freestyle,7,26:47.70
Female,9,50m Butterfly,7,00:42.62
Female,9,100m Butterfly,7,01:42.14
Female,9,200m Butterfly,7,03:56.74
Female,9,50m Backstroke,7,00:44.15
Female,9,100m Backstroke,7,01:37.11
Female,9,200m Backstroke,7,03:27.86
Female,9,200m Individual Medley,7,03:31.60
Female,9,400m Individual Medley,7,07:54.16
Female,9,50m Freestyle,6,00:38.35
Female,9,100m Freestyle,6,01:26.03
Female,9,200m Freestyle,6,03:08.99
Female,9,400m Freestyle,6,06:37.41
Female,9,800m Freestyle,6,13:46.00
Female,9,1500m Freestyle,6,27:08.40
Female,9,50m Butterfly,6,00:43.16
Female,9,100m Butterfly,6,01:43.45
Female,9,200m Butterfly,6,03:59.79
Female,9,50m Backstroke,6,00:44.72
Female,9,100m Backstroke,6,01:38.36
Female,9,200m Backstroke,6,03:30.54
Female,9,200m Individual Medley,6,03:34.32
Female,9,400m Individual Medley,6,08:00.26
Female,9,50m Freestyle,5,00:38.84
Female,9,100m Freestyle,5,01:27.13
Female,9,200m Freestyle,5,03:11.39
Female,9,400m Freestyle,5,06:42.46
Female,9,800m Freestyle,5,13:56.50
Female,9,1500m Freestyle,5,27:29.10
Female,9,50m Butterfly,5,00:43.71
Female,9,100m Butterfly,5,01:44.77
Female,9,200m Butterfly,5,04:02.84
Female,9,50m Backstroke,5,00:45.29
Female,9,100m Backstroke,5,01:39.62
Female,9,200m Backstroke,5,03:33.21
Female,9,200m Individual Medley,5,03:37.05
Female,9,400m Individual Medley,5,08:06.37
Female,9,50m Freestyle,4,00:39.32
Female,9,100m Freestyle,4,01:28.22
Female,9,200m Freestyle,4,03:13.79
Female,9,400m Freestyle,4,06:47.52
Female,9,800m Freestyle,4,14:07.00
Female,9,1500m Freestyle,4,27:49.80
Female,9,50m Butterfly,4,00:44.26
Female,9,100m Butterfly,4,01:46.08
Female,9,200m Butterfly,4,04:05.88
Female,9,50m Backstroke,4,00:45.86
Female,9,100m Backstroke,4,01:40.87
Female,9,200m Backstroke,4,03:35.89
Female,9,200m Individual Medley,4,03:39.77
Female,9,400m Individual Medley,4,08:12.47
Female,9,50m Freestyle,3,00:39.81
Female,9,100m Freestyle,3,01:29.31
Female,9,200m Freestyle,3,03:16.20
Female,9,400m Freestyle,3,06:52.57
Female,9,800m Freestyle,3,14:17.50
Female,9,1500m Freestyle,3,28:10.50
Female,9,50m Butterfly,3,00:44.81
Female,9,100m Butterfly,3,01:47.40
Female,9,200m Butterfly,3,04:08.93
Female,9,50m Backstroke,3,00:46.43
Female,9,100m Backstroke,3,01:42.12
Female,9,200m Backstroke,3,03:38.56
Female,9,200m Individual Medley,3,03:42.50
Female,9,400m Individual Medley,3,08:18.58
Female,9,50m Freestyle,2,00:40.30
Female,9,100m Freestyle,2,01:30.41
Female,9,200m Freestyle,2,03:18.60
Female,9,400m Freestyle,2,06:57.62
Female,9,800m Freestyle,2,14:28.00
Female,9,1500m Freestyle,2,28:31.20
Female,9,50m Butterfly,2,00:45.36
Female,9,100m Butterfly,2,01:48.71
Female,9,200m Butterfly,2,04:11.98
Female,9,50m Backstroke,2,00:47.00
Female,9,100m Backstroke,2,01:43.37
Female,9,200m Backstroke,2,03:41.24
Female,9,200m Individual Medley,2,03:45.22
Female,9,400m Individual Medley,2,08:24.68
Female,9,50m Freestyle,1,00:40.79
Female,9,100m Freestyle,1,01:31.50
Female,9,200m Freestyle,1,03:21.00
Female,9,400m Freestyle,1,07:02.67
Female,9,800m Freestyle,1,14:38.50
Female,9,1500m Freestyle,1,28:51.90
Female,9,50m Butterfly,1,00:45.91
Female,9,100m Butterfly,1,01:50.03
Female,9,200m Butterfly,1,04:15.03
Female,9,50m Backstroke,1,00:47.56
Female,9,100m Backstroke,1,01:44.62
Female,9,200m Backstroke,1,03:43.92
Female,9,200m Individual Medley,1,03:47.95
Female,9,400m Individual Medley,1,08:30.79
Female,10,50m Freestyle,20,00:29.54
Female,10,100m Freestyle,20,01:05.78
Female,10,200m Freestyle,20,02:23.22
Female,10,400m Freestyle,20,05:01.41
Female,10,800m Freestyle,20,10:26.78
Female,10,1500m Freestyle,20,20:51.30
Female,10,50m Butterfly,20,00:31.98
Female,10,100m Butterfly,20,01:13.13
Female,10,200m Butterfly,20,02:50.31
Female,10,50m Backstroke,20,00:34.20
Female,10,100m Backstroke,20,01:14.61
Female,10,200m Backstroke,20,02:42.07
Female,10,200m Individual Medley,20,02:42.02
Female,10,400m Individual Medley,20,05:39.48
Female,10,50m Freestyle,19,00:29.99
Female,10,100m Freestyle,19,01:06.79
Female,10,200m Freestyle,19,02:25.44
Female,10,400m Freestyle,19,05:06.07
Female,10,800m Freestyle,19,10:36.47
Female,10,1500m Freestyle,19,21:10.65
Female,10,50m Butterfly,19,00:32.48
Female,10,100m Butterfly,19,01:14.26
Female,10,200m Butterfly,19,02:52.95
Female,10,50m Backstroke,19,00:34.73
Female,10,100m Backstroke,19,01:15.77
Female,10,200m Backstroke,19,02:44.57
Female,10,200m Individual Medley,19,02:44.52
Female,10,400m Individual Medley,19,05:44.73
Female,10,50m Freestyle,18,00:30.45
Female,10,100m Freestyle,18,01:07.81
Female,10,200m Freestyle,18,02:27.65
Female,10,400m Freestyle,18,05:10.73
Female,10,800m Freestyle,18,10:46.16
Female,10,1500m Freestyle,18,21:30.00
Female,10,50m Breaststroke,18,00:38.60
Female,10,100m Breaststroke,18,01:24.75
Female,10,50m Butterfly,18,00:32.97
Female,10,100m Butterfly,18,01:15.39
Female,10,200m Butterfly,18,02:55.58
Female,10,50m Backstroke,18,00:35.26
Female,10,100m Backstroke,18,01:16.92
Female,10,200m Backstroke,18,02:47.08
Female,10,200m Individual Medley,18,02:47.03
Female,10,400m Individual Medley,18,05:49.98
Female,10,50m Freestyle,17,00:30.91
Female,10,100m Freestyle,17,01:08.83
Female,10,200m Freestyle,17,02:29.86
Female,10,400m Freestyle,17,05:15.39
Female,10,800m Freestyle,17,10:55.85
Female,10,1500m Freestyle,17,21:49.35
Female,10,50m Butterfly,17,00:33.46
Female,10,100m Butterfly,17,01:16.52
Female,10,200m Butterfly,17,02:58.21
Female,10,50m Backstroke,17,00:35.79
Female,10,100m Backstroke,17,01:18.07
Female,10,200m Backstroke,17,02:49.59
Female,10,200m Individual Medley,17,02:49.54
Female,10,400m Individual Medley,17,05:55.23
Female,10,50m Freestyle,16,00:31.36
Female,10,100m Freestyle,16,01:09.84
Female,10,200m Freestyle,16,02:32.08
Female,10,400m Freestyle,16,05:20.05
Female,10,800m Freestyle,16,11:05.54
Female,10,1500m Freestyle,16,22:08.70
Female,10,50m Butterfly,16,00:33.96
Female,10,100m Butterfly,16,01:17.65
Female,10,200m Butterfly,16,03:00.85
Female,10,50m Backstroke,16,00:36.32
Female,10,100m Backstroke,16,01:19.23
Female,10,200m Backstroke,16,02:52.09
Female,10,200m Individual Medley,16,02:52.04
Female,10,400m Individual Medley,16,06:00.48
Female,10,50m Freestyle,15,00:31.82
Female,10,100m Freestyle,15,01:10.86
Female,10,200m Freestyle,15,02:34.29
Female,10,400m Freestyle,15,05:24.71
Female,10,800m Freestyle,15,11:15.24
Female,10,1500m Freestyle,15,22:28.05
Female,10,50m Butterfly,15,00:34.45
Female,10,100m Butterfly,15,01:18.78
Female,10,200m Butterfly,15,03:03.48
Female,10,50m Backstroke,15,00:36.85
Female,10,100m Backstroke,15,01:20.38
Female,10,200m Backstroke,15,02:54.60
Female,10,200m Individual Medley,15,02:54.55
Female,10,400m Individual Medley,15,06:05.73
Female,10,50m Freestyle,14,00:32.28
Female,10,100m Freestyle,14,01:11.88
Female,10,200m Freestyle,14,02:36.51
Female,10,400m Freestyle,14,05:29.37
Female,10,800m Freestyle,14,11:24.93
Female,10,1500m Freestyle,14,22:47.40
Female,10,50m Butterfly,14,00:34.95
Female,10,100m Butterfly,14,01:19.91
Female,10,200m Butterfly,14,03:06.11
Female,10,50m Backstroke,14,00:37.38
Female,10,100m Backstroke,14,01:21.54
Female,10,200m Backstroke,14,02:57.10
Female,10,200m Individual Medley,14,02:57.05
Female,10,400m Individual Medley,14,06:10.98
Female,10,50m Freestyle,13,00:32.73
Female,10,100m Freestyle,13,01:12.90
Female,10,200m Freestyle,13,02:38.72
Female,10,400m Freestyle,13,05:34.03
Female,10,800m Freestyle,13,11:34.62
Female,10,1500m Freestyle,13,23:06.75
Female,10,50m Butterfly,13,00:35.44
Female,10,100m Butterfly,13,01:21.04
Female,10,200m Butterfly,13,03:08.75
Female,10,50m Backstroke,13,00:37.90
Female,10,100m Backstroke,13,01:22.69
Female,10,200m Backstroke,13,02:59.61
Female,10,200m Individual Medley,13,02:59.56
Female,10,400m Individual Medley,13,06:16.23
Female,10,50m Freestyle,12,00:33.19
Female,10,100m Freestyle,12,01:13.91
Female,10,200m Freestyle,12,02:40.94
Female,10,400m Freestyle,12,05:38.70
Female,10,800m Freestyle,12,11:44.31
Female,10,1500m Freestyle,12,23:26.10
Female,10,50m Butterfly,12,00:35.94
Female,10,100m Butterfly,12,01:22.18
Female,10,200m Butterfly,12,03:11.38
Female,10,50m Backstroke,12,00:38.43
Female,10,100m Backstroke,12,01:23.84
Female,10,200m Backstroke,12,03:02.12
Female,10,200m Individual Medley,12,03:02.06
Female,10,400m Individual Medley,12,06:21.48
Female,10,50m Freestyle,11,00:33.65
Female,10,100m Freestyle,11,01:14.93
Female,10,200m Freestyle,11,02:43.15
Female,10,400m Freestyle,11,05:43.36
Female,10,800m Freestyle,11,11:54.01
Female,10,1500m Freestyle,11,23:45.45
Female,10,50m Butterfly,11,00:36.43
Female,10,100m Butterfly,11,01:23.31
Female,10,200m Butterfly,11,03:14.02
Female,10,50m Backstroke,11,00:38.96
Female,10,100m Backstroke,11,01:25.00
Female,10,200m Backstroke,11,03:04.62
Female,10,200m Individual Medley,11,03:04.57
Female,10,400m Individual Medley,11,06:26.73
Female,10,50m Freestyle,10,00:34.10
Female,10,100m Freestyle,10,01:15.95
Female,10,200m Freestyle,10,02:45.37
Female,10,400m Freestyle,10,05:48.02
Female,10,800m Freestyle,10,12:03.70
Female,10,1500m Freestyle,10,24:04.80
Female,10,50m Butterfly,10,00:36.93
Female,10,100m Butterfly,10,01:24.44
Female,10,200m Butterfly,10,03:16.65
Female,10,50m Backstroke,10,00:39.49
Female,10,100m Backstroke,10,01:26.15
Female,10,200m Backstroke,10,03:07.13
Female,10,200m Individual Medley,10,03:07.07
Female,10,400m Individual Medley,10,06:31.98
Female,10,50m Freestyle,9,00:34.56
Female,10,100m Freestyle,9,01:16.96
Female,10,200m Freestyle,9,02:47.58
Female,10,400m Freestyle,9,05:52.68
Female,10,800m Freestyle,9,12:13.39
Female,10,1500m Freestyle,9,24:24.15
Female,10,50m Butterfly,9,00:37.42
Female,10,100m Butterfly,9,01:25.57
Female,10,200m Butterfly,9,03:19.28
Female,10,50m Backstroke,9,00:40.02
Female,10,100m Backstroke,9,01:27.30
Female,10,200m Backstroke,9,03:09.64
Female,10,200m Individual Medley,9,03:09.58
Female,10,400m Individual Medley,9,06:37.23
Female,10,50m Freestyle,8,00:35.02
Female,10,100m Freestyle,8,01:17.98
Female,10,200m Freestyle,8,02:49.80
Female,10,400m Freestyle,8,05:57.34
Female,10,800m Freestyle,8,12:23.08
Female,10,1500m Freestyle,8,24:43.50
Female,10,50m Butterfly,8,00:37.92
Female,10,100m Butterfly,8,01:26.70
Female,10,200m Butterfly,8,03:21.92
Female,10,50m Backstroke,8,00:40.55
Female,10,100m Backstroke,8,01:28.46
Female,10,200m Backstroke,8,03:12.14
Female,10,200m Individual Medley,8,03:12.08
Female,10,400m Individual Medley,8,06:42.48
Female,10,50m Freestyle,7,00:35.47
Female,10,100m Freestyle,7,01:19.00
Female,10,200m Freestyle,7,02:52.01
Female,10,400m Freestyle,7,06:02.00
Female,10,800m Freestyle,7,12:32.78
Female,10,1500m Freestyle,7,25:02.85
Female,10,50m Butterfly,7,00:38.41
Female,10,100m Butterfly,7,01:27.83
Female,10,200m Butterfly,7,03:24.55
Female,10,50m Backstroke,7,00:41.08
Female,10,100m Backstroke,7,01:29.61
Female,10,200m Backstroke,7,03:14.65
Female,10,200m Individual Medley,7,03:14.59
Female,10,400m Individual Medley,7,06:47.73
Female,10,50m Freestyle,6,00:35.93
Female,10,100m Freestyle,6,01:20.02
Female,10,200m Freestyle,6,02:54.23
Female,10,400m Freestyle,6,06:06.66
Female,10,800m Freestyle,6,12:42.47
Female,10,1500m Freestyle,6,25:22.20
Female,10,50m Butterfly,6,00:38.90
Female,10,100m Butterfly,6,01:28.96
Female,10,200m Butterfly,6,03:27.18
Female,10,50m Backstroke,6,00:41.61
Female,10,100m Backstroke,6,01:30.77
Female,10,200m Backstroke,6,03:17.15
Female,10,200m Individual Medley,6,03:17.10
Female,10,400m Individual Medley,6,06:52.98
Female,10,50m Freestyle,5,00:36.39
Female,10,100m Freestyle,5,01:21.03
Female,10,200m Freestyle,5,02:56.44
Female,10,400m Freestyle,5,06:11.32
Female,10,800m Freestyle,5,12:52.16
Female,10,1500m Freestyle,5,25:41.55
Female,10,50m Butterfly,5,00:39.40
Female,10,100m Butterfly,5,01:30.09
Female,10,200m Butterfly,5,03:29.82
Female,10,50m Backstroke,5,00:42.14
Female,10,100m Backstroke,5,01:31.92
Female,10,200m Backstroke,5,03:19.66
Female,10,200m Individual Medley,5,03:19.60
Female,10,400m Individual Medley,5,06:58.23
Female,10,50m Freestyle,4,00:36.84
Female,10,100m Freestyle,4,01:22.05
Female,10,200m Freestyle,4,02:58.66
Female,10,400m Freestyle,4,06:15.98
Female,10,800m Freestyle,4,13:01.85
Female,10,1500m Freestyle,4,26:00.90
Female,10,50m Butterfly,4,00:39.89
Female,10,100m Butterfly,4,01:31.22
Female,10,200m Butterfly,4,03:32.45
Female,10,50m Backstroke,4,00:42.66
Female,10,100m Backstroke,4,01:33.07
Female,10,200m Backstroke,4,03:22.17
Female,10,200m Individual Medley,4,03:22.11
Female,10,400m Individual Medley,4,07:03.48
Female,10,50m Freestyle,3,00:37.30
Female,10,100m Freestyle,3,01:23.07
Female,10,200m Freestyle,3,03:00.87
Female,10,400m Freestyle,3,06:20.64
Female,10,800m Freestyle,3,13:11.55
Female,10,1500m Freestyle,3,26:20.25
Female,10,50m Butterfly,3,00:40.39
Female,10,100m Butterfly,3,01:32.35
Female,10,200m Butterfly,3,03:35.09
Female,10,50m Backstroke,3,00:43.19
Female,10,100m Backstroke,3,01:34.23
Female,10,200m Backstroke,3,03:24.67
Female,10,200m Individual Medley,3,03:24.61
Female,10,400m Individual Medley,3,07:08.73
Female,10,50m Freestyle,2,00:37.76
Female,10,100m Freestyle,2,01:24.08
Female,10,200m Freestyle,2,03:03.09
Female,10,400m Freestyle,2,06:25.31
Female,10,800m Freestyle,2,13:21.24
Female,10,1500m Freestyle,2,26:39.60
Female,10,50m Butterfly,2,00:40.88
Female,10,100m Butterfly,2,01:33.48
Female,10,200m Butterfly,2,03:37.72
Female,10,50m Backstroke,2,00:43.72
Female,10,100m Backstroke,2,01:35.38
Female,10,200m Backstroke,2,03:27.18
Female,10,200m Individual Medley,2,03:27.12
Female,10,400m Individual Medley,2,07:13.98
Female,10,50m Freestyle,1,00:38.21
Female,10,100m Freestyle,1,01:25.10
Female,10,200m Freestyle,1,03:05.30
Female,10,400m Freestyle,1,06:29.97
Female,10,800m Freestyle,1,13:30.93
Female,10,1500m Freestyle,1,26:58.95
Female,10,50m Butterfly,1,00:41.38
Female,10,100m Butterfly,1,01:34.61
Female,10,200m Butterfly,1,03:40.35
Female,10,50m Backstroke,1,00:44.25
Female,10,100m Backstroke,1,01:36.53
Female,10,200m Backstroke,1,03:29.69
Female,10,200m Individual Medley,1,03:29.62
Female,10,400m Individual Medley,1,07:19.22
Female,11,50m Freestyle,20,00:27.92
Female,11,100m Freestyle,20,01:01.30
Female,11,200m Freestyle,20,02:12.88
Female,11,400m Freestyle,20,04:42.56
Female,11,800m Freestyle,20,09:41.83
Female,11,1500m Freestyle,20,19:03.97
Female,11,50m Butterfly,20,00:29.73
Female,11,100m Butterfly,20,01:07.93
Female,11,200m Butterfly,20,02:32.47
Female,11,50m Backstroke,20,00:31.76
Female,11,100m Backstroke,20,01:08.88
Female,11,200m Backstroke,20,02:28.72
Female,11,200m Individual Medley,20,02:30.36
Female,11,400m Individual Medley,20,05:19.37
Female,11,50m Freestyle,19,00:28.35
Female,11,100m Freestyle,19,01:02.25
Female,11,200m Freestyle,19,02:14.94
Female,11,400m Freestyle,19,04:46.93
Female,11,800m Freestyle,19,09:50.82
Female,11,1500m Freestyle,19,19:21.66
Female,11,50m Butterfly,19,00:30.19
Female,11,100m Butterfly,19,01:08.98
Female,11,200m Butterfly,19,02:34.83
Female,11,50m Backstroke,19,00:32.25
Female,11,100m Backstroke,19,01:09.94
Female,11,200m Backstroke,19,02:31.02
Female,11,200m Individual Medley,19,02:32.68
Female,11,400m Individual Medley,19,05:24.31
Female,11,50m Freestyle,18,00:28.78
Female,11,100m Freestyle,18,01:03.20
Female,11,200m Freestyle,18,02:16.99
Female,11,400m Freestyle,18,04:51.30
Female,11,800m Freestyle,18,09:59.82
Female,11,1500m Freestyle,18,19:39.35
Female,11,50m Breaststroke,18,00:36.56
Female,11,100m Breaststroke,18,01:19.34
Female,11,50m Butterfly,18,00:30.65
Female,11,100m Butterfly,18,01:10.03
Female,11,200m Butterfly,18,02:37.19
Female,11,50m Backstroke,18,00:32.74
Female,11,100m Backstroke,18,01:11.01
Female,11,200m Backstroke,18,02:33.32
Female,11,200m Individual Medley,18,02:35.01
Female,11,400m Individual Medley,18,05:29.25
Female,11,50m Freestyle,17,00:29.21
Female,11,100m Freestyle,17,01:04.15
Female,11,200m Freestyle,17,02:19.04
Female,11,400m Freestyle,17,04:55.67
Female,11,800m Freestyle,17,10:08.82
Female,11,1500m Freestyle,17,19:57.04
Female,11,50m Butterfly,17,00:31.11
Female,11,100m Butterfly,17,01:11.08
Female,11,200m Butterfly,17,02:39.55
Female,11,50m Backstroke,17,00:33.23
Female,11,100m Backstroke,17,01:12.08
Female,11,200m Backstroke,17,02:35.62
Female,11,200m Individual Medley,17,02:37.34
Female,11,400m Individual Medley,17,05:34.19
Female,11,50m Freestyle,16,00:29.64
Female,11,100m Freestyle,16,01:05.10
Female,11,200m Freestyle,16,02:21.10
Female,11,400m Freestyle,16,05:00.04
Female,11,800m Freestyle,16,10:17.81
Female,11,1500m Freestyle,16,20:14.73
Female,11,50m Butterfly,16,00:31.57
Female,11,100m Butterfly,16,01:12.13
Female,11,200m Butterfly,16,02:41.91
Female,11,50m Backstroke,16,00:33.72
Female,11,100m Backstroke,16,01:13.14
Female,11,200m Backstroke,16,02:37.92
Female,11,200m Individual Medley,16,02:39.66
Female,11,400m Individual Medley,16,05:39.13
Female,11,50m Freestyle,15,00:30.08
Female,11,100m Freestyle,15,01:06.04
Female,11,200m Freestyle,15,02:23.15
Female,11,400m Freestyle,15,05:04.41
Female,11,800m Freestyle,15,10:26.81
Female,11,1500m Freestyle,15,20:32.42
Female,11,50m Butterfly,15,00:32.03
Female,11,100m Butterfly,15,01:13.18
Female,11,200m Butterfly,15,02:44.26
Female,11,50m Backstroke,15,00:34.21
Female,11,100m Backstroke,15,01:14.21
Female,11,200m Backstroke,15,02:40.22
Female,11,200m Individual Medley,15,02:41.99
Female,11,400m Individual Medley,15,05:44.07
Female,11,50m Freestyle,14,00:30.51
Female,11,100m Freestyle,14,01:06.99
Female,11,200m Freestyle,14,02:25.21
Female,11,400m Freestyle,14,05:08.78
Female,11,800m Freestyle,14,10:35.81
Female,11,1500m Freestyle,14,20:50.11
Female,11,50m Butterfly,14,00:32.49
Female,11,100m Butterfly,14,01:14.23
Female,11,200m Butterfly,14,02:46.62
Female,11,50m Backstroke,14,00:34.70
Female,11,100m Backstroke,14,01:15.27
Female,11,200m Backstroke,14,02:42.52
Female,11,200m Individual Medley,14,02:44.31
Female,11,400m Individual Medley,14,05:49.01
Female,11,50m Freestyle,13,00:30.94
Female,11,100m Freestyle,13,01:07.94
Female,11,200m Freestyle,13,02:27.26
Female,11,400m Freestyle,13,05:13.15
Female,11,800m Freestyle,13,10:44.81
Female,11,1500m Freestyle,13,21:07.80
Female,11,50m Butterfly,13,00:32.95
Female,11,100m Butterfly,13,01:15.28
Female,11,200m Butterfly,13,02:48.98
Female,11,50m Backstroke,13,00:35.20
Female,11,100m Backstroke,13,01:16.34
Female,11,200m Backstroke,13,02:44.82
Female,11,200m Individual Medley,13,02:46.64
Female,11,400m Individual Medley,13,05:53.94
Female,11,50m Freestyle,12,00:31.37
Female,11,100m Freestyle,12,01:08.89
Female,11,200m Freestyle,12,02:29.32
Female,11,400m Freestyle,12,05:17.52
Female,11,800m Freestyle,12,10:53.80
Female,11,1500m Freestyle,12,21:25.49
Female,11,50m Butterfly,12,00:33.41
Female,11,100m Butterfly,12,01:16.33
Female,11,200m Butterfly,12,02:51.34
Female,11,50m Backstroke,12,00:35.69
Female,11,100m Backstroke,12,01:17.40
Female,11,200m Backstroke,12,02:47.12
Female,11,200m Individual Medley,12,02:48.96
Female,11,400m Individual Medley,12,05:58.88
Female,11,50m Freestyle,11,00:31.80
Female,11,100m Freestyle,11,01:09.84
Female,11,200m Freestyle,11,02:31.37
Female,11,400m Freestyle,11,05:21.89
Female,11,800m Freestyle,11,11:02.80
Female,11,1500m Freestyle,11,21:43.18
Female,11,50m Butterfly,11,00:33.87
Female,11,100m Butterfly,11,01:17.38
Female,11,200m Butterfly,11,02:53.69
Female,11,50m Backstroke,11,00:36.18
Female,11,100m Backstroke,11,01:18.47
Female,11,200m Backstroke,11,02:49.42
Female,11,200m Individual Medley,11,02:51.29
Female,11,400m Individual Medley,11,06:03.82
Female,11,50m Freestyle,10,00:32.23
Female,11,100m Freestyle,10,01:10.78
Female,11,200m Freestyle,10,02:33.43
Female,11,400m Freestyle,10,05:26.26
Female,11,800m Freestyle,10,11:11.80
Female,11,1500m Freestyle,10,22:00.87
Female,11,50m Butterfly,10,00:34.33
Female,11,100m Butterfly,10,01:18.43
Female,11,200m Butterfly,10,02:56.05
Female,11,50m Backstroke,10,00:36.67
Female,11,100m Backstroke,10,01:19.53
Female,11,200m Backstroke,10,02:51.72
Female,11,200m Individual Medley,10,02:53.61
Female,11,400m Individual Medley,10,06:08.76
Female,11,50m Freestyle,9,00:32.67
Female,11,100m Freestyle,9,01:11.73
Female,11,200m Freestyle,9,02:35.48
Female,11,400m Freestyle,9,05:30.63
Female,11,800m Freestyle,9,11:20.80
Female,11,1500m Freestyle,9,22:18.56
Female,11,50m Butterfly,9,00:34.79
Female,11,100m Butterfly,9,01:19.48
Female,11,200m Butterfly,9,02:58.41
Female,11,50m Backstroke,9,00:37.16
Female,11,100m Backstroke,9,01:20.60
Female,11,200m Backstroke,9,02:54.02
Female,11,200m Individual Medley,9,02:55.94
Female,11,400m Individual Medley,9,06:13.70
Female,11,50m Freestyle,8,00:33.10
Female,11,100m Freestyle,8,01:12.68
Female,11,200m Freestyle,8,02:37.54
Female,11,400m Freestyle,8,05:35.00
Female,11,800m Freestyle,8,11:29.79
Female,11,1500m Freestyle,8,22:36.25
Female,11,50m Butterfly,8,00:35.25
Female,11,100m Butterfly,8,01:20.53
Female,11,200m Butterfly,8,03:00.77
Female,11,50m Backstroke,8,00:37.65
Female,11,100m Backstroke,8,01:21.66
Female,11,200m Backstroke,8,02:56.32
Female,11,200m Individual Medley,8,02:58.26
Female,11,400m Individual Medley,8,06:18.64
Female,11,50m Freestyle,7,00:33.53
Female,11,100m Freestyle,7,01:13.63
Female,11,200m Freestyle,7,02:39.59
Female,11,400m Freestyle,7,05:39.36
Female,11,800m Freestyle,7,11:38.79
Female,11,1500m Freestyle,7,22:53.94
Female,11,50m Butterfly,7,00:35.71
Female,11,100m Butterfly,7,01:21.58
Female,11,200m Butterfly,7,03:03.13
Female,11,50m Backstroke,7,00:38.14
Female,11,100m Backstroke,7,01:22.73
Female,11,200m Backstroke,7,02:58.62
Female,11,200m Individual Medley,7,03:00.59
Female,11,400m Individual Medley,7,06:23.58
Female,11,50m Freestyle,6,00:33.96
Female,11,100m Freestyle,6,01:14.58
Female,11,200m Freestyle,6,02:41.65
Female,11,400m Freestyle,6,05:43.73
Female,11,800m Freestyle,6,11:47.79
Female,11,1500m Freestyle,6,23:11.63
Female,11,50m Butterfly,6,00:36.17
Female,11,100m Butterfly,6,01:22.64
Female,11,200m Butterfly,6,03:05.48
Female,11,50m Backstroke,6,00:38.63
Female,11,100m Backstroke,6,01:23.79
Female,11,200m Backstroke,6,03:00.92
Female,11,200m Individual Medley,6,03:02.91
Female,11,400m Individual Medley,6,06:28.52
Female,11,50m Freestyle,5,00:34.39
Female,11,100m Freestyle,5,01:15.52
Female,11,200m Freestyle,5,02:43.70
Female,11,400m Freestyle,5,05:48.10
Female,11,800m Freestyle,5,11:56.78
Female,11,1500m Freestyle,5,23:29.32
Female,11,50m Butterfly,5,00:36.63
Female,11,100m Butterfly,5,01:23.69
Female,11,200m Butterfly,5,03:07.84
Female,11,50m Backstroke,5,00:39.12
Female,11,100m Backstroke,5,01:24.86
Female,11,200m Backstroke,5,03:03.22
Female,11,200m Individual Medley,5,03:05.24
Female,11,400m Individual Medley,5,06:33.45
Female,11,50m Freestyle,4,00:34.82
Female,11,100m Freestyle,4,01:16.47
Female,11,200m Freestyle,4,02:45.76
Female,11,400m Freestyle,4,05:52.47
Female,11,800m Freestyle,4,12:05.78
Female,11,1500m Freestyle,4,23:47.01
Female,11,50m Butterfly,4,00:37.09
Female,11,100m Butterfly,4,01:24.74
Female,11,200m Butterfly,4,03:10.20
Female,11,50m Backstroke,4,00:39.62
Female,11,100m Backstroke,4,01:25.92
Female,11,200m Backstroke,4,03:05.52
Female,11,200m Individual Medley,4,03:07.56
Female,11,400m Individual Medley,4,06:38.39
Female,11,50m Freestyle,3,00:35.26
Female,11,100m Freestyle,3,01:17.42
Female,11,200m Freestyle,3,02:47.81
Female,11,400m Freestyle,3,05:56.84
Female,11,800m Freestyle,3,12:14.78
Female,11,1500m Freestyle,3,24:04.70
Female,11,50m Butterfly,3,00:37.55
Female,11,100m Butterfly,3,01:25.79
Female,11,200m Butterfly,3,03:12.56
Female,11,50m Backstroke,3,00:40.11
Female,11,100m Backstroke,3,01:26.99
Female,11,200m Backstroke,3,03:07.82
Female,11,200m Individual Medley,3,03:09.89
Female,11,400m Individual Medley,3,06:43.33
Female,11,50m Freestyle,2,00:35.69
Female,11,100m Freestyle,2,01:18.37
Female,11,200m Freestyle,2,02:49.87
Female,11,400m Freestyle,2,06:01.21
Female,11,800m Freestyle,2,12:23.78
Female,11,1500m Freestyle,2,24:22.39
Female,11,50m Butterfly,2,00:38.01
Female,11,100m Butterfly,2,01:26.84
Female,11,200m Butterfly,2,03:14.92
Female,11,50m Backstroke,2,00:40.60
Female,11,100m Backstroke,2,01:28.05
Female,11,200m Backstroke,2,03:10.12
Female,11,200m Individual Medley,2,03:12.21
Female,11,400m Individual Medley,2,06:48.27
Female,11,50m Freestyle,1,00:36.12
Female,11,100m Freestyle,1,01:19.32
Female,11,200m Freestyle,1,02:51.92
Female,11,400m Freestyle,1,06:05.58
Female,11,800m Freestyle,1,12:32.77
Female,11,1500m Freestyle,1,24:40.08
Female,11,50m Butterfly,1,00:38.47
Female,11,100m Butterfly,1,01:27.89
Female,11,200m Butterfly,1,03:17.27
Female,11,50m Backstroke,1,00:41.09
Female,11,100m Backstroke,1,01:29.12
Female,11,200m Backstroke,1,03:12.42
Female,11,200m Individual Medley,1,03:14.54
Female,11,400m Individual Medley,1,06:53.21
Female,12,50m Freestyle,20,00:26.84
Female,12,100m Freestyle,20,00:58.41
Female,12,200m Freestyle,20,02:07.74
Female,12,400m Freestyle,20,04:28.43
Female,12,800m Freestyle,20,09:18.39
Female,12,1500m Freestyle,20,17:56.59
Female,12,50m Butterfly,20,00:28.56
Female,12,100m Butterfly,20,01:04.36
Female,12,200m Butterfly,20,02:22.79
Female,12,50m Backstroke,20,00:30.33
Female,12,100m Backstroke,20,01:05.13
Female,12,200m Backstroke,20,02:21.19
Female,12,200m Individual Medley,20,02:22.66
Female,12,400m Individual Medley,20,05:04.16
Female,12,50m Freestyle,19,00:27.25
Female,12,100m Freestyle,19,00:59.32
Female,12,200m Freestyle,19,02:09.71
Female,12,400m Freestyle,19,04:32.58
Female,12,800m Freestyle,19,09:27.03
Female,12,1500m Freestyle,19,18:13.24
Female,12,50m Butterfly,19,00:29.00
Female,12,100m Butterfly,19,01:05.35
Female,12,200m Butterfly,19,02:25.00
Female,12,50m Backstroke,19,00:30.80
Female,12,100m Backstroke,19,01:06.13
Female,12,200m Backstroke,19,02:23.38
Female,12,200m Individual Medley,19,02:24.86
Female,12,400m Individual Medley,19,05:08.87
Female,12,50m Freestyle,18,00:27.67
Female,12,100m Freestyle,18,01:00.22
Female,12,200m Freestyle,18,02:11.69
Female,12,400m Freestyle,18,04:36.73
Female,12,800m Freestyle,18,09:35.66
Female,12,1500m Freestyle,18,18:29.89
Female,12,50m Breaststroke,18,00:34.59
Female,12,100m Breaststroke,18,01:16.20
Female,12,200m Breaststroke,18,02:43.42
Female,12,50m Butterfly,18,00:29.44
Female,12,100m Butterfly,18,01:06.35
Female,12,200m Butterfly,18,02:27.21
Female,12,50m Backstroke,18,00:31.27
Female,12,100m Backstroke,18,01:07.14
Female,12,200m Backstroke,18,02:25.56
Female,12,200m Individual Medley,18,02:27.07
Female,12,400m Individual Medley,18,05:13.57
Female,12,50m Freestyle,17,00:28.09
Female,12,100m Freestyle,17,01:01.12
Female,12,200m Freestyle,17,02:13.67
Female,12,400m Freestyle,17,04:40.88
Female,12,800m Freestyle,17,09:44.29
Female,12,1500m Freestyle,17,18:46.54
Female,12,50m Butterfly,17,00:29.88
Female,12,100m Butterfly,17,01:07.35
Female,12,200m Butterfly,17,02:29.42
Female,12,50m Backstroke,17,00:31.74
Female,12,100m Backstroke,17,01:08.15
Female,12,200m Backstroke,17,02:27.74
Female,12,200m Individual Medley,17,02:29.28
Female,12,400m Individual Medley,17,05:18.27
Female,12,50m Freestyle,16,00:28.50
Female,12,100m Freestyle,16,01:02.03
Female,12,200m Freestyle,16,02:15.64
Female,12,400m Freestyle,16,04:45.03
Female,12,800m Freestyle,16,09:52.93
Female,12,1500m Freestyle,16,19:03.19
Female,12,50m Butterfly,16,00:30.32
Female,12,100m Butterfly,16,01:08.34
Female,12,200m Butterfly,16,02:31.63
Female,12,50m Backstroke,16,00:32.21
Female,12,100m Backstroke,16,01:09.15
Female,12,200m Backstroke,16,02:29.93
Female,12,200m Individual Medley,16,02:31.48
Female,12,400m Individual Medley,16,05:22.98
Female,12,50m Freestyle,15,00:28.92
Female,12,100m Freestyle,15,01:02.93
Female,12,200m Freestyle,15,02:17.62
Female,12,400m Freestyle,15,04:49.18
Female,12,800m Freestyle,15,10:01.56
Female,12,1500m Freestyle,15,19:19.84
Female,12,50m Butterfly,15,00:30.76
Female,12,100m Butterfly,15,01:09.34
Female,12,200m Butterfly,15,02:33.83
Female,12,50m Backstroke,15,00:32.68
Female,12,100m Backstroke,15,01:10.16
Female,12,200m Backstroke,15,02:32.11
Female,12,200m Individual Medley,15,02:33.69
Female,12,400m Individual Medley,15,05:27.68
Female,12,50m Freestyle,14,00:29.33
Female,12,100m Freestyle,14,01:03.83
Female,12,200m Freestyle,14,02:19.59
Female,12,400m Freestyle,14,04:53.33
Female,12,800m Freestyle,14,10:10.20
Female,12,1500m Freestyle,14,19:36.48
Female,12,50m Butterfly,14,00:31.21
Female,12,100m Butterfly,14,01:10.33
Female,12,200m Butterfly,14,02:36.04
Female,12,50m Backstroke,14,00:33.15
Female,12,100m Backstroke,14,01:11.17
Female,12,200m Backstroke,14,02:34.29
Female,12,200m Individual Medley,14,02:35.89
Female,12,400m Individual Medley,14,05:32.38
Female,12,50m Freestyle,13,00:29.75
Female,12,100m Freestyle,13,01:04.74
Female,12,200m Freestyle,13,02:21.57
Female,12,400m Freestyle,13,04:57.48
Female,12,800m Freestyle,13,10:18.83
Female,12,1500m Freestyle,13,19:53.13
Female,12,50m Butterfly,13,00:31.65
Female,12,100m Butterfly,13,01:11.33
Female,12,200m Butterfly,13,02:38.25
Female,12,50m Backstroke,13,00:33.62
Female,12,100m Backstroke,13,01:12.18
Female,12,200m Backstroke,13,02:36.48
Female,12,200m Individual Medley,13,02:38.10
Female,12,400m Individual Medley,13,05:37.09
Female,12,50m Freestyle,12,00:30.16
Female,12,100m Freestyle,12,01:05.64
Female,12,200m Freestyle,12,02:23.54
Female,12,400m Freestyle,12,05:01.64
Female,12,800m Freestyle,12,10:27.47
Female,12,1500m Freestyle,12,20:09.78
Female,12,50m Butterfly,12,00:32.09
Female,12,100m Butterfly,12,01:12.32
Female,12,200m Butterfly,12,02:40.46
Female,12,50m Backstroke,12,00:34.08
Female,12,100m Backstroke,12,01:13.18
Female,12,200m Backstroke,12,02:38.66
Female,12,200m Individual Medley,12,02:40.31
Female,12,400m Individual Medley,12,05:41.79
Female,12,50m Freestyle,11,00:30.58
Female,12,100m Freestyle,11,01:06.54
Female,12,200m Freestyle,11,02:25.52
Female,12,400m Freestyle,11,05:05.79
Female,12,800m Freestyle,11,10:36.10
Female,12,1500m Freestyle,11,20:26.43
Female,12,50m Butterfly,11,00:32.53
Female,12,100m Butterfly,11,01:13.32
Female,12,200m Butterfly,11,02:42.67
Female,12,50m Backstroke,11,00:34.55
Female,12,100m Backstroke,11,01:14.19
Female,12,200m Backstroke,11,02:40.84
Female,12,200m Individual Medley,11,02:42.51
Female,12,400m Individual Medley,11,05:46.49
Female,12,50m Freestyle,10,00:30.99
Female,12,100m Freestyle,10,01:07.45
Female,12,200m Freestyle,10,02:27.49
Female,12,400m Freestyle,10,05:09.94
Female,12,800m Freestyle,10,10:44.74
Female,12,1500m Freestyle,10,20:43.08
Female,12,50m Butterfly,10,00:32.97
Female,12,100m Butterfly,10,01:14.31
Female,12,200m Butterfly,10,02:44.88
Female,12,50m Backstroke,10,00:35.02
Female,12,100m Backstroke,10,01:15.20
Female,12,200m Backstroke,10,02:43.03
Female,12,200m Individual Medley,10,02:44.72
Female,12,400m Individual Medley,10,05:51.20
Female,12,50m Freestyle,9,00:31.41
Female,12,100m Freestyle,9,01:08.35
Female,12,200m Freestyle,9,02:29.47
Female,12,400m Freestyle,9,05:14.09
Female,12,800m Freestyle,9,10:53.37
Female,12,1500m Freestyle,9,20:59.73
Female,12,50m Butterfly,9,00:33.41
Female,12,100m Butterfly,9,01:15.31
Female,12,200m Butterfly,9,02:47.08
Female,12,50m Backstroke,9,00:35.49
Female,12,100m Backstroke,9,01:16.20
Female,12,200m Backstroke,9,02:45.21
Female,12,200m Individual Medley,9,02:46.92
Female,12,400m Individual Medley,9,05:55.90
Female,12,50m Freestyle,8,00:31.82
Female,12,100m Freestyle,8,01:09.25
Female,12,200m Freestyle,8,02:31.44
Female,12,400m Freestyle,8,05:18.24
Female,12,800m Freestyle,8,11:02.01
Female,12,1500m Freestyle,8,21:16.37
Female,12,50m Butterfly,8,00:33.86
Female,12,100m Butterfly,8,01:16.30
Female,12,200m Butterfly,8,02:49.29
Female,12,50m Backstroke,8,00:35.96
Female,12,100m Backstroke,8,01:17.21
Female,12,200m Backstroke,8,02:47.39
Female,12,200m Individual Medley,8,02:49.13
Female,12,400m Individual Medley,8,06:00.61
Female,12,50m Freestyle,7,00:32.24
Female,12,100m Freestyle,7,01:10.16
Female,12,200m Freestyle,7,02:33.42
Female,12,400m Freestyle,7,05:22.39
Female,12,800m Freestyle,7,11:10.64
Female,12,1500m Freestyle,7,21:33.02
Female,12,50m Butterfly,7,00:34.30
Female,12,100m Butterfly,7,01:17.30
Female,12,200m Butterfly,7,02:51.50
Female,12,50m Backstroke,7,00:36.43
Female,12,100m Backstroke,7,01:18.22
Female,12,200m Backstroke,7,02:49.58
Female,12,200m Individual Medley,7,02:51.34
Female,12,400m Individual Medley,7,06:05.31
Female,12,50m Freestyle,6,00:32.65
Female,12,100m Freestyle,6,01:11.06
Female,12,200m Freestyle,6,02:35.39
Female,12,400m Freestyle,6,05:26.54
Female,12,800m Freestyle,6,11:19.28
Female,12,1500m Freestyle,6,21:49.67
Female,12,50m Butterfly,6,00:34.74
Female,12,100m Butterfly,6,01:18.29
Female,12,200m Butterfly,6,02:53.71
Female,12,50m Backstroke,6,00:36.90
Female,12,100m Backstroke,6,01:19.23
Female,12,200m Backstroke,6,02:51.76
Female,12,200m Individual Medley,6,02:53.54
Female,12,400m Individual Medley,6,06:10.01
Female,12,50m Freestyle,5,00:33.07
Female,12,100m Freestyle,5,01:11.96
Female,12,200m Freestyle,5,02:37.37
Female,12,400m Freestyle,5,05:30.69
Female,12,800m Freestyle,5,11:27.91
Female,12,1500m Freestyle,5,22:06.32
Female,12,50m Butterfly,5,00:35.18
Female,12,100m Butterfly,5,01:19.29
Female,12,200m Butterfly,5,02:55.92
Female,12,50m Backstroke,5,00:37.37
Female,12,100m Backstroke,5,01:20.23
Female,12,200m Backstroke,5,02:53.94
Female,12,200m Individual Medley,5,02:55.75
Female,12,400m Individual Medley,5,06:14.72
Female,12,50m Freestyle,4,00:33.48
Female,12,100m Freestyle,4,01:12.87
Female,12,200m Freestyle,4,02:39.34
Female,12,400m Freestyle,4,05:34.84
Female,12,800m Freestyle,4,11:36.55
Female,12,1500m Freestyle,4,22:22.97
Female,12,50m Butterfly,4,00:35.62
Female,12,100m Butterfly,4,01:20.28
Female,12,200m Butterfly,4,02:58.12
Female,12,50m Backstroke,4,00:37.84
Female,12,100m Backstroke,4,01:21.24
Female,12,200m Backstroke,4,02:56.13
Female,12,200m Individual Medley,4,02:57.95
Female,12,400m Individual Medley,4,06:19.42
Female,12,50m Freestyle,3,00:33.90
Female,12,100m Freestyle,3,01:13.77
Female,12,200m Freestyle,3,02:41.32
Female,12,400m Freestyle,3,05:38.99
Female,12,800m Freestyle,3,11:45.18
Female,12,1500m Freestyle,3,22:39.62
Female,12,50m Butterfly,3,00:36.06
Female,12,100m Butterfly,3,01:21.28
Female,12,200m Butterfly,3,03:00.33
Female,12,50m Backstroke,3,00:38.31
Female,12,100m Backstroke,3,01:22.25
Female,12,200m Backstroke,3,02:58.31
Female,12,200m Individual Medley,3,03:00.16
Female,12,400m Individual Medley,3,06:24.12
Female,12,50m Freestyle,2,00:34.31
Female,12,100m Freestyle,2,01:14.67
Female,12,200m Freestyle,2,02:43.30
Female,12,400m Freestyle,2,05:43.15
Female,12,800m Freestyle,2,11:53.82
Female,12,1500m Freestyle,2,22:56.26
Female,12,50m Butterfly,2,00:36.51
Female,12,100m Butterfly,2,01:22.27
Female,12,200m Butterfly,2,03:02.54
Female,12,50m Backstroke,2,00:38.77
Female,12,100m Backstroke,2,01:23.25
Female,12,200m Backstroke,2,03:00.49
Female,12,200m Individual Medley,2,03:02.37
Female,12,400m Individual Medley,2,06:28.83
Female,12,50m Freestyle,1,00:34.73
Female,12,100m Freestyle,1,01:15.58
Female,12,200m Freestyle,1,02:45.27
Female,12,400m Freestyle,1,05:47.30
Female,12,800m Freestyle,1,12:02.45
Female,12,1500m Freestyle,1,23:12.91
Female,12,50m Butterfly,1,00:36.95
Female,12,100m Butterfly,1,01:23.27
Female,12,200m Butterfly,1,03:04.75
Female,12,50m Backstroke,1,00:39.24
Female,12,100m Backstroke,1,01:24.26
Female,12,200m Backstroke,1,03:02.68
Female,12,200m Individual Medley,1,03:04.57
Female,12,400m Individual Medley,1,06:33.53
Female,13,50m Freestyle,20,00:25.90
Female,13,100m Freestyle,20,00:56.44
Female,13,200m Freestyle,20,02:02.22
Female,13,400m Freestyle,20,04:17.95
Female,13,800m Freestyle,20,08:52.48
Female,13,1500m Freestyle,20,17:11.51
Female,13,50m Butterfly,20,00:27.42
Female,13,100m Butterfly,20,01:01.09
Female,13,200m Butterfly,20,02:16.18
Female,13,50m Backstroke,20,00:29.33
Female,13,100m Backstroke,20,01:03.02
Female,13,200m Backstroke,20,02:16.24
Female,13,200m Individual Medley,20,02:18.05
Female,13,400m Individual Medley,20,04:51.74
Female,13,50m Freestyle,19,00:26.30
Female,13,100m Freestyle,19,00:57.32
Female,13,200m Freestyle,19,02:04.11
Female,13,400m Freestyle,19,04:21.94
Female,13,800m Freestyle,19,09:00.72
Female,13,1500m Freestyle,19,17:27.46
Female,13,50m Butterfly,19,00:27.85
Female,13,100m Butterfly,19,01:02.04
Female,13,200m Butterfly,19,02:18.28
Female,13,50m Backstroke,19,00:29.79
Female,13,100m Backstroke,19,01:04.00
Female,13,200m Backstroke,19,02:18.34
Female,13,200m Individual Medley,19,02:20.19
Female,13,400m Individual Medley,19,04:56.25
Female,13,50m Freestyle,18,00:26.70
Female,13,100m Freestyle,18,00:58.19
Female,13,200m Freestyle,18,02:06.00
Female,13,400m Freestyle,18,04:25.93
Female,13,800m Freestyle,18,09:08.95
Female,13,1500m Freestyle,18,17:43.41
Female,13,50m Breaststroke,18,00:33.67
Female,13,100m Breaststroke,18,01:13.18
Female,13,200m Breaststroke,18,02:37.63
Female,13,50m Butterfly,18,00:28.27
Female,13,100m Butterfly,18,01:02.98
Female,13,200m Butterfly,18,02:20.39
Female,13,50m Backstroke,18,00:30.24
Female,13,100m Backstroke,18,01:04.97
Female,13,200m Backstroke,18,02:20.45
Female,13,200m Individual Medley,18,02:22.32
Female,13,400m Individual Medley,18,05:00.76
Female,13,50m Freestyle,17,00:27.10
Female,13,100m Freestyle,17,00:59.06
Female,13,200m Freestyle,17,02:07.89
Female,13,400m Freestyle,17,04:29.92
Female,13,800m Freestyle,17,09:17.18
Female,13,1500m Freestyle,17,17:59.36
Female,13,50m Butterfly,17,00:28.69
Female,13,100m Butterfly,17,01:03.92
Female,13,200m Butterfly,17,02:22.50
Female,13,50m Backstroke,17,00:30.69
Female,13,100m Backstroke,17,01:05.94
Female,13,200m Backstroke,17,02:22.56
Female,13,200m Individual Medley,17,02:24.45
Female,13,400m Individual Medley,17,05:05.27
Female,13,50m Freestyle,16,00:27.50
Female,13,100m Freestyle,16,00:59.94
Female,13,200m Freestyle,16,02:09.78
Female,13,400m Freestyle,16,04:33.91
Female,13,800m Freestyle,16,09:25.42
Female,13,1500m Freestyle,16,18:15.31
Female,13,50m Butterfly,16,00:29.12
Female,13,100m Butterfly,16,01:04.87
Female,13,200m Butterfly,16,02:24.60
Female,13,50m Backstroke,16,00:31.15
Female,13,100m Backstroke,16,01:06.92
Female,13,200m Backstroke,16,02:24.66
Female,13,200m Individual Medley,16,02:26.59
Female,13,400m Individual Medley,16,05:09.78
Female,13,50m Freestyle,15,00:27.90
Female,13,100m Freestyle,15,01:00.81
Female,13,200m Freestyle,15,02:11.67
Female,13,400m Freestyle,15,04:37.90
Female,13,800m Freestyle,15,09:33.65
Female,13,1500m Freestyle,15,18:31.26
Female,13,50m Butterfly,15,00:29.54
Female,13,100m Butterfly,15,01:05.81
Female,13,200m Butterfly,15,02:26.71
Female,13,50m Backstroke,15,00:31.60
Female,13,100m Backstroke,15,01:07.89
Female,13,200m Backstroke,15,02:26.77
Female,13,200m Individual Medley,15,02:28.72
Female,13,400m Individual Medley,15,05:14.29
Female,13,50m Freestyle,14,00:28.30
Female,13,100m Freestyle,14,01:01.68
Female,13,200m Freestyle,14,02:13.56
Female,13,400m Freestyle,14,04:41.89
Female,13,800m Freestyle,14,09:41.89
Female,13,1500m Freestyle,14,18:47.21
Female,13,50m Butterfly,14,00:29.97
Female,13,100m Butterfly,14,01:06.76
Female,13,200m Butterfly,14,02:28.81
Female,13,50m Backstroke,14,00:32.05
Female,13,100m Backstroke,14,01:08.87
Female,13,200m Backstroke,14,02:28.88
Female,13,200m Individual Medley,14,02:30.86
Female,13,400m Individual Medley,14,05:18.81
Female,13,50m Freestyle,13,00:28.70
Female,13,100m Freestyle,13,01:02.55
Female,13,200m Freestyle,13,02:15.45
Female,13,400m Freestyle,13,04:45.87
Female,13,800m Freestyle,13,09:50.12
Female,13,1500m Freestyle,13,19:03.17
Female,13,50m Butterfly,13,00:30.39
Female,13,100m Butterfly,13,01:07.70
Female,13,200m Butterfly,13,02:30.92
Female,13,50m Backstroke,13,00:32.51
Female,13,100m Backstroke,13,01:09.84
Female,13,200m Backstroke,13,02:30.98
Female,13,200m Individual Medley,13,02:32.99
Female,13,400m Individual Medley,13,05:23.32
Female,13,50m Freestyle,12,00:29.10
Female,13,100m Freestyle,12,01:03.43
Female,13,200m Freestyle,12,02:17.34
Female,13,400m Freestyle,12,04:49.86
Female,13,800m Freestyle,12,09:58.36
Female,13,1500m Freestyle,12,19:19.12
Female,13,50m Butterfly,12,00:30.81
Female,13,100m Butterfly,12,01:08.65
Female,13,200m Butterfly,12,02:33.03
Female,13,50m Backstroke,12,00:32.96
Female,13,100m Backstroke,12,01:10.82
Female,13,200m Backstroke,12,02:33.09
Female,13,200m Individual Medley,12,02:35.13
Female,13,400m Individual Medley,12,05:27.83
Female,13,50m Freestyle,11,00:29.50
Female,13,100m Freestyle,11,01:04.30
Female,13,200m Freestyle,11,02:19.23
Female,13,400m Freestyle,11,04:53.85
Female,13,800m Freestyle,11,10:06.59
Female,13,1500m Freestyle,11,19:35.07
Female,13,50m Butterfly,11,00:31.24
Female,13,100m Butterfly,11,01:09.59
Female,13,200m Butterfly,11,02:35.13
Female,13,50m Backstroke,11,00:33.42
Female,13,100m Backstroke,11,01:11.79
Female,13,200m Backstroke,11,02:35.20
Female,13,200m Individual Medley,11,02:37.26
Female,13,400m Individual Medley,11,05:32.34
Female,13,50m Freestyle,10,00:29.90
Female,13,100m Freestyle,10,01:05.17
Female,13,200m Freestyle,10,02:21.12
Female,13,400m Freestyle,10,04:57.84
Female,13,800m Freestyle,10,10:14.82
Female,13,1500m Freestyle,10,19:51.02
Female,13,50m Butterfly,10,00:31.66
Female,13,100m Butterfly,10,01:10.54
Female,13,200m Butterfly,10,02:37.24
Female,13,50m Backstroke,10,00:33.87
Female,13,100m Backstroke,10,01:12.77
Female,13,200m Backstroke,10,02:37.30
Female,13,200m Individual Medley,10,02:39.40
Female,13,400m Individual Medley,10,05:36.85
Female,13,50m Freestyle,9,00:30.30
Female,13,100m Freestyle,9,01:06.05
Female,13,200m Freestyle,9,02:23.01
Female,13,400m Freestyle,9,05:01.83
Female,13,800m Freestyle,9,10:23.06
Female,13,1500m Freestyle,9,20:06.97
Female,13,50m Butterfly,9,00:32.09
Female,13,100m Butterfly,9,01:11.48
Female,13,200m Butterfly,9,02:39.34
Female,13,50m Backstroke,9,00:34.32
Female,13,100m Backstroke,9,01:13.74
Female,13,200m Backstroke,9,02:39.41
Female,13,200m Individual Medley,9,02:41.53
Female,13,400m Individual Medley,9,05:41.36
Female,13,50m Freestyle,8,00:30.71
Female,13,100m Freestyle,8,01:06.92
Female,13,200m Freestyle,8,02:24.90
Female,13,400m Freestyle,8,05:05.82
Female,13,800m Freestyle,8,10:31.29
Female,13,1500m Freestyle,8,20:22.92
Female,13,50m Butterfly,8,00:32.51
Female,13,100m Butterfly,8,01:12.43
Female,13,200m Butterfly,8,02:41.45
Female,13,50m Backstroke,8,00:34.78
Female,13,100m Backstroke,8,01:14.72
Female,13,200m Backstroke,8,02:41.52
Female,13,200m Individual Medley,8,02:43.67
Female,13,400m Individual Medley,8,05:45.87
Female,13,50m Freestyle,7,00:31.11
Female,13,100m Freestyle,7,01:07.79
Female,13,200m Freestyle,7,02:26.79
Female,13,400m Freestyle,7,05:09.81
Female,13,800m Freestyle,7,10:39.53
Female,13,1500m Freestyle,7,20:38.87
Female,13,50m Butterfly,7,00:32.93
Female,13,100m Butterfly,7,01:13.37
Female,13,200m Butterfly,7,02:43.55
Female,13,50m Backstroke,7,00:35.23
Female,13,100m Backstroke,7,01:15.69
Female,13,200m Backstroke,7,02:43.62
Female,13,200m Individual Medley,7,02:45.80
Female,13,400m Individual Medley,7,05:50.39
Female,13,50m Freestyle,6,00:31.51
Female,13,100m Freestyle,6,01:08.66
Female,13,200m Freestyle,6,02:28.68
Female,13,400m Freestyle,6,05:13.80
Female,13,800m Freestyle,6,10:47.76
Female,13,1500m Freestyle,6,20:54.82
Female,13,50m Butterfly,6,00:33.36
Female,13,100m Butterfly,6,01:14.32
Female,13,200m Butterfly,6,02:45.66
Female,13,50m Backstroke,6,00:35.68
Female,13,100m Backstroke,6,01:16.66
Female,13,200m Backstroke,6,02:45.73
Female,13,200m Individual Medley,6,02:47.94
Female,13,400m Individual Medley,6,05:54.90
Female,13,50m Freestyle,5,00:31.91
Female,13,100m Freestyle,5,01:09.54
Female,13,200m Freestyle,5,02:30.57
Female,13,400m Freestyle,5,05:17.79
Female,13,800m Freestyle,5,10:56.00
Female,13,1500m Freestyle,5,21:10.77
Female,13,50m Butterfly,5,00:33.78
Female,13,100m Butterfly,5,01:15.26
Female,13,200m Butterfly,5,02:47.77
Female,13,50m Backstroke,5,00:36.14
Female,13,100m Backstroke,5,01:17.64
Female,13,200m Backstroke,5,02:47.84
Female,13,200m Individual Medley,5,02:50.07
Female,13,400m Individual Medley,5,05:59.41
Female,13,50m Freestyle,4,00:32.31
Female,13,100m Freestyle,4,01:10.41
Female,13,200m Freestyle,4,02:32.46
Female,13,400m Freestyle,4,05:21.78
Female,13,800m Freestyle,4,11:04.23
Female,13,1500m Freestyle,4,21:26.73
Female,13,50m Butterfly,4,00:34.21
Female,13,100m Butterfly,4,01:16.21
Female,13,200m Butterfly,4,02:49.87
Female,13,50m Backstroke,4,00:36.59
Female,13,100m Backstroke,4,01:18.61
Female,13,200m Backstroke,4,02:49.94
Female,13,200m Individual Medley,4,02:52.21
Female,13,400m Individual Medley,4,06:03.92
Female,13,50m Freestyle,3,00:32.71
Female,13,100m Freestyle,3,01:11.28
Female,13,200m Freestyle,3,02:34.35
Female,13,400m Freestyle,3,05:25.76
Female,13,800m Freestyle,3,11:12.46
Female,13,1500m Freestyle,3,21:42.68
Female,13,50m Butterfly,3,00:34.63
Female,13,100m Butterfly,3,01:17.15
Female,13,200m Butterfly,3,02:51.98
Female,13,50m Backstroke,3,00:37.04
Female,13,100m Backstroke,3,01:19.59
Female,13,200m Backstroke,3,02:52.05
Female,13,200m Individual Medley,3,02:54.34
Female,13,400m Individual Medley,3,06:08.43
Female,13,50m Freestyle,2,00:33.11
Female,13,100m Freestyle,2,01:12.16
Female,13,200m Freestyle,2,02:36.24
Female,13,400m Freestyle,2,05:29.75
Female,13,800m Freestyle,2,11:20.70
Female,13,1500m Freestyle,2,21:58.63
Female,13,50m Butterfly,2,00:35.05
Female,13,100m Butterfly,2,01:18.10
Female,13,200m Butterfly,2,02:54.08
Female,13,50m Backstroke,2,00:37.50
Female,13,100m Backstroke,2,01:20.56
Female,13,200m Backstroke,2,02:54.16
Female,13,200m Individual Medley,2,02:56.48
Female,13,400m Individual Medley,2,06:12.94
Female,13,50m Freestyle,1,00:33.51
Female,13,100m Freestyle,1,01:13.03
Female,13,200m Freestyle,1,02:38.13
Female,13,400m Freestyle,1,05:33.74
Female,13,800m Freestyle,1,11:28.93
Female,13,1500m Freestyle,1,22:14.58
Female,13,50m Butterfly,1,00:35.48
Female,13,100m Butterfly,1,01:19.04
Female,13,200m Butterfly,1,02:56.19
Female,13,50m Backstroke,1,00:37.95
Female,13,100m Backstroke,1,01:21.54
Female,13,200m Backstroke,1,02:56.26
Female,13,200m Individual Medley,1,02:58.61
Female,13,400m Individual Medley,1,06:17.45
Female,14,50m Freestyle,20,00:25.43
Female,14,100m Freestyle,20,00:54.98
Female,14,200m Freestyle,20,01:59.03
Female,14,400m Freestyle,20,04:11.47
Female,14,800m Freestyle,20,08:35.92
Female,14,1500m Freestyle,20,16:43.87
Female,14,50m Butterfly,20,00:27.12
Female,14,100m Butterfly,20,00:59.51
Female,14,200m Butterfly,20,02:12.38
Female,14,50m Backstroke,20,00:28.79
Female,14,100m Backstroke,20,01:01.67
Female,14,200m Backstroke,20,02:13.06
Female,14,200m Individual Medley,20,02:14.67
Female,14,400m Individual Medley,20,04:46.05
Female,14,50m Freestyle,19,00:25.83
Female,14,100m Freestyle,19,00:55.83
Female,14,200m Freestyle,19,02:00.87
Female,14,400m Freestyle,19,04:15.36
Female,14,800m Freestyle,19,08:43.90
Female,14,1500m Freestyle,19,16:59.40
Female,14,50m Butterfly,19,00:27.54
Female,14,100m Butterfly,19,01:00.43
Female,14,200m Butterfly,19,02:14.42
Female,14,50m Backstroke,19,00:29.23
Female,14,100m Backstroke,19,01:02.63
Female,14,200m Backstroke,19,02:15.12
Female,14,200m Individual Medley,19,02:16.76
Female,14,400m Individual Medley,19,04:50.48
Female,14,50m Freestyle,18,00:26.22
Female,14,100m Freestyle,18,00:56.68
Female,14,200m Freestyle,18,02:02.71
Female,14,400m Freestyle,18,04:19.25
Female,14,800m Freestyle,18,08:51.88
Female,14,1500m Freestyle,18,17:14.92
Female,14,50m Breaststroke,18,00:32.84
Female,14,100m Breaststroke,18,01:11.68
Female,14,200m Breaststroke,18,02:34.64
Female,14,50m Butterfly,18,00:27.96
Female,14,100m Butterfly,18,01:01.35
Female,14,200m Butterfly,18,02:16.47
Female,14,50m Backstroke,18,00:29.68
Female,14,100m Backstroke,18,01:03.58
Female,14,200m Backstroke,18,02:17.18
Female,14,200m Individual Medley,18,02:18.84
Female,14,400m Individual Medley,18,04:54.90
Female,14,50m Freestyle,17,00:26.61
Female,14,100m Freestyle,17,00:57.53
Female,14,200m Freestyle,17,02:04.55
Female,14,400m Freestyle,17,04:23.14
Female,14,800m Freestyle,17,08:59.86
Female,14,1500m Freestyle,17,17:30.44
Female,14,50m Butterfly,17,00:28.38
Female,14,100m Butterfly,17,01:02.27
Female,14,200m Butterfly,17,02:18.52
Female,14,50m Backstroke,17,00:30.13
Female,14,100m Backstroke,17,01:04.53
Female,14,200m Backstroke,17,02:19.24
Female,14,200m Individual Medley,17,02:20.92
Female,14,400m Individual Medley,17,04:59.32
Female,14,50m Freestyle,16,00:27.01
Female,14,100m Freestyle,16,00:58.38
Female,14,200m Freestyle,16,02:06.39
Female,14,400m Freestyle,16,04:27.03
Female,14,800m Freestyle,16,09:07.84
Female,14,1500m Freestyle,16,17:45.97
Female,14,50m Butterfly,16,00:28.80
Female,14,100m Butterfly,16,01:03.19
Female,14,200m Butterfly,16,02:20.56
Female,14,50m Backstroke,16,00:30.57
Female,14,100m Backstroke,16,01:05.49
Female,14,200m Backstroke,16,02:21.30
Female,14,200m Individual Medley,16,02:23.01
Female,14,400m Individual Medley,16,05:03.75
Female,14,50m Freestyle,15,00:27.40
Female,14,100m Freestyle,15,00:59.23
Female,14,200m Freestyle,15,02:08.23
Female,14,400m Freestyle,15,04:30.92
Female,14,800m Freestyle,15,09:15.81
Female,14,1500m Freestyle,15,18:01.49
Female,14,50m Butterfly,15,00:29.22
Female,14,100m Butterfly,15,01:04.11
Female,14,200m Butterfly,15,02:22.61
Female,14,50m Backstroke,15,00:31.02
Female,14,100m Backstroke,15,01:06.44
Female,14,200m Backstroke,15,02:23.35
Female,14,200m Individual Medley,15,02:25.09
Female,14,400m Individual Medley,15,05:08.17
Female,14,50m Freestyle,14,00:27.79
Female,14,100m Freestyle,14,01:00.08
Female,14,200m Freestyle,14,02:10.07
Female,14,400m Freestyle,14,04:34.81
Female,14,800m Freestyle,14,09:23.79
Female,14,1500m Freestyle,14,18:17.02
Female,14,50m Butterfly,14,00:29.64
Female,14,100m Butterfly,14,01:05.03
Female,14,200m Butterfly,14,02:24.66
Female,14,50m Backstroke,14,00:31.46
Female,14,100m Backstroke,14,01:07.39
Female,14,200m Backstroke,14,02:25.41
Female,14,200m Individual Medley,14,02:27.17
Female,14,400m Individual Medley,14,05:12.59
Female,14,50m Freestyle,13,00:28.19
Female,14,100m Freestyle,13,01:00.93
Female,14,200m Freestyle,13,02:11.91
Female,14,400m Freestyle,13,04:38.69
Female,14,800m Freestyle,13,09:31.77
Female,14,1500m Freestyle,13,18:32.54
Female,14,50m Butterfly,13,00:30.06
Female,14,100m Butterfly,13,01:05.95
Female,14,200m Butterfly,13,02:26.71
Female,14,50m Backstroke,13,00:31.91
Female,14,100m Backstroke,13,01:08.35
Female,14,200m Backstroke,13,02:27.47
Female,14,200m Individual Medley,13,02:29.25
Female,14,400m Individual Medley,13,05:17.02
Female,14,50m Freestyle,12,00:28.58
Female,14,100m Freestyle,12,01:01.78
Female,14,200m Freestyle,12,02:13.75
Female,14,400m Freestyle,12,04:42.58
Female,14,800m Freestyle,12,09:39.75
Female,14,1500m Freestyle,12,18:48.06
Female,14,50m Butterfly,12,00:30.48
Female,14,100m Butterfly,12,01:06.87
Female,14,200m Butterfly,12,02:28.75
Female,14,50m Backstroke,12,00:32.35
Female,14,100m Backstroke,12,01:09.30
Female,14,200m Backstroke,12,02:29.53
Female,14,200m Individual Medley,12,02:31.34
Female,14,400m Individual Medley,12,05:21.44
Female,14,50m Freestyle,11,00:28.97
Female,14,100m Freestyle,11,01:02.63
Female,14,200m Freestyle,11,02:15.59
Female,14,400m Freestyle,11,04:46.47
Female,14,800m Freestyle,11,09:47.73
Female,14,1500m Freestyle,11,19:03.59
Female,14,50m Butterfly,11,00:30.90
Female,14,100m Butterfly,11,01:07.79
Female,14,200m Butterfly,11,02:30.80
Female,14,50m Backstroke,11,00:32.80
Female,14,100m Backstroke,11,01:10.26
Female,14,200m Backstroke,11,02:31.58
Female,14,200m Individual Medley,11,02:33.42
Female,14,400m Individual Medley,11,05:25.86
Female,14,50m Freestyle,10,00:29.37
Female,14,100m Freestyle,10,01:03.48
Female,14,200m Freestyle,10,02:17.44
Female,14,400m Freestyle,10,04:50.36
Female,14,800m Freestyle,10,09:55.71
Female,14,1500m Freestyle,10,19:19.11
Female,14,50m Butterfly,10,00:31.32
Female,14,100m Butterfly,10,01:08.71
Female,14,200m Butterfly,10,02:32.85
Female,14,50m Backstroke,10,00:33.24
Female,14,100m Backstroke,10,01:11.21
Female,14,200m Backstroke,10,02:33.64
Female,14,200m Individual Medley,10,02:35.50
Female,14,400m Individual Medley,10,05:30.29
Female,14,50m Freestyle,9,00:29.76
Female,14,100m Freestyle,9,01:04.33
Female,14,200m Freestyle,9,02:19.28
Female,14,400m Freestyle,9,04:54.25
Female,14,800m Freestyle,9,10:03.68
Female,14,1500m Freestyle,9,19:34.63
Female,14,50m Butterfly,9,00:31.73
Female,14,100m Butterfly,9,01:09.63
Female,14,200m Butterfly,9,02:34.89
Female,14,50m Backstroke,9,00:33.69
Female,14,100m Backstroke,9,01:12.16
Female,14,200m Backstroke,9,02:35.70
Female,14,200m Individual Medley,9,02:37.58
Female,14,400m Individual Medley,9,05:34.71
Female,14,50m Freestyle,8,00:30.15
Female,14,100m Freestyle,8,01:05.18
Female,14,200m Freestyle,8,02:21.12
Female,14,400m Freestyle,8,04:58.14
Female,14,800m Freestyle,8,10:11.66
Female,14,1500m Freestyle,8,19:50.16
Female,14,50m Butterfly,8,00:32.15
Female,14,100m Butterfly,8,01:10.55
Female,14,200m Butterfly,8,02:36.94
Female,14,50m Backstroke,8,00:34.13
Female,14,100m Backstroke,8,01:13.12
Female,14,200m Backstroke,8,02:37.76
Female,14,200m Individual Medley,8,02:39.67
Female,14,400m Individual Medley,8,05:39.14
Female,14,50m Freestyle,7,00:30.55
Female,14,100m Freestyle,7,01:06.03
Female,14,200m Freestyle,7,02:22.96
Female,14,400m Freestyle,7,05:02.03
Female,14,800m Freestyle,7,10:19.64
Female,14,1500m Freestyle,7,20:05.68
Female,14,50m Butterfly,7,00:32.57
Female,14,100m Butterfly,7,01:11.47
Female,14,200m Butterfly,7,02:38.99
Female,14,50m Backstroke,7,00:34.58
Female,14,100m Backstroke,7,01:14.07
Female,14,200m Backstroke,7,02:39.81
Female,14,200m Individual Medley,7,02:41.75
Female,14,400m Individual Medley,7,05:43.56
Female,14,50m Freestyle,6,00:30.94
Female,14,100m Freestyle,6,01:06.88
Female,14,200m Freestyle,6,02:24.80
Female,14,400m Freestyle,6,05:05.91
Female,14,800m Freestyle,6,10:27.62
Female,14,1500m Freestyle,6,20:21.21
Female,14,50m Butterfly,6,00:32.99
Female,14,100m Butterfly,6,01:12.39
Female,14,200m Butterfly,6,02:41.03
Female,14,50m Backstroke,6,00:35.02
Female,14,100m Backstroke,6,01:15.02
Female,14,200m Backstroke,6,02:41.87
Female,14,200m Individual Medley,6,02:43.83
Female,14,400m Individual Medley,6,05:47.98
Female,14,50m Freestyle,5,00:31.33
Female,14,100m Freestyle,5,01:07.73
Female,14,200m Freestyle,5,02:26.64
Female,14,400m Freestyle,5,05:09.80
Female,14,800m Freestyle,5,10:35.60
Female,14,1500m Freestyle,5,20:36.73
Female,14,50m Butterfly,5,00:33.41
Female,14,100m Butterfly,5,01:13.31
Female,14,200m Butterfly,5,02:43.08
Female,14,50m Backstroke,5,00:35.47
Female,14,100m Backstroke,5,01:15.98
Female,14,200m Backstroke,5,02:43.93
Female,14,200m Individual Medley,5,02:45.91
Female,14,400m Individual Medley,5,05:52.41
Female,14,50m Freestyle,4,00:31.73
Female,14,100m Freestyle,4,01:08.58
Female,14,200m Freestyle,4,02:28.48
Female,14,400m Freestyle,4,05:13.69
Female,14,800m Freestyle,4,10:43.57
Female,14,1500m Freestyle,4,20:52.25
Female,14,50m Butterfly,4,00:33.83
Female,14,100m Butterfly,4,01:14.23
Female,14,200m Butterfly,4,02:45.13
Female,14,50m Backstroke,4,00:35.91
Female,14,100m Backstroke,4,01:16.93
Female,14,200m Backstroke,4,02:45.99
Female,14,200m Individual Medley,4,02:48.00
Female,14,400m Individual Medley,4,05:56.83
Female,14,50m Freestyle,3,00:32.12
Female,14,100m Freestyle,3,01:09.43
Female,14,200m Freestyle,3,02:30.32
Female,14,400m Freestyle,3,05:17.58
Female,14,800m Freestyle,3,10:51.55
Female,14,1500m Freestyle,3,21:07.78
Female,14,50m Butterfly,3,00:34.25
Female,14,100m Butterfly,3,01:15.15
Female,14,200m Butterfly,3,02:47.18
Female,14,50m Backstroke,3,00:36.36
Female,14,100m Backstroke,3,01:17.89
Female,14,200m Backstroke,3,02:48.05
Female,14,200m Individual Medley,3,02:50.08
Female,14,400m Individual Medley,3,06:01.25
Female,14,50m Freestyle,2,00:32.51
Female,14,100m Freestyle,2,01:10.28
Female,14,200m Freestyle,2,02:32.16
Female,14,400m Freestyle,2,05:21.47
Female,14,800m Freestyle,2,10:59.53
Female,14,1500m Freestyle,2,21:23.30
Female,14,50m Butterfly,2,00:34.67
Female,14,100m Butterfly,2,01:16.07
Female,14,200m Butterfly,2,02:49.22
Female,14,50m Backstroke,2,00:36.80
Female,14,100m Backstroke,2,01:18.84
Female,14,200m Backstroke,2,02:50.10
Female,14,200m Individual Medley,2,02:52.16
Female,14,400m Individual Medley,2,06:05.68
Female,14,50m Freestyle,1,00:32.91
Female,14,100m Freestyle,1,01:11.13
Female,14,200m Freestyle,1,02:34.00
Female,14,400m Freestyle,1,05:25.36
Female,14,800m Freestyle,1,11:07.51
Female,14,1500m Freestyle,1,21:38.82
Female,14,50m Butterfly,1,00:35.09
Female,14,100m Butterfly,1,01:16.99
Female,14,200m Butterfly,1,02:51.27
Female,14,50m Backstroke,1,00:37.25
Female,14,100m Backstroke,1,01:19.79
Female,14,200m Backstroke,1,02:52.16
Female,14,200m Individual Medley,1,02:54.24
Female,14,400m Individual Medley,1,06:10.10
Female,15,50m Freestyle,20,00:24.98
Female,15,100m Freestyle,20,00:54.07
Female,15,200m Freestyle,20,01:57.24
Female,15,400m Freestyle,20,04:07.51
Female,15,800m Freestyle,20,08:29.79
Female,15,1500m Freestyle,20,16:16.77
Female,15,50m Butterfly,20,00:26.44
Female,15,100m Butterfly,20,00:58.77
Female,15,200m Butterfly,20,02:10.22
Female,15,50m Backstroke,20,00:28.35
Female,15,100m Backstroke,20,01:00.86
Female,15,200m Backstroke,20,02:10.59
Female,15,200m Individual Medley,20,02:12.33
Female,15,400m Individual Medley,20,04:42.11
Female,15,50m Freestyle,19,00:25.36
Female,15,100m Freestyle,19,00:54.90
Female,15,200m Freestyle,19,01:59.06
Female,15,400m Freestyle,19,04:11.34
Female,15,800m Freestyle,19,08:37.68
Female,15,1500m Freestyle,19,16:31.88
Female,15,50m Butterfly,19,00:26.85
Female,15,100m Butterfly,19,00:59.68
Female,15,200m Butterfly,19,02:12.24
Female,15,50m Backstroke,19,00:28.79
Female,15,100m Backstroke,19,01:01.80
Female,15,200m Backstroke,19,02:12.61
Female,15,200m Individual Medley,19,02:14.37
Female,15,400m Individual Medley,19,04:46.48
Female,15,50m Freestyle,18,00:25.75
Female,15,100m Freestyle,18,00:55.74
Female,15,200m Freestyle,18,02:00.87
Female,15,400m Freestyle,18,04:15.17
Female,15,800m Freestyle,18,08:45.56
Female,15,1500m Freestyle,18,16:46.98
Female,15,50m Breaststroke,18,00:32.30
Female,15,100m Breaststroke,18,01:10.11
Female,15,200m Breaststroke,18,02:31.63
Female,15,50m Butterfly,18,00:27.26
Female,15,100m Butterfly,18,01:00.59
Female,15,200m Butterfly,18,02:14.25
Female,15,50m Backstroke,18,00:29.23
Female,15,100m Backstroke,18,01:02.74
Female,15,200m Backstroke,18,02:14.63
Female,15,200m Individual Medley,18,02:16.42
Female,15,400m Individual Medley,18,04:50.84
Female,15,50m Freestyle,17,00:26.14
Female,15,100m Freestyle,17,00:56.58
Female,15,200m Freestyle,17,02:02.68
Female,15,400m Freestyle,17,04:19.00
Female,15,800m Freestyle,17,08:53.44
Female,15,1500m Freestyle,17,17:02.08
Female,15,50m Butterfly,17,00:27.67
Female,15,100m Butterfly,17,01:01.50
Female,15,200m Butterfly,17,02:16.26
Female,15,50m Backstroke,17,00:29.67
Female,15,100m Backstroke,17,01:03.68
Female,15,200m Backstroke,17,02:16.65
Female,15,200m Individual Medley,17,02:18.47
Female,15,400m Individual Medley,17,04:55.20
Female,15,50m Freestyle,16,00:26.52
Female,15,100m Freestyle,16,00:57.41
Female,15,200m Freestyle,16,02:04.50
Female,15,400m Freestyle,16,04:22.83
Female,15,800m Freestyle,16,09:01.33
Female,15,1500m Freestyle,16,17:17.19
Female,15,50m Butterfly,16,00:28.08
Female,15,100m Butterfly,16,01:02.41
Female,15,200m Butterfly,16,02:18.28
Female,15,50m Backstroke,16,00:30.11
Female,15,100m Backstroke,16,01:04.62
Female,15,200m Backstroke,16,02:18.67
Female,15,200m Individual Medley,16,02:20.51
Female,15,400m Individual Medley,16,04:59.57
Female,15,50m Freestyle,15,00:26.91
Female,15,100m Freestyle,15,00:58.25
Female,15,200m Freestyle,15,02:06.31
Female,15,400m Freestyle,15,04:26.65
Female,15,800m Freestyle,15,09:09.21
Female,15,1500m Freestyle,15,17:32.29
Female,15,50m Butterfly,15,00:28.49
Female,15,100m Butterfly,15,01:03.32
Female,15,200m Butterfly,15,02:20.29
Female,15,50m Backstroke,15,00:30.55
Female,15,100m Backstroke,15,01:05.56
Female,15,200m Backstroke,15,02:20.69
Female,15,200m Individual Medley,15,02:22.56
Female,15,400m Individual Medley,15,05:03.93
Female,15,50m Freestyle,14,00:27.29
Female,15,100m Freestyle,14,00:59.08
Female,15,200m Freestyle,14,02:08.12
Female,15,400m Freestyle,14,04:30.48
Female,15,800m Freestyle,14,09:17.09
Female,15,1500m Freestyle,14,17:47.40
Female,15,50m Butterfly,14,00:28.90
Female,15,100m Butterfly,14,01:04.23
Female,15,200m Butterfly,14,02:22.31
Female,15,50m Backstroke,14,00:30.98
Female,15,100m Backstroke,14,01:06.50
Female,15,200m Backstroke,14,02:22.71
Female,15,200m Individual Medley,14,02:24.61
Female,15,400m Individual Medley,14,05:08.29
Female,15,50m Freestyle,13,00:27.68
Female,15,100m Freestyle,13,00:59.92
Female,15,200m Freestyle,13,02:09.94
Female,15,400m Freestyle,13,04:34.31
Female,15,800m Freestyle,13,09:24.98
Female,15,1500m Freestyle,13,18:02.50
Female,15,50m Butterfly,13,00:29.30
Female,15,100m Butterfly,13,01:05.13
Female,15,200m Butterfly,13,02:24.32
Female,15,50m Backstroke,13,00:31.42
Female,15,100m Backstroke,13,01:07.45
Female,15,200m Backstroke,13,02:24.73
Female,15,200m Individual Medley,13,02:26.65
Female,15,400m Individual Medley,13,05:12.65
Female,15,50m Freestyle,12,00:28.07
Female,15,100m Freestyle,12,01:00.76
Female,15,200m Freestyle,12,02:11.75
Female,15,400m Freestyle,12,04:38.14
Female,15,800m Freestyle,12,09:32.86
Female,15,1500m Freestyle,12,18:17.61
Female,15,50m Butterfly,12,00:29.71
Female,15,100m Butterfly,12,01:06.04
Female,15,200m Butterfly,12,02:26.33
Female,15,50m Backstroke,12,00:31.86
Female,15,100m Backstroke,12,01:08.39
Female,15,200m Backstroke,12,02:26.75
Female,15,200m Individual Medley,12,02:28.70
Female,15,400m Individual Medley,12,05:17.02
Female,15,50m Freestyle,11,00:28.45
Female,15,100m Freestyle,11,01:01.59
Female,15,200m Freestyle,11,02:13.56
Female,15,400m Freestyle,11,04:41.96
Female,15,800m Freestyle,11,09:40.74
Female,15,1500m Freestyle,11,18:32.71
Female,15,50m Butterfly,11,00:30.12
Female,15,100m Butterfly,11,01:06.95
Female,15,200m Butterfly,11,02:28.35
Female,15,50m Backstroke,11,00:32.30
Female,15,100m Backstroke,11,01:09.33
Female,15,200m Backstroke,11,02:28.77
Female,15,200m Individual Medley,11,02:30.74
Female,15,400m Individual Medley,11,05:21.38
Female,15,50m Freestyle,10,00:28.84
Female,15,100m Freestyle,10,01:02.43
Female,15,200m Freestyle,10,02:15.37
Female,15,400m Freestyle,10,04:45.79
Female,15,800m Freestyle,10,09:48.63
Female,15,1500m Freestyle,10,18:47.82
Female,15,50m Butterfly,10,00:30.53
Female,15,100m Butterfly,10,01:07.86
Female,15,200m Butterfly,10,02:30.36
Female,15,50m Backstroke,10,00:32.74
Female,15,100m Backstroke,10,01:10.27
Female,15,200m Backstroke,10,02:30.79
Female,15,200m Individual Medley,10,02:32.79
Female,15,400m Individual Medley,10,05:25.74
Female,15,50m Freestyle,9,00:29.23
Female,15,100m Freestyle,9,01:03.26
Female,15,200m Freestyle,9,02:17.19
Female,15,400m Freestyle,9,04:49.62
Female,15,800m Freestyle,9,09:56.51
Female,15,1500m Freestyle,9,19:02.92
Female,15,50m Butterfly,9,00:30.94
Female,15,100m Butterfly,9,01:08.77
Female,15,200m Butterfly,9,02:32.37
Female,15,50m Backstroke,9,00:33.18
Female,15,100m Backstroke,9,01:11.21
Female,15,200m Backstroke,9,02:32.81
Female,15,200m Individual Medley,9,02:34.84
Female,15,400m Individual Medley,9,05:30.10
Female,15,50m Freestyle,8,00:29.61
Female,15,100m Freestyle,8,01:04.10
Female,15,200m Freestyle,8,02:19.00
Female,15,400m Freestyle,8,04:53.45
Female,15,800m Freestyle,8,10:04.39
Female,15,1500m Freestyle,8,19:18.03
Female,15,50m Butterfly,8,00:31.35
Female,15,100m Butterfly,8,01:09.68
Female,15,200m Butterfly,8,02:34.39
Female,15,50m Backstroke,8,00:33.61
Female,15,100m Backstroke,8,01:12.15
Female,15,200m Backstroke,8,02:34.82
Female,15,200m Individual Medley,8,02:36.88
Female,15,400m Individual Medley,8,05:34.47
Female,15,50m Freestyle,7,00:30.00
Female,15,100m Freestyle,7,01:04.94
Female,15,200m Freestyle,7,02:20.81
Female,15,400m Freestyle,7,04:57.27
Female,15,800m Freestyle,7,10:12.28
Female,15,1500m Freestyle,7,19:33.13
Female,15,50m Butterfly,7,00:31.76
Female,15,100m Butterfly,7,01:10.59
Female,15,200m Butterfly,7,02:36.40
Female,15,50m Backstroke,7,00:34.05
Female,15,100m Backstroke,7,01:13.09
Female,15,200m Backstroke,7,02:36.84
Female,15,200m Individual Medley,7,02:38.93
Female,15,400m Individual Medley,7,05:38.83
Female,15,50m Freestyle,6,00:30.38
Female,15,100m Freestyle,6,01:05.77
Female,15,200m Freestyle,6,02:22.63
Female,15,400m Freestyle,6,05:01.10
Female,15,800m Freestyle,6,10:20.16
Female,15,1500m Freestyle,6,19:48.24
Female,15,50m Butterfly,6,00:32.17
Female,15,100m Butterfly,6,01:11.50
Female,15,200m Butterfly,6,02:38.41
Female,15,50m Backstroke,6,00:34.49
Female,15,100m Backstroke,6,01:14.03
Female,15,200m Backstroke,6,02:38.86
Female,15,200m Individual Medley,6,02:40.98
Female,15,400m Individual Medley,6,05:43.19
Female,15,50m Freestyle,5,00:30.77
Female,15,100m Freestyle,5,01:06.61
Female,15,200m Freestyle,5,02:24.44
Female,15,400m Freestyle,5,05:04.93
Female,15,800m Freestyle,5,10:28.04
Female,15,1500m Freestyle,5,20:03.34
Female,15,50m Butterfly,5,00:32.58
Female,15,100m Butterfly,5,01:12.41
Female,15,200m Butterfly,5,02:40.43
Female,15,50m Backstroke,5,00:34.93
Female,15,100m Backstroke,5,01:14.97
Female,15,200m Backstroke,5,02:40.88
Female,15,200m Individual Medley,5,02:43.02
Female,15,400m Individual Medley,5,05:47.55
Female,15,50m Freestyle,4,00:31.16
Female,15,100m Freestyle,4,01:07.45
Female,15,200m Freestyle,4,02:26.25
Female,15,400m Freestyle,4,05:08.76
Female,15,800m Freestyle,4,10:35.93
Female,15,1500m Freestyle,4,20:18.45
Female,15,50m Butterfly,4,00:32.98
Female,15,100m Butterfly,4,01:13.31
Female,15,200m Butterfly,4,02:42.44
Female,15,50m Backstroke,4,00:35.37
Female,15,100m Backstroke,4,01:15.92
Female,15,200m Backstroke,4,02:42.90
Female,15,200m Individual Medley,4,02:45.07
Female,15,400m Individual Medley,4,05:51.92
Female,15,50m Freestyle,3,00:31.54
Female,15,100m Freestyle,3,01:08.28
Female,15,200m Freestyle,3,02:28.07
Female,15,400m Freestyle,3,05:12.58
Female,15,800m Freestyle,3,10:43.81
Female,15,1500m Freestyle,3,20:33.55
Female,15,50m Butterfly,3,00:33.39
Female,15,100m Butterfly,3,01:14.22
Female,15,200m Butterfly,3,02:44.46
Female,15,50m Backstroke,3,00:35.81
Female,15,100m Backstroke,3,01:16.86
Female,15,200m Backstroke,3,02:44.92
Female,15,200m Individual Medley,3,02:47.11
Female,15,400m Individual Medley,3,05:56.28
Female,15,50m Freestyle,2,00:31.93
Female,15,100m Freestyle,2,01:09.12
Female,15,200m Freestyle,2,02:29.88
Female,15,400m Freestyle,2,05:16.41
Female,15,800m Freestyle,2,10:51.69
Female,15,1500m Freestyle,2,20:48.66
Female,15,50m Butterfly,2,00:33.80
Female,15,100m Butterfly,2,01:15.13
Female,15,200m Butterfly,2,02:46.47
Female,15,50m Backstroke,2,00:36.25
Female,15,100m Backstroke,2,01:17.80
Female,15,200m Backstroke,2,02:46.94
Female,15,200m Individual Medley,2,02:49.16
Female,15,400m Individual Medley,2,06:00.64
Female,15,50m Freestyle,1,00:32.32
Female,15,100m Freestyle,1,01:09.95
Female,15,200m Freestyle,1,02:31.69
Female,15,400m Freestyle,1,05:20.24
Female,15,800m Freestyle,1,10:59.58
Female,15,1500m Freestyle,1,21:03.76
Female,15,50m Butterfly,1,00:34.21
Female,15,100m Butterfly,1,01:16.04
Female,15,200m Butterfly,1,02:48.48
Female,15,50m Backstroke,1,00:36.68
Female,15,100m Backstroke,1,01:18.74
Female,15,200m Backstroke,1,02:48.96
Female,15,200m Individual Medley,1,02:51.21
Female,15,400m Individual Medley,1,06:05.00
Female,16,50m Freestyle,20,00:24.83
Female,16,100m Freestyle,20,00:53.94
Female,16,200m Freestyle,20,01:56.20
Female,16,400m Freestyle,20,04:05.16
Female,16,800m Freestyle,20,08:23.85
Female,16,1500m Freestyle,20,16:07.25
Female,16,50m Butterfly,20,00:26.16
Female,16,100m Butterfly,20,00:58.20
Female,16,200m Butterfly,20,02:08.90
Female,16,50m Backstroke,20,00:28.19
Female,16,100m Backstroke,20,01:00.50
Female,16,200m Backstroke,20,02:09.66
Female,16,200m Individual Medley,20,02:11.31
Female,16,400m Individual Medley,20,04:38.41
Female,16,50m Freestyle,19,00:25.22
Female,16,100m Freestyle,19,00:54.78
Female,16,200m Freestyle,19,01:57.99
Female,16,400m Freestyle,19,04:08.95
Female,16,800m Freestyle,19,08:31.64
Female,16,1500m Freestyle,19,16:22.21
Female,16,50m Butterfly,19,00:26.57
Female,16,100m Butterfly,19,00:59.10
Female,16,200m Butterfly,19,02:10.90
Female,16,50m Backstroke,19,00:28.62
Female,16,100m Backstroke,19,01:01.43
Female,16,200m Backstroke,19,02:11.66
Female,16,200m Individual Medley,19,02:13.34
Female,16,400m Individual Medley,19,04:42.71
Female,16,50m Freestyle,18,00:25.60
Female,16,100m Freestyle,18,00:55.61
Female,16,200m Freestyle,18,01:59.79
Female,16,400m Freestyle,18,04:12.74
Female,16,800m Freestyle,18,08:39.43
Female,16,1500m Freestyle,18,16:37.17
Female,16,50m Breaststroke,18,00:32.02
Female,16,100m Breaststroke,18,01:09.66
Female,16,200m Breaststroke,18,02:29.69
Female,16,50m Butterfly,18,00:26.97
Female,16,100m Butterfly,18,01:00.00
Female,16,200m Butterfly,18,02:12.89
Female,16,50m Backstroke,18,00:29.06
Female,16,100m Backstroke,18,01:02.37
Female,16,200m Backstroke,18,02:13.67
Female,16,200m Individual Medley,18,02:15.37
Female,16,400m Individual Medley,18,04:47.02
Female,16,50m Freestyle,17,00:25.98
Female,16,100m Freestyle,17,00:56.44
Female,16,200m Freestyle,17,02:01.59
Female,16,400m Freestyle,17,04:16.53
Female,16,800m Freestyle,17,08:47.22
Female,16,1500m Freestyle,17,16:52.13
Female,16,50m Butterfly,17,00:27.37
Female,16,100m Butterfly,17,01:00.90
Female,16,200m Butterfly,17,02:14.88
Female,16,50m Backstroke,17,00:29.50
Female,16,100m Backstroke,17,01:03.31
Female,16,200m Backstroke,17,02:15.68
Female,16,200m Individual Medley,17,02:17.40
Female,16,400m Individual Medley,17,04:51.33
Female,16,50m Freestyle,16,00:26.37
Female,16,100m Freestyle,16,00:57.28
Female,16,200m Freestyle,16,02:03.38
Female,16,400m Freestyle,16,04:20.32
Female,16,800m Freestyle,16,08:55.01
Female,16,1500m Freestyle,16,17:07.09
Female,16,50m Butterfly,16,00:27.78
Female,16,100m Butterfly,16,01:01.80
Female,16,200m Butterfly,16,02:16.88
Female,16,50m Backstroke,16,00:29.93
Female,16,100m Backstroke,16,01:04.24
Female,16,200m Backstroke,16,02:17.68
Female,16,200m Individual Medley,16,02:19.43
Female,16,400m Individual Medley,16,04:55.63
Female,16,50m Freestyle,15,00:26.75
Female,16,100m Freestyle,15,00:58.11
Female,16,200m Freestyle,15,02:05.18
Female,16,400m Freestyle,15,04:24.11
Female,16,800m Freestyle,15,09:02.80
Female,16,1500m Freestyle,15,17:22.04
Female,16,50m Butterfly,15,00:28.18
Female,16,100m Butterfly,15,01:02.70
Female,16,200m Butterfly,15,02:18.87
Female,16,50m Backstroke,15,00:30.37
Female,16,100m Backstroke,15,01:05.18
Female,16,200m Backstroke,15,02:19.69
Female,16,200m Individual Medley,15,02:21.46
Female,16,400m Individual Medley,15,04:59.94
Female,16,50m Freestyle,14,00:27.14
Female,16,100m Freestyle,14,00:58.95
Female,16,200m Freestyle,14,02:06.98
Female,16,400m Freestyle,14,04:27.90
Female,16,800m Freestyle,14,09:10.60
Female,16,1500m Freestyle,14,17:37.00
Female,16,50m Butterfly,14,00:28.59
Female,16,100m Butterfly,14,01:03.60
Female,16,200m Butterfly,14,02:20.86
Female,16,50m Backstroke,14,00:30.80
Female,16,100m Backstroke,14,01:06.11
Female,16,200m Backstroke,14,02:21.69
Female,16,200m Individual Medley,14,02:23.49
Female,16,400m Individual Medley,14,05:04.24
Female,16,50m Freestyle,13,00:27.52
Female,16,100m Freestyle,13,00:59.78
Female,16,200m Freestyle,13,02:08.77
Female,16,400m Freestyle,13,04:31.70
Female,16,800m Freestyle,13,09:18.39
Female,16,1500m Freestyle,13,17:51.96
Female,16,50m Butterfly,13,00:28.99
Female,16,100m Butterfly,13,01:04.50
Female,16,200m Butterfly,13,02:22.86
Female,16,50m Backstroke,13,00:31.24
Female,16,100m Backstroke,13,01:07.05
Female,16,200m Backstroke,13,02:23.70
Female,16,200m Individual Medley,13,02:25.52
Female,16,400m Individual Medley,13,05:08.55
Female,16,50m Freestyle,12,00:27.90
Female,16,100m Freestyle,12,01:00.61
Female,16,200m Freestyle,12,02:10.57
Female,16,400m Freestyle,12,04:35.49
Female,16,800m Freestyle,12,09:26.18
Female,16,1500m Freestyle,12,18:06.92
Female,16,50m Butterfly,12,00:29.40
Female,16,100m Butterfly,12,01:05.40
Female,16,200m Butterfly,12,02:24.85
Female,16,50m Backstroke,12,00:31.68
Female,16,100m Backstroke,12,01:07.98
Female,16,200m Backstroke,12,02:25.70
Female,16,200m Individual Medley,12,02:27.55
Female,16,400m Individual Medley,12,05:12.85
Female,16,50m Freestyle,11,00:28.29
Female,16,100m Freestyle,11,01:01.45
Female,16,200m Freestyle,11,02:12.37
Female,16,400m Freestyle,11,04:39.28
Female,16,800m Freestyle,11,09:33.97
Female,16,1500m Freestyle,11,18:21.87
Female,16,50m Butterfly,11,00:29.80
Female,16,100m Butterfly,11,01:06.30
Female,16,200m Butterfly,11,02:26.84
Female,16,50m Backstroke,11,00:32.11
Female,16,100m Backstroke,11,01:08.92
Female,16,200m Backstroke,11,02:27.71
Female,16,200m Individual Medley,11,02:29.58
Female,16,400m Individual Medley,11,05:17.16
Female,16,50m Freestyle,10,00:28.67
Female,16,100m Freestyle,10,01:02.28
Female,16,200m Freestyle,10,02:14.16
Female,16,400m Freestyle,10,04:43.07
Female,16,800m Freestyle,10,09:41.76
Female,16,1500m Freestyle,10,18:36.83
Female,16,50m Butterfly,10,00:30.21
Female,16,100m Butterfly,10,01:07.20
Female,16,200m Butterfly,10,02:28.84
Female,16,50m Backstroke,10,00:32.55
Female,16,100m Backstroke,10,01:09.85
Female,16,200m Backstroke,10,02:29.71
Female,16,200m Individual Medley,10,02:31.61
Female,16,400m Individual Medley,10,05:21.46
Female,16,50m Freestyle,9,00:29.06
Female,16,100m Freestyle,9,01:03.12
Female,16,200m Freestyle,9,02:15.96
Female,16,400m Freestyle,9,04:46.86
Female,16,800m Freestyle,9,09:49.55
Female,16,1500m Freestyle,9,18:51.79
Female,16,50m Butterfly,9,00:30.61
Female,16,100m Butterfly,9,01:08.10
Female,16,200m Butterfly,9,02:30.83
Female,16,50m Backstroke,9,00:32.98
Female,16,100m Backstroke,9,01:10.79
Female,16,200m Backstroke,9,02:31.72
Female,16,200m Individual Medley,9,02:33.64
Female,16,400m Individual Medley,9,05:25.77
Female,16,50m Freestyle,8,00:29.44
Female,16,100m Freestyle,8,01:03.95
Female,16,200m Freestyle,8,02:17.76
Female,16,400m Freestyle,8,04:50.65
Female,16,800m Freestyle,8,09:57.34
Female,16,1500m Freestyle,8,19:06.75
Female,16,50m Butterfly,8,00:31.02
Female,16,100m Butterfly,8,01:09.00
Female,16,200m Butterfly,8,02:32.82
Female,16,50m Backstroke,8,00:33.42
Female,16,100m Backstroke,8,01:11.73
Female,16,200m Backstroke,8,02:33.72
Female,16,200m Individual Medley,8,02:35.68
Female,16,400m Individual Medley,8,05:30.07
Female,16,50m Freestyle,7,00:29.82
Female,16,100m Freestyle,7,01:04.79
Female,16,200m Freestyle,7,02:19.56
Female,16,400m Freestyle,7,04:54.44
Female,16,800m Freestyle,7,10:05.14
Female,16,1500m Freestyle,7,19:21.70
Female,16,50m Butterfly,7,00:31.42
Female,16,100m Butterfly,7,01:09.90
Female,16,200m Butterfly,7,02:34.82
Female,16,50m Backstroke,7,00:33.85
Female,16,100m Backstroke,7,01:12.66
Female,16,200m Backstroke,7,02:35.73
Female,16,200m Individual Medley,7,02:37.71
Female,16,400m Individual Medley,7,05:34.38
Female,16,50m Freestyle,6,00:30.21
Female,16,100m Freestyle,6,01:05.62
Female,16,200m Freestyle,6,02:21.35
Female,16,400m Freestyle,6,04:58.23
Female,16,800m Freestyle,6,10:12.93
Female,16,1500m Freestyle,6,19:36.66
Female,16,50m Butterfly,6,00:31.82
Female,16,100m Butterfly,6,01:10.80
Female,16,200m Butterfly,6,02:36.81
Female,16,50m Backstroke,6,00:34.29
Female,16,100m Backstroke,6,01:13.60
Female,16,200m Backstroke,6,02:37.73
Female,16,200m Individual Medley,6,02:39.74
Female,16,400m Individual Medley,6,05:38.68
Female,16,50m Freestyle,5,00:30.59
Female,16,100m Freestyle,5,01:06.45
Female,16,200m Freestyle,5,02:23.15
Female,16,400m Freestyle,5,05:02.02
Female,16,800m Freestyle,5,10:20.72
Female,16,1500m Freestyle,5,19:51.62
Female,16,50m Butterfly,5,00:32.23
Female,16,100m Butterfly,5,01:11.70
Female,16,200m Butterfly,5,02:38.80
Female,16,50m Backstroke,5,00:34.73
Female,16,100m Backstroke,5,01:14.53
Female,16,200m Backstroke,5,02:39.74
Female,16,200m Individual Medley,5,02:41.77
Female,16,400m Individual Medley,5,05:42.99
Female,16,50m Freestyle,4,00:30.98
Female,16,100m Freestyle,4,01:07.29
Female,16,200m Freestyle,4,02:24.95
Female,16,400m Freestyle,4,05:05.82
Female,16,800m Freestyle,4,10:28.51
Female,16,1500m Freestyle,4,20:06.58
Female,16,50m Butterfly,4,00:32.63
Female,16,100m Butterfly,4,01:12.60
Female,16,200m Butterfly,4,02:40.80
Female,16,50m Backstroke,4,00:35.16
Female,16,100m Backstroke,4,01:15.47
Female,16,200m Backstroke,4,02:41.74
Female,16,200m Individual Medley,4,02:43.80
Female,16,400m Individual Medley,4,05:47.29
Female,16,50m Freestyle,3,00:31.36
Female,16,100m Freestyle,3,01:08.12
Female,16,200m Freestyle,3,02:26.74
Female,16,400m Freestyle,3,05:09.61
Female,16,800m Freestyle,3,10:36.30
Female,16,1500m Freestyle,3,20:21.53
Female,16,50m Butterfly,3,00:33.04
Female,16,100m Butterfly,3,01:13.50
Female,16,200m Butterfly,3,02:42.79
Female,16,50m Backstroke,3,00:35.60
Female,16,100m Backstroke,3,01:16.40
Female,16,200m Backstroke,3,02:43.75
Female,16,200m Individual Medley,3,02:45.83
Female,16,400m Individual Medley,3,05:51.60
Female,16,50m Freestyle,2,00:31.74
Female,16,100m Freestyle,2,01:08.96
Female,16,200m Freestyle,2,02:28.54
Female,16,400m Freestyle,2,05:13.40
Female,16,800m Freestyle,2,10:44.09
Female,16,1500m Freestyle,2,20:36.49
Female,16,50m Butterfly,2,00:33.44
Female,16,100m Butterfly,2,01:14.40
Female,16,200m Butterfly,2,02:44.78
Female,16,50m Backstroke,2,00:36.03
Female,16,100m Backstroke,2,01:17.34
Female,16,200m Backstroke,2,02:45.75
Female,16,200m Individual Medley,2,02:47.86
Female,16,400m Individual Medley,2,05:55.90
Female,16,50m Freestyle,1,00:32.13
Female,16,100m Freestyle,1,01:09.79
Female,16,200m Freestyle,1,02:30.34
Female,16,400m Freestyle,1,05:17.19
Female,16,800m Freestyle,1,10:51.88
Female,16,1500m Freestyle,1,20:51.45
Female,16,50m Butterfly,1,00:33.85
Female,16,100m Butterfly,1,01:15.30
Female,16,200m Butterfly,1,02:46.78
Female,16,50m Backstroke,1,00:36.47
Female,16,100m Backstroke,1,01:18.27
Female,16,200m Backstroke,1,02:47.76
Female,16,200m Individual Medley,1,02:49.89
Female,16,400m Individual Medley,1,06:00.21
Female,17,50m Freestyle,20,00:24.71
Female,17,100m Freestyle,20,00:53.67
Female,17,200m Freestyle,20,01:55.44
Female,17,400m Freestyle,20,04:04.38
Female,17,800m Freestyle,20,08:22.63
Female,17,1500m Freestyle,20,15:55.45
Female,17,50m Butterfly,20,00:25.90
Female,17,100m Butterfly,20,00:57.91
Female,17,200m Butterfly,20,02:08.04
Female,17,50m Backstroke,20,00:27.83
Female,17,100m Backstroke,20,00:59.89
Female,17,200m Backstroke,20,02:08.85
Female,17,200m Individual Medley,20,02:10.43
Female,17,400m Individual Medley,20,04:37.28
Female,17,50m Freestyle,19,00:25.09
Female,17,100m Freestyle,19,00:54.50
Female,17,200m Freestyle,19,01:57.22
Female,17,400m Freestyle,19,04:08.16
Female,17,800m Freestyle,19,08:30.41
Female,17,1500m Freestyle,19,16:10.23
Female,17,50m Butterfly,19,00:26.30
Female,17,100m Butterfly,19,00:58.80
Female,17,200m Butterfly,19,02:10.02
Female,17,50m Backstroke,19,00:28.26
Female,17,100m Backstroke,19,01:00.81
Female,17,200m Backstroke,19,02:10.85
Female,17,200m Individual Medley,19,02:12.44
Female,17,400m Individual Medley,19,04:41.57
Female,17,50m Freestyle,18,00:25.47
Female,17,100m Freestyle,18,00:55.33
Female,17,200m Freestyle,18,01:59.01
Female,17,400m Freestyle,18,04:11.94
Female,17,800m Freestyle,18,08:38.18
Female,17,1500m Freestyle,18,16:25.00
Female,17,50m Breaststroke,18,00:31.93
Female,17,100m Breaststroke,18,01:09.40
Female,17,200m Breaststroke,18,02:28.50
Female,17,50m Butterfly,18,00:26.70
Female,17,100m Butterfly,18,00:59.70
Female,17,200m Butterfly,18,02:12.00
Female,17,50m Backstroke,18,00:28.69
Female,17,100m Backstroke,18,01:01.74
Female,17,200m Backstroke,18,02:12.84
Female,17,200m Individual Medley,18,02:14.46
Female,17,400m Individual Medley,18,04:45.86
Female,17,50m Freestyle,17,00:25.85
Female,17,100m Freestyle,17,00:56.16
Female,17,200m Freestyle,17,02:00.80
Female,17,400m Freestyle,17,04:15.72
Female,17,800m Freestyle,17,08:45.95
Female,17,1500m Freestyle,17,16:39.78
Female,17,50m Butterfly,17,00:27.10
Female,17,100m Butterfly,17,01:00.60
Female,17,200m Butterfly,17,02:13.98
Female,17,50m Backstroke,17,00:29.12
Female,17,100m Backstroke,17,01:02.67
Female,17,200m Backstroke,17,02:14.83
Female,17,200m Individual Medley,17,02:16.48
Female,17,400m Individual Medley,17,04:50.15
Female,17,50m Freestyle,16,00:26.23
Female,17,100m Freestyle,16,00:56.99
Female,17,200m Freestyle,16,02:02.58
Female,17,400m Freestyle,16,04:19.50
Female,17,800m Freestyle,16,08:53.73
Female,17,1500m Freestyle,16,16:54.55
Female,17,50m Butterfly,16,00:27.50
Female,17,100m Butterfly,16,01:01.49
Female,17,200m Butterfly,16,02:15.96
Female,17,50m Backstroke,16,00:29.55
Female,17,100m Backstroke,16,01:03.59
Female,17,200m Backstroke,16,02:16.83
Female,17,200m Individual Medley,16,02:18.49
Female,17,400m Individual Medley,16,04:54.44
Female,17,50m Freestyle,15,00:26.62
Female,17,100m Freestyle,15,00:57.82
Female,17,200m Freestyle,15,02:04.37
Female,17,400m Freestyle,15,04:23.28
Female,17,800m Freestyle,15,09:01.50
Female,17,1500m Freestyle,15,17:09.33
Female,17,50m Butterfly,15,00:27.90
Female,17,100m Butterfly,15,01:02.39
Female,17,200m Butterfly,15,02:17.94
Female,17,50m Backstroke,15,00:29.98
Female,17,100m Backstroke,15,01:04.52
Female,17,200m Backstroke,15,02:18.82
Female,17,200m Individual Medley,15,02:20.51
Female,17,400m Individual Medley,15,04:58.72
Female,17,50m Freestyle,14,00:27.00
Female,17,100m Freestyle,14,00:58.65
Female,17,200m Freestyle,14,02:06.15
Female,17,400m Freestyle,14,04:27.06
Female,17,800m Freestyle,14,09:09.27
Female,17,1500m Freestyle,14,17:24.10
Female,17,50m Butterfly,14,00:28.30
Female,17,100m Butterfly,14,01:03.28
Female,17,200m Butterfly,14,02:19.92
Female,17,50m Backstroke,14,00:30.41
Female,17,100m Backstroke,14,01:05.44
Female,17,200m Backstroke,14,02:20.81
Female,17,200m Individual Medley,14,02:22.53
Female,17,400m Individual Medley,14,05:03.01
Female,17,50m Freestyle,13,00:27.38
Female,17,100m Freestyle,13,00:59.48
Female,17,200m Freestyle,13,02:07.94
Female,17,400m Freestyle,13,04:30.84
Female,17,800m Freestyle,13,09:17.04
Female,17,1500m Freestyle,13,17:38.88
Female,17,50m Butterfly,13,00:28.70
Female,17,100m Butterfly,13,01:04.18
Female,17,200m Butterfly,13,02:21.90
Female,17,50m Backstroke,13,00:30.84
Female,17,100m Backstroke,13,01:06.37
Female,17,200m Backstroke,13,02:22.80
Female,17,200m Individual Medley,13,02:24.54
Female,17,400m Individual Medley,13,05:07.30
Female,17,50m Freestyle,12,00:27.76
Female,17,100m Freestyle,12,01:00.31
Female,17,200m Freestyle,12,02:09.72
Female,17,400m Freestyle,12,04:34.61
Female,17,800m Freestyle,12,09:24.82
Female,17,1500m Freestyle,12,17:53.65
Female,17,50m Butterfly,12,00:29.10
Female,17,100m Butterfly,12,01:05.07
Female,17,200m Butterfly,12,02:23.88
Female,17,50m Backstroke,12,00:31.27
Female,17,100m Backstroke,12,01:07.30
Female,17,200m Backstroke,12,02:24.80
Female,17,200m Individual Medley,12,02:26.56
Female,17,400m Individual Medley,12,05:11.59
Female,17,50m Freestyle,11,00:28.14
Female,17,100m Freestyle,11,01:01.14
Female,17,200m Freestyle,11,02:11.51
Female,17,400m Freestyle,11,04:38.39
Female,17,800m Freestyle,11,09:32.59
Female,17,1500m Freestyle,11,18:08.43
Female,17,50m Butterfly,11,00:29.50
Female,17,100m Butterfly,11,01:05.97
Female,17,200m Butterfly,11,02:25.86
Female,17,50m Backstroke,11,00:31.70
Female,17,100m Backstroke,11,01:08.22
Female,17,200m Backstroke,11,02:26.79
Female,17,200m Individual Medley,11,02:28.58
Female,17,400m Individual Medley,11,05:15.88
Female,17,50m Freestyle,10,00:28.53
Female,17,100m Freestyle,10,01:01.97
Female,17,200m Freestyle,10,02:13.29
Female,17,400m Freestyle,10,04:42.17
Female,17,800m Freestyle,10,09:40.36
Female,17,1500m Freestyle,10,18:23.20
Female,17,50m Butterfly,10,00:29.90
Female,17,100m Butterfly,10,01:06.86
Female,17,200m Butterfly,10,02:27.84
Female,17,50m Backstroke,10,00:32.13
Female,17,100m Backstroke,10,01:09.15
Female,17,200m Backstroke,10,02:28.78
Female,17,200m Individual Medley,10,02:30.60
Female,17,400m Individual Medley,10,05:20.16
Female,17,50m Freestyle,9,00:28.91
Female,17,100m Freestyle,9,01:02.80
Female,17,200m Freestyle,9,02:15.08
Female,17,400m Freestyle,9,04:45.95
Female,17,800m Freestyle,9,09:48.13
Female,17,1500m Freestyle,9,18:37.98
Female,17,50m Butterfly,9,00:30.30
Female,17,100m Butterfly,9,01:07.76
Female,17,200m Butterfly,9,02:29.82
Female,17,50m Backstroke,9,00:32.56
Female,17,100m Backstroke,9,01:10.07
Female,17,200m Backstroke,9,02:30.77
Female,17,200m Individual Medley,9,02:32.61
Female,17,400m Individual Medley,9,05:24.45
Female,17,50m Freestyle,8,00:29.29
Female,17,100m Freestyle,8,01:03.63
Female,17,200m Freestyle,8,02:16.86
Female,17,400m Freestyle,8,04:49.73
Female,17,800m Freestyle,8,09:55.91
Female,17,1500m Freestyle,8,18:52.75
Female,17,50m Butterfly,8,00:30.71
Female,17,100m Butterfly,8,01:08.65
Female,17,200m Butterfly,8,02:31.80
Female,17,50m Backstroke,8,00:32.99
Female,17,100m Backstroke,8,01:11.00
Female,17,200m Backstroke,8,02:32.77
Female,17,200m Individual Medley,8,02:34.63
Female,17,400m Individual Medley,8,05:28.74
Female,17,50m Freestyle,7,00:29.67
Female,17,100m Freestyle,7,01:04.46
Female,17,200m Freestyle,7,02:18.65
Female,17,400m Freestyle,7,04:53.51
Female,17,800m Freestyle,7,10:03.68
Female,17,1500m Freestyle,7,19:07.53
Female,17,50m Butterfly,7,00:31.11
Female,17,100m Butterfly,7,01:09.55
Female,17,200m Butterfly,7,02:33.78
Female,17,50m Backstroke,7,00:33.42
Female,17,100m Backstroke,7,01:11.93
Female,17,200m Backstroke,7,02:34.76
Female,17,200m Individual Medley,7,02:36.65
Female,17,400m Individual Medley,7,05:33.03
Female,17,50m Freestyle,6,00:30.05
Female,17,100m Freestyle,6,01:05.29
Female,17,200m Freestyle,6,02:20.43
Female,17,400m Freestyle,6,04:57.29
Female,17,800m Freestyle,6,10:11.45
Female,17,1500m Freestyle,6,19:22.30
Female,17,50m Butterfly,6,00:31.51
Female,17,100m Butterfly,6,01:10.45
Female,17,200m Butterfly,6,02:35.76
Female,17,50m Backstroke,6,00:33.85
Female,17,100m Backstroke,6,01:12.85
Female,17,200m Backstroke,6,02:36.75
Female,17,200m Individual Medley,6,02:38.66
Female,17,400m Individual Medley,6,05:37.31
Female,17,50m Freestyle,5,00:30.44
Female,17,100m Freestyle,5,01:06.12
Female,17,200m Freestyle,5,02:22.22
Female,17,400m Freestyle,5,05:01.07
Female,17,800m Freestyle,5,10:19.23
Female,17,1500m Freestyle,5,19:37.08
Female,17,50m Butterfly,5,00:31.91
Female,17,100m Butterfly,5,01:11.34
Female,17,200m Butterfly,5,02:37.74
Female,17,50m Backstroke,5,00:34.28
Female,17,100m Backstroke,5,01:13.78
Female,17,200m Backstroke,5,02:38.74
Female,17,200m Individual Medley,5,02:40.68
Female,17,400m Individual Medley,5,05:41.60
Female,17,50m Freestyle,4,00:30.82
Female,17,100m Freestyle,4,01:06.95
Female,17,200m Freestyle,4,02:24.00
Female,17,400m Freestyle,4,05:04.85
Female,17,800m Freestyle,4,10:27.00
Female,17,1500m Freestyle,4,19:51.85
Female,17,50m Butterfly,4,00:32.31
Female,17,100m Butterfly,4,01:12.24
Female,17,200m Butterfly,4,02:39.72
Female,17,50m Backstroke,4,00:34.71
Female,17,100m Backstroke,4,01:14.71
Female,17,200m Backstroke,4,02:40.74
Female,17,200m Individual Medley,4,02:42.70
Female,17,400m Individual Medley,4,05:45.89
Female,17,50m Freestyle,3,00:31.20
Female,17,100m Freestyle,3,01:07.78
Female,17,200m Freestyle,3,02:25.79
Female,17,400m Freestyle,3,05:08.63
Female,17,800m Freestyle,3,10:34.77
Female,17,1500m Freestyle,3,20:06.63
Female,17,50m Butterfly,3,00:32.71
Female,17,100m Butterfly,3,01:13.13
Female,17,200m Butterfly,3,02:41.70
Female,17,50m Backstroke,3,00:35.15
Female,17,100m Backstroke,3,01:15.63
Female,17,200m Backstroke,3,02:42.73
Female,17,200m Individual Medley,3,02:44.71
Female,17,400m Individual Medley,3,05:50.18
Female,17,50m Freestyle,2,00:31.58
Female,17,100m Freestyle,2,01:08.61
Female,17,200m Freestyle,2,02:27.57
Female,17,400m Freestyle,2,05:12.41
Female,17,800m Freestyle,2,10:42.54
Female,17,1500m Freestyle,2,20:21.40
Female,17,50m Butterfly,2,00:33.11
Female,17,100m Butterfly,2,01:14.03
Female,17,200m Butterfly,2,02:43.68
Female,17,50m Backstroke,2,00:35.58
Female,17,100m Backstroke,2,01:16.56
Female,17,200m Backstroke,2,02:44.72
Female,17,200m Individual Medley,2,02:46.73
Female,17,400m Individual Medley,2,05:54.47
Female,17,50m Freestyle,1,00:31.96
Female,17,100m Freestyle,1,01:09.44
Female,17,200m Freestyle,1,02:29.36
Female,17,400m Freestyle,1,05:16.18
Female,17,800m Freestyle,1,10:50.32
Female,17,1500m Freestyle,1,20:36.18
Female,17,50m Butterfly,1,00:33.51
Female,17,100m Butterfly,1,01:14.92
Female,17,200m Butterfly,1,02:45.66
Female,17,50m Backstroke,1,00:36.01
Female,17,100m Backstroke,1,01:17.48
Female,17,200m Backstroke,1,02:46.71
Female,17,200m Individual Medley,1,02:48.75
Female,17,400m Individual Medley,1,05:58.75
Female,18,50m Freestyle,20,00:24.54
Female,18,100m Freestyle,20,00:53.61
Female,18,200m Freestyle,20,01:54.95
Female,18,400m Freestyle,20,04:02.94
Female,18,800m Freestyle,20,08:19.14
Female,18,1500m Freestyle,20,15:50.60
Female,18,50m Butterfly,20,00:25.70
Female,18,100m Butterfly,20,00:57.23
Female,18,200m Butterfly,20,02:06.78
Female,18,50m Backstroke,20,00:27.74
Female,18,100m Backstroke,20,00:59.65
Female,18,200m Backstroke,20,02:07.85
Female,18,200m Individual Medley,20,02:10.09
Female,18,400m Individual Medley,20,04:36.24
Female,18,50m Freestyle,19,00:24.92
Female,18,100m Freestyle,19,00:54.44
Female,18,200m Freestyle,19,01:56.72
Female,18,400m Freestyle,19,04:06.69
Female,18,800m Freestyle,19,08:26.86
Female,18,1500m Freestyle,19,16:05.30
Female,18,50m Butterfly,19,00:26.10
Female,18,100m Butterfly,19,00:58.11
Female,18,200m Butterfly,19,02:08.74
Female,18,50m Backstroke,19,00:28.17
Female,18,100m Backstroke,19,01:00.58
Female,18,200m Backstroke,19,02:09.82
Female,18,200m Individual Medley,19,02:12.10
Female,18,400m Individual Medley,19,04:40.51
Female,18,50m Freestyle,18,00:25.30
Female,18,100m Freestyle,18,00:55.27
Female,18,200m Freestyle,18,01:58.50
Female,18,400m Freestyle,18,04:10.45
Female,18,800m Freestyle,18,08:34.58
Female,18,1500m Freestyle,18,16:20.00
Female,18,50m Breaststroke,18,00:31.81
Female,18,100m Breaststroke,18,01:08.90
Female,18,200m Breaststroke,18,02:28.00
Female,18,50m Butterfly,18,00:26.50
Female,18,100m Butterfly,18,00:59.00
Female,18,200m Butterfly,18,02:10.70
Female,18,50m Backstroke,18,00:28.60
Female,18,100m Backstroke,18,01:01.50
Female,18,200m Backstroke,18,02:11.80
Female,18,200m Individual Medley,18,02:14.11
Female,18,400m Individual Medley,18,04:44.78
Female,18,50m Freestyle,17,00:25.68
Female,18,100m Freestyle,17,00:56.10
Female,18,200m Freestyle,17,02:00.28
Female,18,400m Freestyle,17,04:14.21
Female,18,800m Freestyle,17,08:42.30
Female,18,1500m Freestyle,17,16:34.70
Female,18,50m Butterfly,17,00:26.90
Female,18,100m Butterfly,17,00:59.88
Female,18,200m Butterfly,17,02:12.66
Female,18,50m Backstroke,17,00:29.03
Female,18,100m Backstroke,17,01:02.42
Female,18,200m Backstroke,17,02:13.78
Female,18,200m Individual Medley,17,02:16.12
Female,18,400m Individual Medley,17,04:49.05
Female,18,50m Freestyle,16,00:26.06
Female,18,100m Freestyle,16,00:56.93
Female,18,200m Freestyle,16,02:02.06
Female,18,400m Freestyle,16,04:17.96
Female,18,800m Freestyle,16,08:50.02
Female,18,1500m Freestyle,16,16:49.40
Female,18,50m Butterfly,16,00:27.29
Female,18,100m Butterfly,16,01:00.77
Female,18,200m Butterfly,16,02:14.62
Female,18,50m Backstroke,16,00:29.46
Female,18,100m Backstroke,16,01:03.35
Female,18,200m Backstroke,16,02:15.75
Female,18,200m Individual Medley,16,02:18.13
Female,18,400m Individual Medley,16,04:53.32
Female,18,50m Freestyle,15,00:26.44
Female,18,100m Freestyle,15,00:57.76
Female,18,200m Freestyle,15,02:03.83
Female,18,400m Freestyle,15,04:21.72
Female,18,800m Freestyle,15,08:57.74
Female,18,1500m Freestyle,15,17:04.10
Female,18,50m Butterfly,15,00:27.69
Female,18,100m Butterfly,15,01:01.65
Female,18,200m Butterfly,15,02:16.58
Female,18,50m Backstroke,15,00:29.89
Female,18,100m Backstroke,15,01:04.27
Female,18,200m Backstroke,15,02:17.73
Female,18,200m Individual Medley,15,02:20.14
Female,18,400m Individual Medley,15,04:57.60
Female,18,50m Freestyle,14,00:26.82
Female,18,100m Freestyle,14,00:58.59
Female,18,200m Freestyle,14,02:05.61
Female,18,400m Freestyle,14,04:25.48
Female,18,800m Freestyle,14,09:05.45
Female,18,1500m Freestyle,14,17:18.80
Female,18,50m Butterfly,14,00:28.09
Female,18,100m Butterfly,14,01:02.54
Female,18,200m Butterfly,14,02:18.54
Female,18,50m Backstroke,14,00:30.32
Female,18,100m Backstroke,14,01:05.19
Female,18,200m Backstroke,14,02:19.71
Female,18,200m Individual Medley,14,02:22.16
Female,18,400m Individual Medley,14,05:01.87
Female,18,50m Freestyle,13,00:27.20
Female,18,100m Freestyle,13,00:59.42
Female,18,200m Freestyle,13,02:07.39
Female,18,400m Freestyle,13,04:29.23
Female,18,800m Freestyle,13,09:13.17
Female,18,1500m Freestyle,13,17:33.50
Female,18,50m Butterfly,13,00:28.49
Female,18,100m Butterfly,13,01:03.42
Female,18,200m Butterfly,13,02:20.50
Female,18,50m Backstroke,13,00:30.74
Female,18,100m Backstroke,13,01:06.11
Female,18,200m Backstroke,13,02:21.68
Female,18,200m Individual Medley,13,02:24.17
Female,18,400m Individual Medley,13,05:06.14
Female,18,50m Freestyle,12,00:27.58
Female,18,100m Freestyle,12,01:00.24
Female,18,200m Freestyle,12,02:09.17
Female,18,400m Freestyle,12,04:32.99
Female,18,800m Freestyle,12,09:20.89
Female,18,1500m Freestyle,12,17:48.20
Female,18,50m Butterfly,12,00:28.89
Female,18,100m Butterfly,12,01:04.31
Female,18,200m Butterfly,12,02:22.46
Female,18,50m Backstroke,12,00:31.17
Female,18,100m Backstroke,12,01:07.04
Female,18,200m Backstroke,12,02:23.66
Female,18,200m Individual Medley,12,02:26.18
Female,18,400m Individual Medley,12,05:10.41
Female,18,50m Freestyle,11,00:27.96
Female,18,100m Freestyle,11,01:01.07
Female,18,200m Freestyle,11,02:10.94
Female,18,400m Freestyle,11,04:36.75
Female,18,800m Freestyle,11,09:28.61
Female,18,1500m Freestyle,11,18:02.90
Female,18,50m Butterfly,11,00:29.28
Female,18,100m Butterfly,11,01:05.19
Female,18,200m Butterfly,11,02:24.42
Female,18,50m Backstroke,11,00:31.60
Female,18,100m Backstroke,11,01:07.96
Female,18,200m Backstroke,11,02:25.64
Female,18,200m Individual Medley,11,02:28.19
Female,18,400m Individual Medley,11,05:14.68
Female,18,50m Freestyle,10,00:28.34
Female,18,100m Freestyle,10,01:01.90
Female,18,200m Freestyle,10,02:12.72
Female,18,400m Freestyle,10,04:40.50
Female,18,800m Freestyle,10,09:36.33
Female,18,1500m Freestyle,10,18:17.60
Female,18,50m Butterfly,10,00:29.68
Female,18,100m Butterfly,10,01:06.08
Female,18,200m Butterfly,10,02:26.38
Female,18,50m Backstroke,10,00:32.03
Female,18,100m Backstroke,10,01:08.88
Female,18,200m Backstroke,10,02:27.62
Female,18,200m Individual Medley,10,02:30.20
Female,18,400m Individual Medley,10,05:18.95
Female,18,50m Freestyle,9,00:28.72
Female,18,100m Freestyle,9,01:02.73
Female,18,200m Freestyle,9,02:14.50
Female,18,400m Freestyle,9,04:44.26
Female,18,800m Freestyle,9,09:44.05
Female,18,1500m Freestyle,9,18:32.30
Female,18,50m Butterfly,9,00:30.08
Female,18,100m Butterfly,9,01:06.96
Female,18,200m Butterfly,9,02:28.34
Female,18,50m Backstroke,9,00:32.46
Female,18,100m Backstroke,9,01:09.80
Female,18,200m Backstroke,9,02:29.59
Female,18,200m Individual Medley,9,02:32.21
Female,18,400m Individual Medley,9,05:23.23
Female,18,50m Freestyle,8,00:29.09
Female,18,100m Freestyle,8,01:03.56
Female,18,200m Freestyle,8,02:16.28
Female,18,400m Freestyle,8,04:48.02
Female,18,800m Freestyle,8,09:51.77
Female,18,1500m Freestyle,8,18:47.00
Female,18,50m Butterfly,8,00:30.47
Female,18,100m Butterfly,8,01:07.85
Female,18,200m Butterfly,8,02:30.30
Female,18,50m Backstroke,8,00:32.89
Female,18,100m Backstroke,8,01:10.72
Female,18,200m Backstroke,8,02:31.57
Female,18,200m Individual Medley,8,02:34.23
Female,18,400m Individual Medley,8,05:27.50
Female,18,50m Freestyle,7,00:29.47
Female,18,100m Freestyle,7,01:04.39
Female,18,200m Freestyle,7,02:18.05
Female,18,400m Freestyle,7,04:51.77
Female,18,800m Freestyle,7,09:59.49
Female,18,1500m Freestyle,7,19:01.70
Female,18,50m Butterfly,7,00:30.87
Female,18,100m Butterfly,7,01:08.73
Female,18,200m Butterfly,7,02:32.27
Female,18,50m Backstroke,7,00:33.32
Female,18,100m Backstroke,7,01:11.65
Female,18,200m Backstroke,7,02:33.55
Female,18,200m Individual Medley,7,02:36.24
Female,18,400m Individual Medley,7,05:31.77
Female,18,50m Freestyle,6,00:29.85
Female,18,100m Freestyle,6,01:05.22
Female,18,200m Freestyle,6,02:19.83
Female,18,400m Freestyle,6,04:55.53
Female,18,800m Freestyle,6,10:07.20
Female,18,1500m Freestyle,6,19:16.40
Female,18,50m Butterfly,6,00:31.27
Female,18,100m Butterfly,6,01:09.62
Female,18,200m Butterfly,6,02:34.23
Female,18,50m Backstroke,6,00:33.75
Female,18,100m Backstroke,6,01:12.57
Female,18,200m Backstroke,6,02:35.52
Female,18,200m Individual Medley,6,02:38.25
Female,18,400m Individual Medley,6,05:36.04
Female,18,50m Freestyle,5,00:30.23
Female,18,100m Freestyle,5,01:06.05
Female,18,200m Freestyle,5,02:21.61
Female,18,400m Freestyle,5,04:59.29
Female,18,800m Freestyle,5,10:14.92
Female,18,1500m Freestyle,5,19:31.10
Female,18,50m Butterfly,5,00:31.67
Female,18,100m Butterfly,5,01:10.51
Female,18,200m Butterfly,5,02:36.19
Female,18,50m Backstroke,5,00:34.18
Female,18,100m Backstroke,5,01:13.49
Female,18,200m Backstroke,5,02:37.50
Female,18,200m Individual Medley,5,02:40.26
Female,18,400m Individual Medley,5,05:40.31
Female,18,50m Freestyle,4,00:30.61
Female,18,100m Freestyle,4,01:06.88
Female,18,200m Freestyle,4,02:23.38
Female,18,400m Freestyle,4,05:03.04
Female,18,800m Freestyle,4,10:22.64
Female,18,1500m Freestyle,4,19:45.80
Female,18,50m Butterfly,4,00:32.07
Female,18,100m Butterfly,4,01:11.39
Female,18,200m Butterfly,4,02:38.15
Female,18,50m Backstroke,4,00:34.61
Female,18,100m Backstroke,4,01:14.41
Female,18,200m Backstroke,4,02:39.48
Female,18,200m Individual Medley,4,02:42.27
Female,18,400m Individual Medley,4,05:44.58
Female,18,50m Freestyle,3,00:30.99
Female,18,100m Freestyle,3,01:07.71
Female,18,200m Freestyle,3,02:25.16
Female,18,400m Freestyle,3,05:06.80
Female,18,800m Freestyle,3,10:30.36
Female,18,1500m Freestyle,3,20:00.50
Female,18,50m Butterfly,3,00:32.46
Female,18,100m Butterfly,3,01:12.28
Female,18,200m Butterfly,3,02:40.11
Female,18,50m Backstroke,3,00:35.03
Female,18,100m Backstroke,3,01:15.34
Female,18,200m Backstroke,3,02:41.45
Female,18,200m Individual Medley,3,02:44.28
Female,18,400m Individual Medley,3,05:48.86
Female,18,50m Freestyle,2,00:31.37
Female,18,100m Freestyle,2,01:08.53
Female,18,200m Freestyle,2,02:26.94
Female,18,400m Freestyle,2,05:10.56
Female,18,800m Freestyle,2,10:38.08
Female,18,1500m Freestyle,2,20:15.20
Female,18,50m Butterfly,2,00:32.86
Female,18,100m Butterfly,2,01:13.16
Female,18,200m Butterfly,2,02:42.07
Female,18,50m Backstroke,2,00:35.46
Female,18,100m Backstroke,2,01:16.26
Female,18,200m Backstroke,2,02:43.43
Female,18,200m Individual Medley,2,02:46.30
Female,18,400m Individual Medley,2,05:53.13
Female,18,50m Freestyle,1,00:31.75
Female,18,100m Freestyle,1,01:09.36
Female,18,200m Freestyle,1,02:28.72
Female,18,400m Freestyle,1,05:14.31
Female,18,800m Freestyle,1,10:45.80
Female,18,1500m Freestyle,1,20:29.90
Female,18,50m Butterfly,1,00:33.26
Female,18,100m Butterfly,1,01:14.04
Female,18,200m Butterfly,1,02:44.03
Female,18,50m Backstroke,1,00:35.89
Female,18,100m Backstroke,1,01:17.18
Female,18,200m Backstroke,1,02:45.41
Female,18,200m Individual Medley,1,02:48.31
Female,18,400m Individual Medley,1,05:57.40
Female,Unknown,50m Freestyle,20,00:24.10
Female,Unknown,100m Freestyle,20,00:52.51
Female,Unknown,200m Freestyle,20,01:53.81
Female,Unknown,400m Freestyle,20,03:59.20
Female,Unknown,800m Freestyle,20,08:10.38
Female,Unknown,1500m Freestyle,20,15:36.22
Female,Unknown,50m Butterfly,20,00:25.38
Female,Unknown,100m Butterfly,20,00:56.46
Female,Unknown,200m Butterfly,20,02:05.25
Female,Unknown,50m Backstroke,20,00:27.31
Female,Unknown,100m Backstroke,20,00:58.60
Female,Unknown,200m Backstroke,20,02:06.10
Female,Unknown,200m Individual Medley,20,02:08.94
Female,Unknown,400m Individual Medley,20,04:33.25
Female,Unknown,50m Freestyle,19,00:24.48
Female,Unknown,100m Freestyle,19,00:53.32
Female,Unknown,200m Freestyle,19,01:55.57
Female,Unknown,400m Freestyle,19,04:02.90
Female,Unknown,800m Freestyle,19,08:17.97
Female,Unknown,1500m Freestyle,19,15:50.70
Female,Unknown,50m Butterfly,19,00:25.78
Female,Unknown,100m Butterfly,19,00:57.34
Female,Unknown,200m Butterfly,19,02:07.18
Female,Unknown,50m Backstroke,19,00:27.73
Female,Unknown,100m Backstroke,19,00:59.50
Female,Unknown,200m Backstroke,19,02:08.05
Female,Unknown,200m Individual Medley,19,02:10.94
Female,Unknown,400m Individual Medley,19,04:37.47
Female,Unknown,50m Freestyle,18,00:24.85
Female,Unknown,100m Freestyle,18,00:54.13
Female,Unknown,200m Freestyle,18,01:57.33
Female,Unknown,400m Freestyle,18,04:06.60
Female,Unknown,800m Freestyle,18,08:25.55
Female,Unknown,1500m Freestyle,18,16:05.18
Female,Unknown,50m Breaststroke,18,00:30.97
Female,Unknown,100m Breaststroke,18,01:07.64
Female,Unknown,200m Breaststroke,18,02:25.50
Female,Unknown,50m Butterfly,18,00:26.17
Female,Unknown,100m Butterfly,18,00:58.21
Female,Unknown,200m Butterfly,18,02:09.12
Female,Unknown,50m Backstroke,18,00:28.15
Female,Unknown,100m Backstroke,18,01:00.41
Female,Unknown,200m Backstroke,18,02:10.00
Female,Unknown,200m Individual Medley,18,02:12.93
Female,Unknown,400m Individual Medley,18,04:41.70
Female,Unknown,50m Freestyle,17,00:25.22
Female,Unknown,100m Freestyle,17,00:54.94
Female,Unknown,200m Freestyle,17,01:59.09
Female,Unknown,400m Freestyle,17,04:10.30
Female,Unknown,800m Freestyle,17,08:33.13
Female,Unknown,1500m Freestyle,17,16:19.66
Female,Unknown,50m Butterfly,17,00:26.56
Female,Unknown,100m Butterfly,17,00:59.08
Female,Unknown,200m Butterfly,17,02:11.06
Female,Unknown,50m Backstroke,17,00:28.57
Female,Unknown,100m Backstroke,17,01:01.32
Female,Unknown,200m Backstroke,17,02:11.95
Female,Unknown,200m Individual Medley,17,02:14.92
Female,Unknown,400m Individual Medley,17,04:45.93
Female,Unknown,50m Freestyle,16,00:25.60
Female,Unknown,100m Freestyle,16,00:55.75
Female,Unknown,200m Freestyle,16,02:00.85
Female,Unknown,400m Freestyle,16,04:14.00
Female,Unknown,800m Freestyle,16,08:40.72
Female,Unknown,1500m Freestyle,16,16:34.14
Female,Unknown,50m Butterfly,16,00:26.96
Female,Unknown,100m Butterfly,16,00:59.96
Female,Unknown,200m Butterfly,16,02:12.99
Female,Unknown,50m Backstroke,16,00:28.99
Female,Unknown,100m Backstroke,16,01:02.22
Female,Unknown,200m Backstroke,16,02:13.90
Female,Unknown,200m Individual Medley,16,02:16.92
Female,Unknown,400m Individual Medley,16,04:50.15
Female,Unknown,50m Freestyle,15,00:25.97
Female,Unknown,100m Freestyle,15,00:56.57
Female,Unknown,200m Freestyle,15,02:02.61
Female,Unknown,400m Freestyle,15,04:17.70
Female,Unknown,800m Freestyle,15,08:48.30
Female,Unknown,1500m Freestyle,15,16:48.61
Female,Unknown,50m Butterfly,15,00:27.35
Female,Unknown,100m Butterfly,15,01:00.83
Female,Unknown,200m Butterfly,15,02:14.93
Female,Unknown,50m Backstroke,15,00:29.42
Female,Unknown,100m Backstroke,15,01:03.13
Female,Unknown,200m Backstroke,15,02:15.85
Female,Unknown,200m Individual Medley,15,02:18.91
Female,Unknown,400m Individual Medley,15,04:54.38
Female,Unknown,50m Freestyle,14,00:26.34
Female,Unknown,100m Freestyle,14,00:57.38
Female,Unknown,200m Freestyle,14,02:04.37
Female,Unknown,400m Freestyle,14,04:21.40
Female,Unknown,800m Freestyle,14,08:55.88
Female,Unknown,1500m Freestyle,14,17:03.09
Female,Unknown,50m Butterfly,14,00:27.74
Female,Unknown,100m Butterfly,14,01:01.70
Female,Unknown,200m Butterfly,14,02:16.87
Female,Unknown,50m Backstroke,14,00:29.84
Female,Unknown,100m Backstroke,14,01:04.03
Female,Unknown,200m Backstroke,14,02:17.80
Female,Unknown,200m Individual Medley,14,02:20.91
Female,Unknown,400m Individual Medley,14,04:58.60
Female,Unknown,50m Freestyle,13,00:26.71
Female,Unknown,100m Freestyle,13,00:58.19
Female,Unknown,200m Freestyle,13,02:06.13
Female,Unknown,400m Freestyle,13,04:25.10
Female,Unknown,800m Freestyle,13,09:03.47
Female,Unknown,1500m Freestyle,13,17:17.57
Female,Unknown,50m Butterfly,13,00:28.13
Female,Unknown,100m Butterfly,13,01:02.58
Female,Unknown,200m Butterfly,13,02:18.80
Female,Unknown,50m Backstroke,13,00:30.26
Female,Unknown,100m Backstroke,13,01:04.94
Female,Unknown,200m Backstroke,13,02:19.75
Female,Unknown,200m Individual Medley,13,02:22.90
Female,Unknown,400m Individual Medley,13,05:02.83
Female,Unknown,50m Freestyle,12,00:27.09
Female,Unknown,100m Freestyle,12,00:59.00
Female,Unknown,200m Freestyle,12,02:07.89
Female,Unknown,400m Freestyle,12,04:28.79
Female,Unknown,800m Freestyle,12,09:11.05
Female,Unknown,1500m Freestyle,12,17:32.05
Female,Unknown,50m Butterfly,12,00:28.53
Female,Unknown,100m Butterfly,12,01:03.45
Female,Unknown,200m Butterfly,12,02:20.74
Female,Unknown,50m Backstroke,12,00:30.68
Female,Unknown,100m Backstroke,12,01:05.85
Female,Unknown,200m Backstroke,12,02:21.70
Female,Unknown,200m Individual Medley,12,02:24.89
Female,Unknown,400m Individual Medley,12,05:07.05
Female,Unknown,50m Freestyle,11,00:27.46
Female,Unknown,100m Freestyle,11,00:59.81
Female,Unknown,200m Freestyle,11,02:09.65
Female,Unknown,400m Freestyle,11,04:32.49
Female,Unknown,800m Freestyle,11,09:18.63
Female,Unknown,1500m Freestyle,11,17:46.52
Female,Unknown,50m Butterfly,11,00:28.92
Female,Unknown,100m Butterfly,11,01:04.32
Female,Unknown,200m Butterfly,11,02:22.68
Female,Unknown,50m Backstroke,11,00:31.11
Female,Unknown,100m Backstroke,11,01:06.75
Female,Unknown,200m Backstroke,11,02:23.65
Female,Unknown,200m Individual Medley,11,02:26.89
Female,Unknown,400m Individual Medley,11,05:11.28
Female,Unknown,50m Freestyle,10,00:27.83
Female,Unknown,100m Freestyle,10,01:00.63
Female,Unknown,200m Freestyle,10,02:11.41
Female,Unknown,400m Freestyle,10,04:36.19
Female,Unknown,800m Freestyle,10,09:26.22
Female,Unknown,1500m Freestyle,10,18:01.00
Female,Unknown,50m Butterfly,10,00:29.31
Female,Unknown,100m Butterfly,10,01:05.20
Female,Unknown,200m Butterfly,10,02:24.61
Female,Unknown,50m Backstroke,10,00:31.53
Female,Unknown,100m Backstroke,10,01:07.66
Female,Unknown,200m Backstroke,10,02:25.60
Female,Unknown,200m Individual Medley,10,02:28.88
Female,Unknown,400m Individual Medley,10,05:15.50
Female,Unknown,50m Freestyle,9,00:28.20
Female,Unknown,100m Freestyle,9,01:01.44
Female,Unknown,200m Freestyle,9,02:13.17
Female,Unknown,400m Freestyle,9,04:39.89
Female,Unknown,800m Freestyle,9,09:33.80
Female,Unknown,1500m Freestyle,9,18:15.48
Female,Unknown,50m Butterfly,9,00:29.70
Female,Unknown,100m Butterfly,9,01:06.07
Female,Unknown,200m Butterfly,9,02:26.55
Female,Unknown,50m Backstroke,9,00:31.95
Female,Unknown,100m Backstroke,9,01:08.57
Female,Unknown,200m Backstroke,9,02:27.55
Female,Unknown,200m Individual Medley,9,02:30.88
Female,Unknown,400m Individual Medley,9,05:19.73
Female,Unknown,50m Freestyle,8,00:28.58
Female,Unknown,100m Freestyle,8,01:02.25
Female,Unknown,200m Freestyle,8,02:14.93
Female,Unknown,400m Freestyle,8,04:43.59
Female,Unknown,800m Freestyle,8,09:41.38
Female,Unknown,1500m Freestyle,8,18:29.96
Female,Unknown,50m Butterfly,8,00:30.10
Female,Unknown,100m Butterfly,8,01:06.94
Female,Unknown,200m Butterfly,8,02:28.49
Female,Unknown,50m Backstroke,8,00:32.37
Female,Unknown,100m Backstroke,8,01:09.47
Female,Unknown,200m Backstroke,8,02:29.50
Female,Unknown,200m Individual Medley,8,02:32.87
Female,Unknown,400m Individual Medley,8,05:23.95
Female,Unknown,50m Freestyle,7,00:28.95
Female,Unknown,100m Freestyle,7,01:03.06
Female,Unknown,200m Freestyle,7,02:16.69
Female,Unknown,400m Freestyle,7,04:47.29
Female,Unknown,800m Freestyle,7,09:48.97
Female,Unknown,1500m Freestyle,7,18:44.43
Female,Unknown,50m Butterfly,7,00:30.49
Female,Unknown,100m Butterfly,7,01:07.81
Female,Unknown,200m Butterfly,7,02:30.42
Female,Unknown,50m Backstroke,7,00:32.79
Female,Unknown,100m Backstroke,7,01:10.38
Female,Unknown,200m Backstroke,7,02:31.45
Female,Unknown,200m Individual Medley,7,02:34.86
Female,Unknown,400m Individual Medley,7,05:28.18
Female,Unknown,50m Freestyle,6,00:29.32
Female,Unknown,100m Freestyle,6,01:03.87
Female,Unknown,200m Freestyle,6,02:18.45
Female,Unknown,400m Freestyle,6,04:50.99
Female,Unknown,800m Freestyle,6,09:56.55
Female,Unknown,1500m Freestyle,6,18:58.91
Female,Unknown,50m Butterfly,6,00:30.88
Female,Unknown,100m Butterfly,6,01:08.69
Female,Unknown,200m Butterfly,6,02:32.36
Female,Unknown,50m Backstroke,6,00:33.22
Female,Unknown,100m Backstroke,6,01:11.28
Female,Unknown,200m Backstroke,6,02:33.40
Female,Unknown,200m Individual Medley,6,02:36.86
Female,Unknown,400m Individual Medley,6,05:32.41
Female,Unknown,50m Freestyle,5,00:29.70
Female,Unknown,100m Freestyle,5,01:04.69
Female,Unknown,200m Freestyle,5,02:20.21
Female,Unknown,400m Freestyle,5,04:54.69
Female,Unknown,800m Freestyle,5,10:04.13
Female,Unknown,1500m Freestyle,5,19:13.39
Female,Unknown,50m Butterfly,5,00:31.27
Female,Unknown,100m Butterfly,5,01:09.56
Female,Unknown,200m Butterfly,5,02:34.30
Female,Unknown,50m Backstroke,5,00:33.64
Female,Unknown,100m Backstroke,5,01:12.19
Female,Unknown,200m Backstroke,5,02:35.35
Female,Unknown,200m Individual Medley,5,02:38.85
Female,Unknown,400m Individual Medley,5,05:36.63
Female,Unknown,50m Freestyle,4,00:30.07
Female,Unknown,100m Freestyle,4,01:05.50
Female,Unknown,200m Freestyle,4,02:21.97
Female,Unknown,400m Freestyle,4,04:58.39
Female,Unknown,800m Freestyle,4,10:11.72
Female,Unknown,1500m Freestyle,4,19:27.87
Female,Unknown,50m Butterfly,4,00:31.67
Female,Unknown,100m Butterfly,4,01:10.43
Female,Unknown,200m Butterfly,4,02:36.24
Female,Unknown,50m Backstroke,4,00:34.06
Female,Unknown,100m Backstroke,4,01:13.10
Female,Unknown,200m Backstroke,4,02:37.30
Female,Unknown,200m Individual Medley,4,02:40.85
Female,Unknown,400m Individual Medley,4,05:40.86
Female,Unknown,50m Freestyle,3,00:30.44
Female,Unknown,100m Freestyle,3,01:06.31
Female,Unknown,200m Freestyle,3,02:23.73
Female,Unknown,400m Freestyle,3,05:02.09
Female,Unknown,800m Freestyle,3,10:19.30
Female,Unknown,1500m Freestyle,3,19:42.35
Female,Unknown,50m Butterfly,3,00:32.06
Female,Unknown,100m Butterfly,3,01:11.31
Female,Unknown,200m Butterfly,3,02:38.17
Female,Unknown,50m Backstroke,3,00:34.48
Female,Unknown,100m Backstroke,3,01:14.00
Female,Unknown,200m Backstroke,3,02:39.25
Female,Unknown,200m Individual Medley,3,02:42.84
Female,Unknown,400m Individual Medley,3,05:45.08
Female,Unknown,50m Freestyle,2,00:30.81
Female,Unknown,100m Freestyle,2,01:07.12
Female,Unknown,200m Freestyle,2,02:25.49
Female,Unknown,400m Freestyle,2,05:05.78
Female,Unknown,800m Freestyle,2,10:26.88
Female,Unknown,1500m Freestyle,2,19:56.82
Female,Unknown,50m Butterfly,2,00:32.45
Female,Unknown,100m Butterfly,2,01:12.18
Female,Unknown,200m Butterfly,2,02:40.11
Female,Unknown,50m Backstroke,2,00:34.91
Female,Unknown,100m Backstroke,2,01:14.91
Female,Unknown,200m Backstroke,2,02:41.20
Female,Unknown,200m Individual Medley,2,02:44.83
Female,Unknown,400m Individual Medley,2,05:49.31
Female,Unknown,50m Freestyle,1,00:31.19
Female,Unknown,100m Freestyle,1,01:07.93
Female,Unknown,200m Freestyle,1,02:27.25
Female,Unknown,400m Freestyle,1,05:09.48
Female,Unknown,800m Freestyle,1,10:34.47
Female,Unknown,1500m Freestyle,1,20:11.30
Female,Unknown,50m Butterfly,1,00:32.84
Female,Unknown,100m Butterfly,1,01:13.05
Female,Unknown,200m Butterfly,1,02:42.05
Female,Unknown,50m Backstroke,1,00:35.33
Female,Unknown,100m Backstroke,1,01:15.81
Female,Unknown,200m Backstroke,1,02:43.15
Female,Unknown,200m Individual Medley,1,02:46.83
Female,Unknown,400m Individual Medley,1,05:53.53
